"Path","Slice Name","Alias(s)","Label","Min","Max","Must Support?","Is Modifier?","Is Summary?","Type(s)","Short","Definition","Comments","Requirements","Default Value","Meaning When Missing","Fixed Value","Pattern","Example","Minimum Value","Maximum Value","Maximum Length","Binding Strength","Binding Description","Binding Value Set","Code","Slicing Discriminator","Slicing Description","Slicing Ordered","Slicing Rules","Base Path","Base Min","Base Max","Condition(s)","Constraint(s)","Mapping: FHIR","Mapping: RIM Mapping"
"Forecast","","","",1,1,"","","","","Subject's immunization forecast","Subject's immunization forecast","","","","","","","","","",,,,,"",,,,"Element",0,*,"ele-1
","ele-1:All FHIR elements must have a @value or children {hasValue() or (children().count() > id.count())}
","n/a"
"Forecast.id","","","",0,1,"","","","string {[]} {[]}
","Unique id for inter-element referencing","Unique id for the element within a resource (for internal references). This may be any string value that does not contain spaces.","","","","","","","","","",,,,,"",,,,"Element.id",0,1,"","","n/a"
"Forecast.extension","","extensions
user content","",0,*,"","","","Extension {[]} {[]}
","Additional content defined by implementations","May be used to represent additional information that is not part of the basic definition of the element. To make the use of extensions safe and manageable, there is a strict set of governance  applied to the definition and use of extensions. Though any implementer can define an extension, there is a set of requirements that SHALL be met as part of the definition of the extension.","There can be no stigma associated with the use of extensions by any application, project, or standard - regardless of the institution or jurisdiction that uses or defines the extensions.  The use of extensions is what allows the FHIR specification to retain a core level of simplicity for everyone.","","","","","","","","",,,,,"","value:url}
","Extensions are always sliced by (at least) url",,"open","Element.extension",0,*,"","ele-1:All FHIR elements must have a @value or children {hasValue() or (children().count() > id.count())}
ext-1:Must have either extensions or value[x], not both {extension.exists() != value.exists()}","n/a"
"Forecast.forecast.creationDate","","","",0,1,"","","","dateTime {[]} {[]}
","Immunization Forecast Status Generated Date","The date the subject's Immunization Forecast Status was generated
The date the subject's Immunization Forecast Status was generated may not be the same as the Immunization Forecast Date.","","","","","","","","","",,,,,"",,,,"Forecast.forecast.creationDate",0,1,"","","ImmunizationRecommendation.date"
"Forecast.forecast.status","","","",0,1,"","","","CodeableConcept {[]} {[]}
","Immunization Forecast Status","Represents the subject's requirement type for a particular Medicinal Immunizing Product.
Provides the status of a subject towards immunity against a Vaccine Preventable Disease.  Values may include due, overdue, no longer recommended etc.)  A subject's immunization forecast status changes over time and is dependent on the interval of time between immunizations, the subject's age and other risk factors (e.g. pregnancy).  ","","","","","","","","","",,,,,"",,,,"Forecast.forecast.status",0,1,"","","ImmunizationRecommendation.recommendation.forecastStatus"
"Forecast.forecast.description","","","",0,1,"","","","string {[]} {[]}
","Immunization Forecast Description","Represents the description of the protocol as determined by the Organization Responsible for Immunization Administration that pertains to the subject.
This information assists the clinician and subject in understanding the Immunization Forecast Status.  (e.g., Recommend 3 doses of the HPV vaccine starting at age 15 years)","","","","","","","","","",,,,,"",,,,"Forecast.forecast.description",0,1,"","","ImmunizationRecommendation.description"
"Forecast.forecast.supportingInformation","","","",0,1,"","","","string {[]} {[]}
","Immunization Forecast Supporting Information","Represents subject information that supports requirements related to a forecasted immunization event.
This includes elaboration of the Immunization Forecast Status, Immunization Forecast Description, observations, adverse reactions etc..","","","","","","","","","",,,,,"",,,,"Forecast.forecast.supportingInformation",0,1,"","","ImmunizationRecommendation.supportingPatientInformation","ImmunizationRecommendation.supportingImmunization"
"Forecast.forecast.date","","","",0,*,"","","","BackboneElement {[]} {[]}
","Immunization Forecast Date","Represents the description of the protocol as determined by the Organization Responsible for Immunization Administration that pertains to the subject.","","","","","","","","","",,,,,"",,,,"Forecast.forecast.date",0,*,"","","ImmunizationRecommendation.recommendation.dateCriterion"
"Forecast.forecast.date.type","","","",0,1,"","","","CodeableConcept {[]} {[]}
","Immunization Forecast Date Type","Type of date classification pertinent to the administration of the forecasted immunization event.  
This data element must align and be used with Immunization Forecast Date data element.  Examples of values to support this data element include: the earliest due date, latest due date (the recommended date) for administration of the vaccine.","","","","","","","","","",,,,,"",,,,"Forecast.forecast.date.type",0,1,"","","ImmunizationRecommendation.recommendation.dateCriterion.code"
"Forecast.forecast.date.value","","","",0,1,"","","","dateTime {[]} {[]}
","Immunization Forecast Date","The date provided in the subject's immunization forecast whose meaning relates to the Immunization Forecast Date Type.
This data element must align and be used with the Immunization Forecast Date Type data element.","","","","","","","","","",,,,,"",,,,"Forecast.forecast.date.value",0,1,"","","ImmunizationRecommendation.recommendation.dateCriterion.value"
