<?xml version="1.0" encoding="UTF-8"?>

<CodeSystem xmlns="http://hl7.org/fhir">
  <id value="conformance-5384"/>
  <text>
    <status value="generated"/><div xmlns="http://www.w3.org/1999/xhtml">Requirement Descriptors for the ISO TS 5384</div>
  </text>
  <url value="http://iso.org/fhir/ts-5384/CodeSystem/conformance-5384"/>
  <version value="0.0.1"/>
  <name value="CsConformance"/>
  <title value="ISO TS 5384 Conformance Rules"/>
  <status value="draft"/>
  <experimental value="false"/>
  <date value="2021-04-16T19:28:29+00:00"/>
  <publisher value="ISO"/>
  <contact>
    <telecom>
      <system value="url"/>
      <value value="https://www.iso.int"/>
    </telecom>
  </contact>
  <description value="Requirement Descriptors for the ISO TS 5384."/>
  <jurisdiction>
    <coding>
      <system value="http://unstats.un.org/unsd/methods/m49/m49.htm"/>
      <code value="001"/>
    </coding>
  </jurisdiction>
  <caseSensitive value="true"/>
  <valueSet value="http://iso.org/fhir/ts-5384/ValueSet/conformance-5384"/>
  <content value="complete"/>
  <concept>
    <code value="M"/>
    <display value="Mandatory (exceptions not allowed)"/>
    <definition value="A mandatory element shall always be present and - where applicable (by use case) - shall be valorised with valid values. No exceptions or empty/null values are allowed in this case.\n Recipient shall understand mandatory elements."/>
  </concept>
  <concept>
    <code value="R"/>
    <display value="Required (exceptions allowed)"/>
    <definition value="A required element shall always be present and - where applicable (by use case)- should be valorised with valid values. Exceptions or empty/null values are allowed in this case.\n Recipient shall understand required elements."/>
  </concept>
  <concept>
    <code value="RK"/>
    <display value="Required, if known"/>
    <definition value="A &#x201C;Required if known&#x201D; element is one that should be provided (dependent on the use case).  If there is information available, the element must be present and - where applicable - valorised with valid values.  If there is no information available, the element may be omitted, may be left empty, or may be valorised with exceptional or null values depending on the implementation.  Recipient shall understand required elements."/>
  </concept>
  <concept>
    <code value="C"/>
    <display value="Conditional (has associated condition predicates)"/>
    <definition value="Depending on predicate conditions the element may assume different conformance strengths (e.g. O, R, RK) or not being present.  A predicate can be simple (for example: &#xAB;element A exists&#xBB;; &#xAB;attribute b = value1&#xBB;) or complex (for example: &#xAB;element C exists&#xBB; AND &#xAB;the attribute x of element D = value2).  A conditional element may be evaluated on a single condition (if predicate A then &#x2018;Required&#x2019; else &#x2018;Optional&#x2019;) or on multiple conditions (e.g. if predicate A then &#x2018;Required&#x2019;; if predicate B then &#x2018;Optional&#x2019;; else &#x2018;Not Present&#x2019;).  The resulting conformance strength (M, R, RK, O, ...) is determined by the conditions.  Recipient shall understand conditional elements, when required. For example, a conditional element that could be optional or not present could be ignored by a recipient. Depending on the conditions, exception is or is not raised if the data are missing."/>
  </concept>
  <concept>
    <code value="O"/>
    <display value="Optional"/>
    <definition value="This data element, dependent on the use case can be omitted.  The reason for specifying the optional data elements is to ensure that both sender and recipient use the appropriate semantic interpretation of these elements.  No exception is raised if the data are missing."/>
  </concept>
  <concept>
    <code value="NR"/>
    <display value="Not Required"/>
    <definition value="This data element should be omitted where indicated by use case."/>
  </concept>
</CodeSystem>