<?xml version="1.0" encoding="UTF-8"?><StructureDefinition xmlns="http://hl7.org/fhir"><id value="Vaccination-new"/><text><status value="extensions"/><div xmlns="http://www.w3.org/1999/xhtml"><table border="0" cellpadding="0" cellspacing="0" style="border: 0px #F0F0F0 solid; font-size: 11px; font-family: verdana; vertical-align: top;"><tr style="border: 1px #F0F0F0 solid; font-size: 11px; font-family: verdana; vertical-align: top"><th style="vertical-align: top; text-align : left; background-color: white; border: 0px #F0F0F0 solid; padding:0px 4px 0px 4px" class="hierarchy"><a href="http://hl7.org/fhir/R4/formats.html#table" title="The logical name of the element">Name</a></th><th style="vertical-align: top; text-align : left; background-color: white; border: 0px #F0F0F0 solid; padding:0px 4px 0px 4px" class="hierarchy"><a href="http://hl7.org/fhir/R4/formats.html#table" title="Information about the use of the element">Flags</a></th><th style="vertical-align: top; text-align : left; background-color: white; border: 0px #F0F0F0 solid; padding:0px 4px 0px 4px" class="hierarchy"><a href="http://hl7.org/fhir/R4/formats.html#table" title="Minimum and Maximum # of times the the element can appear in the instance">Card.</a></th><th style="width: 100px" class="hierarchy"><a href="http://hl7.org/fhir/R4/formats.html#table" title="Reference to the type of the element">Type</a></th><th style="vertical-align: top; text-align : left; background-color: white; border: 0px #F0F0F0 solid; padding:0px 4px 0px 4px" class="hierarchy"><a href="http://hl7.org/fhir/R4/formats.html#table" title="Additional information about the element">Description &amp; Constraints</a><span style="float: right"><a href="http://hl7.org/fhir/R4/formats.html#table" title="Legend for this format"><img src="http://hl7.org/fhir/R4/help16.png" alt="doco" style="background-color: inherit"/></a></span></th></tr><tr style="border: 0px #F0F0F0 solid; padding:0px; vertical-align: top; background-color: white"><td style="vertical-align: top; text-align : left; background-color: white; border: 0px #F0F0F0 solid; padding:0px 4px 0px 4px; white-space: nowrap; background-image: url(tbl_bck1.png)" class="hierarchy"><img src="tbl_spacer.png" alt="." style="background-color: inherit" class="hierarchy"/><img src="icon_element.gif" alt="." style="background-color: white; background-color: inherit" title="Element" class="hierarchy"/> <a href="StructureDefinition-Vaccination-new-definitions.html#Vaccination-new" title="Vaccination">Vaccination-new</a><a name="Vaccination-new"> </a></td><td style="vertical-align: top; text-align : left; background-color: white; border: 0px #F0F0F0 solid; padding:0px 4px 0px 4px" class="hierarchy"/><td style="vertical-align: top; text-align : left; background-color: white; border: 0px #F0F0F0 solid; padding:0px 4px 0px 4px" class="hierarchy">1..1</td><td style="vertical-align: top; text-align : left; background-color: white; border: 0px #F0F0F0 solid; padding:0px 4px 0px 4px" class="hierarchy"><a href="http://hl7.org/fhir/R4/datatypes.html#Element">Element</a></td><td style="vertical-align: top; text-align : left; background-color: white; border: 0px #F0F0F0 solid; padding:0px 4px 0px 4px" class="hierarchy">Vaccination</td></tr>
<tr style="border: 0px #F0F0F0 solid; padding:0px; vertical-align: top; background-color: #F7F7F7"><td style="vertical-align: top; text-align : left; background-color: #F7F7F7; border: 0px #F0F0F0 solid; padding:0px 4px 0px 4px; white-space: nowrap; background-image: url(tbl_bck10.png)" class="hierarchy"><img src="tbl_spacer.png" alt="." style="background-color: inherit" class="hierarchy"/><img src="tbl_vjoin.png" alt="." style="background-color: inherit" class="hierarchy"/><img src="icon_primitive.png" alt="." style="background-color: #F7F7F7; background-color: inherit" title="Primitive Data Type" class="hierarchy"/> <a href="StructureDefinition-Vaccination-new-definitions.html#Vaccination-new.recordedDate" title="When the immunization was first captured in the subject&#39;s record">recordedDate</a><a name="Vaccination-new.recordedDate"> </a></td><td style="vertical-align: top; text-align : left; background-color: #F7F7F7; border: 0px #F0F0F0 solid; padding:0px 4px 0px 4px" class="hierarchy"/><td style="vertical-align: top; text-align : left; background-color: #F7F7F7; border: 0px #F0F0F0 solid; padding:0px 4px 0px 4px" class="hierarchy">0..1</td><td style="vertical-align: top; text-align : left; background-color: #F7F7F7; border: 0px #F0F0F0 solid; padding:0px 4px 0px 4px" class="hierarchy"><a href="http://hl7.org/fhir/R4/datatypes.html#dateTime">dateTime</a></td><td style="vertical-align: top; text-align : left; background-color: #F7F7F7; border: 0px #F0F0F0 solid; padding:0px 4px 0px 4px" class="hierarchy">Recorded Date</td></tr>
<tr style="border: 0px #F0F0F0 solid; padding:0px; vertical-align: top; background-color: white"><td style="vertical-align: top; text-align : left; background-color: white; border: 0px #F0F0F0 solid; padding:0px 4px 0px 4px; white-space: nowrap; background-image: url(tbl_bck10.png)" class="hierarchy"><img src="tbl_spacer.png" alt="." style="background-color: inherit" class="hierarchy"/><img src="tbl_vjoin.png" alt="." style="background-color: inherit" class="hierarchy"/><img src="icon_datatype.gif" alt="." style="background-color: white; background-color: inherit" title="Data Type" class="hierarchy"/> <a href="StructureDefinition-Vaccination-new-definitions.html#Vaccination-new.source" title="Source of information regarding the reported immunization event.">source</a><a name="Vaccination-new.source"> </a></td><td style="vertical-align: top; text-align : left; background-color: white; border: 0px #F0F0F0 solid; padding:0px 4px 0px 4px" class="hierarchy"/><td style="vertical-align: top; text-align : left; background-color: white; border: 0px #F0F0F0 solid; padding:0px 4px 0px 4px" class="hierarchy">0..*</td><td style="vertical-align: top; text-align : left; background-color: white; border: 0px #F0F0F0 solid; padding:0px 4px 0px 4px" class="hierarchy"><a href="http://hl7.org/fhir/R4/datatypes.html#BackboneElement">BackboneElement</a></td><td style="vertical-align: top; text-align : left; background-color: white; border: 0px #F0F0F0 solid; padding:0px 4px 0px 4px" class="hierarchy">Immunization Reporting Source<br/></td></tr>
<tr style="border: 0px #F0F0F0 solid; padding:0px; vertical-align: top; background-color: #F7F7F7"><td style="vertical-align: top; text-align : left; background-color: #F7F7F7; border: 0px #F0F0F0 solid; padding:0px 4px 0px 4px; white-space: nowrap; background-image: url(tbl_bck10.png)" class="hierarchy"><img src="tbl_spacer.png" alt="." style="background-color: inherit" class="hierarchy"/><img src="tbl_vjoin.png" alt="." style="background-color: inherit" class="hierarchy"/><img src="icon_primitive.png" alt="." style="background-color: #F7F7F7; background-color: inherit" title="Primitive Data Type" class="hierarchy"/> <a href="StructureDefinition-Vaccination-new-definitions.html#Vaccination-new.given" title="Provides the status of the immunization event, i.e., was the vaccine dose administered?">given</a><a name="Vaccination-new.given"> </a></td><td style="vertical-align: top; text-align : left; background-color: #F7F7F7; border: 0px #F0F0F0 solid; padding:0px 4px 0px 4px" class="hierarchy"/><td style="vertical-align: top; text-align : left; background-color: #F7F7F7; border: 0px #F0F0F0 solid; padding:0px 4px 0px 4px" class="hierarchy">0..*</td><td style="vertical-align: top; text-align : left; background-color: #F7F7F7; border: 0px #F0F0F0 solid; padding:0px 4px 0px 4px" class="hierarchy"><a href="http://hl7.org/fhir/R4/datatypes.html#boolean">boolean</a></td><td style="vertical-align: top; text-align : left; background-color: #F7F7F7; border: 0px #F0F0F0 solid; padding:0px 4px 0px 4px" class="hierarchy">Immunization Administration Status<br/></td></tr>
<tr style="border: 0px #F0F0F0 solid; padding:0px; vertical-align: top; background-color: white"><td style="vertical-align: top; text-align : left; background-color: white; border: 0px #F0F0F0 solid; padding:0px 4px 0px 4px; white-space: nowrap; background-image: url(tbl_bck10.png)" class="hierarchy"><img src="tbl_spacer.png" alt="." style="background-color: inherit" class="hierarchy"/><img src="tbl_vjoin.png" alt="." style="background-color: inherit" class="hierarchy"/><img src="icon_datatype.gif" alt="." style="background-color: white; background-color: inherit" title="Data Type" class="hierarchy"/> <a href="StructureDefinition-Vaccination-new-definitions.html#Vaccination-new.reasonNotGiven" title="Indicates the reason the immunization event was not performed.">reasonNotGiven</a><a name="Vaccination-new.reasonNotGiven"> </a></td><td style="vertical-align: top; text-align : left; background-color: white; border: 0px #F0F0F0 solid; padding:0px 4px 0px 4px" class="hierarchy"/><td style="vertical-align: top; text-align : left; background-color: white; border: 0px #F0F0F0 solid; padding:0px 4px 0px 4px" class="hierarchy">0..*</td><td style="vertical-align: top; text-align : left; background-color: white; border: 0px #F0F0F0 solid; padding:0px 4px 0px 4px" class="hierarchy"><a href="http://hl7.org/fhir/R4/datatypes.html#CodeableConcept">CodeableConcept</a></td><td style="vertical-align: top; text-align : left; background-color: white; border: 0px #F0F0F0 solid; padding:0px 4px 0px 4px" class="hierarchy">Reason not done<br/></td></tr>
<tr style="border: 0px #F0F0F0 solid; padding:0px; vertical-align: top; background-color: #F7F7F7"><td style="vertical-align: top; text-align : left; background-color: #F7F7F7; border: 0px #F0F0F0 solid; padding:0px 4px 0px 4px; white-space: nowrap; background-image: url(tbl_bck10.png)" class="hierarchy"><img src="tbl_spacer.png" alt="." style="background-color: inherit" class="hierarchy"/><img src="tbl_vjoin.png" alt="." style="background-color: inherit" class="hierarchy"/><img src="icon_datatype.gif" alt="." style="background-color: #F7F7F7; background-color: inherit" title="Data Type" class="hierarchy"/> <a href="StructureDefinition-Vaccination-new-definitions.html#Vaccination-new.indication" title="Indicates the reason the immunization event was performed.">indication</a><a name="Vaccination-new.indication"> </a></td><td style="vertical-align: top; text-align : left; background-color: #F7F7F7; border: 0px #F0F0F0 solid; padding:0px 4px 0px 4px" class="hierarchy"/><td style="vertical-align: top; text-align : left; background-color: #F7F7F7; border: 0px #F0F0F0 solid; padding:0px 4px 0px 4px" class="hierarchy">0..*</td><td style="vertical-align: top; text-align : left; background-color: #F7F7F7; border: 0px #F0F0F0 solid; padding:0px 4px 0px 4px" class="hierarchy"><a href="http://hl7.org/fhir/R4/datatypes.html#CodeableConcept">CodeableConcept</a></td><td style="vertical-align: top; text-align : left; background-color: #F7F7F7; border: 0px #F0F0F0 solid; padding:0px 4px 0px 4px" class="hierarchy">Why immunization occurred<br/></td></tr>
<tr style="border: 0px #F0F0F0 solid; padding:0px; vertical-align: top; background-color: white"><td style="vertical-align: top; text-align : left; background-color: white; border: 0px #F0F0F0 solid; padding:0px 4px 0px 4px; white-space: nowrap; background-image: url(tbl_bck10.png)" class="hierarchy"><img src="tbl_spacer.png" alt="." style="background-color: inherit" class="hierarchy"/><img src="tbl_vjoin.png" alt="." style="background-color: inherit" class="hierarchy"/><img src="icon_datatype.gif" alt="." style="background-color: white; background-color: inherit" title="Data Type" class="hierarchy"/> <a href="StructureDefinition-Vaccination-new-definitions.html#Vaccination-new.targetDisease" title="The disease that the vaccination provides protection against.">targetDisease</a><a name="Vaccination-new.targetDisease"> </a></td><td style="vertical-align: top; text-align : left; background-color: white; border: 0px #F0F0F0 solid; padding:0px 4px 0px 4px" class="hierarchy"/><td style="vertical-align: top; text-align : left; background-color: white; border: 0px #F0F0F0 solid; padding:0px 4px 0px 4px" class="hierarchy">0..*</td><td style="vertical-align: top; text-align : left; background-color: white; border: 0px #F0F0F0 solid; padding:0px 4px 0px 4px" class="hierarchy"><a href="http://hl7.org/fhir/R4/datatypes.html#CodeableConcept">CodeableConcept</a></td><td style="vertical-align: top; text-align : left; background-color: white; border: 0px #F0F0F0 solid; padding:0px 4px 0px 4px" class="hierarchy">Vaccine Preventable Disease<br/></td></tr>
<tr style="border: 0px #F0F0F0 solid; padding:0px; vertical-align: top; background-color: #F7F7F7"><td style="vertical-align: top; text-align : left; background-color: #F7F7F7; border: 0px #F0F0F0 solid; padding:0px 4px 0px 4px; white-space: nowrap; background-image: url(tbl_bck10.png)" class="hierarchy"><img src="tbl_spacer.png" alt="." style="background-color: inherit" class="hierarchy"/><img src="tbl_vjoin.png" alt="." style="background-color: inherit" class="hierarchy"/><img src="icon_datatype.gif" alt="." style="background-color: #F7F7F7; background-color: inherit" title="Data Type" class="hierarchy"/> <a href="StructureDefinition-Vaccination-new-definitions.html#Vaccination-new.vaccineType" title="Generic representation of the formulation administered to a subject that includes one or more specific antigen(s) aimed at developing an immune response in an individual to provide protection from a vaccine preventable disease(s). E.g. Generic description of the vaccine/Vaccine component(s) Example: J07BX03 covid-19 vaccines (temporary code, to be implemented in ATC 2022) 1119349007 | COVID-19 mRNA vaccine | 1119305005 | COVID-19 antigen vaccine |">vaccineType</a><a name="Vaccination-new.vaccineType"> </a></td><td style="vertical-align: top; text-align : left; background-color: #F7F7F7; border: 0px #F0F0F0 solid; padding:0px 4px 0px 4px" class="hierarchy"/><td style="vertical-align: top; text-align : left; background-color: #F7F7F7; border: 0px #F0F0F0 solid; padding:0px 4px 0px 4px" class="hierarchy">0..*</td><td style="vertical-align: top; text-align : left; background-color: #F7F7F7; border: 0px #F0F0F0 solid; padding:0px 4px 0px 4px" class="hierarchy"><a href="http://hl7.org/fhir/R4/datatypes.html#CodeableConcept">CodeableConcept</a></td><td style="vertical-align: top; text-align : left; background-color: #F7F7F7; border: 0px #F0F0F0 solid; padding:0px 4px 0px 4px" class="hierarchy">Vaccine type (prophylaxis, generic immunizing Agent)<br/></td></tr>
<tr style="border: 0px #F0F0F0 solid; padding:0px; vertical-align: top; background-color: white"><td style="vertical-align: top; text-align : left; background-color: white; border: 0px #F0F0F0 solid; padding:0px 4px 0px 4px; white-space: nowrap; background-image: url(tbl_bck10.png)" class="hierarchy"><img src="tbl_spacer.png" alt="." style="background-color: inherit" class="hierarchy"/><img src="tbl_vjoin.png" alt="." style="background-color: inherit" class="hierarchy"/><img src="icon_resource.png" alt="." style="background-color: white; background-color: inherit" title="Resource" class="hierarchy"/> <a href="StructureDefinition-Vaccination-new-definitions.html#Vaccination-new.subject" title="Person that have or should have been vaccinated">subject</a><a name="Vaccination-new.subject"> </a></td><td style="vertical-align: top; text-align : left; background-color: white; border: 0px #F0F0F0 solid; padding:0px 4px 0px 4px" class="hierarchy"/><td style="vertical-align: top; text-align : left; background-color: white; border: 0px #F0F0F0 solid; padding:0px 4px 0px 4px" class="hierarchy">0..1</td><td style="vertical-align: top; text-align : left; background-color: white; border: 0px #F0F0F0 solid; padding:0px 4px 0px 4px" class="hierarchy"><a href="StructureDefinition-Subject.html">Subject</a></td><td style="vertical-align: top; text-align : left; background-color: white; border: 0px #F0F0F0 solid; padding:0px 4px 0px 4px" class="hierarchy">Subject</td></tr>
<tr style="border: 0px #F0F0F0 solid; padding:0px; vertical-align: top; background-color: #F7F7F7"><td style="vertical-align: top; text-align : left; background-color: #F7F7F7; border: 0px #F0F0F0 solid; padding:0px 4px 0px 4px; white-space: nowrap; background-image: url(tbl_bck10.png)" class="hierarchy"><img src="tbl_spacer.png" alt="." style="background-color: inherit" class="hierarchy"/><img src="tbl_vjoin.png" alt="." style="background-color: inherit" class="hierarchy"/><img src="icon_resource.png" alt="." style="background-color: #F7F7F7; background-color: inherit" title="Resource" class="hierarchy"/> <a href="StructureDefinition-Vaccination-new-definitions.html#Vaccination-new.product" title="A product  that have or should have been administered to a subject that includes one or more specific antigen(s) aimed at developing an immune response in an individual to provide protection from a vaccine preventable disease(s).  ">product</a><a name="Vaccination-new.product"> </a></td><td style="vertical-align: top; text-align : left; background-color: #F7F7F7; border: 0px #F0F0F0 solid; padding:0px 4px 0px 4px" class="hierarchy"/><td style="vertical-align: top; text-align : left; background-color: #F7F7F7; border: 0px #F0F0F0 solid; padding:0px 4px 0px 4px" class="hierarchy">0..*</td><td style="vertical-align: top; text-align : left; background-color: #F7F7F7; border: 0px #F0F0F0 solid; padding:0px 4px 0px 4px" class="hierarchy"><a href="StructureDefinition-Product.html">Product</a></td><td style="vertical-align: top; text-align : left; background-color: #F7F7F7; border: 0px #F0F0F0 solid; padding:0px 4px 0px 4px" class="hierarchy">Administrable Product<br/></td></tr>
<tr style="border: 0px #F0F0F0 solid; padding:0px; vertical-align: top; background-color: white"><td style="vertical-align: top; text-align : left; background-color: white; border: 0px #F0F0F0 solid; padding:0px 4px 0px 4px; white-space: nowrap; background-image: url(tbl_bck11.png)" class="hierarchy"><img src="tbl_spacer.png" alt="." style="background-color: inherit" class="hierarchy"/><img src="tbl_vjoin.png" alt="." style="background-color: inherit" class="hierarchy"/><img src="icon_datatype.gif" alt="." style="background-color: white; background-color: inherit" title="Data Type" class="hierarchy"/> <a href="StructureDefinition-Vaccination-new-definitions.html#Vaccination-new.administration" title="Immunization Administration">administration</a><a name="Vaccination-new.administration"> </a></td><td style="vertical-align: top; text-align : left; background-color: white; border: 0px #F0F0F0 solid; padding:0px 4px 0px 4px" class="hierarchy"/><td style="vertical-align: top; text-align : left; background-color: white; border: 0px #F0F0F0 solid; padding:0px 4px 0px 4px" class="hierarchy">0..1</td><td style="vertical-align: top; text-align : left; background-color: white; border: 0px #F0F0F0 solid; padding:0px 4px 0px 4px" class="hierarchy"><a href="http://hl7.org/fhir/R4/datatypes.html#BackboneElement">BackboneElement</a></td><td style="vertical-align: top; text-align : left; background-color: white; border: 0px #F0F0F0 solid; padding:0px 4px 0px 4px" class="hierarchy">Immunization Administration</td></tr>
<tr style="border: 0px #F0F0F0 solid; padding:0px; vertical-align: top; background-color: #F7F7F7"><td style="vertical-align: top; text-align : left; background-color: #F7F7F7; border: 0px #F0F0F0 solid; padding:0px 4px 0px 4px; white-space: nowrap; background-image: url(tbl_bck111.png)" class="hierarchy"><img src="tbl_spacer.png" alt="." style="background-color: inherit" class="hierarchy"/><img src="tbl_vline.png" alt="." style="background-color: inherit" class="hierarchy"/><img src="tbl_vjoin.png" alt="." style="background-color: inherit" class="hierarchy"/><img src="icon_datatype.gif" alt="." style="background-color: #F7F7F7; background-color: inherit" title="Data Type" class="hierarchy"/> <a href="StructureDefinition-Vaccination-new-definitions.html#Vaccination-new.administration.date" title="The date the immunization was administered to the person. ">date</a><a name="Vaccination-new.administration.date"> </a></td><td style="vertical-align: top; text-align : left; background-color: #F7F7F7; border: 0px #F0F0F0 solid; padding:0px 4px 0px 4px" class="hierarchy"/><td style="vertical-align: top; text-align : left; background-color: #F7F7F7; border: 0px #F0F0F0 solid; padding:0px 4px 0px 4px" class="hierarchy">0..1</td><td style="vertical-align: top; text-align : left; background-color: #F7F7F7; border: 0px #F0F0F0 solid; padding:0px 4px 0px 4px" class="hierarchy"><a href="http://hl7.org/fhir/R4/datatypes.html#BackboneElement">BackboneElement</a></td><td style="vertical-align: top; text-align : left; background-color: #F7F7F7; border: 0px #F0F0F0 solid; padding:0px 4px 0px 4px" class="hierarchy">Date of Immunization Administration</td></tr>
<tr style="border: 0px #F0F0F0 solid; padding:0px; vertical-align: top; background-color: white"><td style="vertical-align: top; text-align : left; background-color: white; border: 0px #F0F0F0 solid; padding:0px 4px 0px 4px; white-space: nowrap; background-image: url(tbl_bck1110.png)" class="hierarchy"><img src="tbl_spacer.png" alt="." style="background-color: inherit" class="hierarchy"/><img src="tbl_vline.png" alt="." style="background-color: inherit" class="hierarchy"/><img src="tbl_vline.png" alt="." style="background-color: inherit" class="hierarchy"/><img src="tbl_vjoin.png" alt="." style="background-color: inherit" class="hierarchy"/><img src="icon_primitive.png" alt="." style="background-color: white; background-color: inherit" title="Primitive Data Type" class="hierarchy"/> <a href="StructureDefinition-Vaccination-new-definitions.html#Vaccination-new.administration.date.value" title="The date the immunization was administered to the person. ">value</a><a name="Vaccination-new.administration.date.value"> </a></td><td style="vertical-align: top; text-align : left; background-color: white; border: 0px #F0F0F0 solid; padding:0px 4px 0px 4px" class="hierarchy"/><td style="vertical-align: top; text-align : left; background-color: white; border: 0px #F0F0F0 solid; padding:0px 4px 0px 4px" class="hierarchy">0..1</td><td style="vertical-align: top; text-align : left; background-color: white; border: 0px #F0F0F0 solid; padding:0px 4px 0px 4px" class="hierarchy"><a href="http://hl7.org/fhir/R4/datatypes.html#dateTime">dateTime</a></td><td style="vertical-align: top; text-align : left; background-color: white; border: 0px #F0F0F0 solid; padding:0px 4px 0px 4px" class="hierarchy">Date of Immunization Administration</td></tr>
<tr style="border: 0px #F0F0F0 solid; padding:0px; vertical-align: top; background-color: #F7F7F7"><td style="vertical-align: top; text-align : left; background-color: #F7F7F7; border: 0px #F0F0F0 solid; padding:0px 4px 0px 4px; white-space: nowrap; background-image: url(tbl_bck1100.png)" class="hierarchy"><img src="tbl_spacer.png" alt="." style="background-color: inherit" class="hierarchy"/><img src="tbl_vline.png" alt="." style="background-color: inherit" class="hierarchy"/><img src="tbl_vline.png" alt="." style="background-color: inherit" class="hierarchy"/><img src="tbl_vjoin_end.png" alt="." style="background-color: inherit" class="hierarchy"/><img src="icon_datatype.gif" alt="." style="background-color: #F7F7F7; background-color: inherit" title="Data Type" class="hierarchy"/> <a href="StructureDefinition-Vaccination-new-definitions.html#Vaccination-new.administration.date.estimated" title="A flag to indicate the recorded date of the immunization was estimated.   ">estimated</a><a name="Vaccination-new.administration.date.estimated"> </a></td><td style="vertical-align: top; text-align : left; background-color: #F7F7F7; border: 0px #F0F0F0 solid; padding:0px 4px 0px 4px" class="hierarchy"/><td style="vertical-align: top; text-align : left; background-color: #F7F7F7; border: 0px #F0F0F0 solid; padding:0px 4px 0px 4px" class="hierarchy">0..1</td><td style="vertical-align: top; text-align : left; background-color: #F7F7F7; border: 0px #F0F0F0 solid; padding:0px 4px 0px 4px" class="hierarchy"><a href="http://hl7.org/fhir/R4/datatypes.html#BackboneElement">BackboneElement</a></td><td style="vertical-align: top; text-align : left; background-color: #F7F7F7; border: 0px #F0F0F0 solid; padding:0px 4px 0px 4px" class="hierarchy">Estimated Date Flag</td></tr>
<tr style="border: 0px #F0F0F0 solid; padding:0px; vertical-align: top; background-color: white"><td style="vertical-align: top; text-align : left; background-color: white; border: 0px #F0F0F0 solid; padding:0px 4px 0px 4px; white-space: nowrap; background-image: url(tbl_bck110.png)" class="hierarchy"><img src="tbl_spacer.png" alt="." style="background-color: inherit" class="hierarchy"/><img src="tbl_vline.png" alt="." style="background-color: inherit" class="hierarchy"/><img src="tbl_vjoin.png" alt="." style="background-color: inherit" class="hierarchy"/><img src="icon_datatype.gif" alt="." style="background-color: white; background-color: inherit" title="Data Type" class="hierarchy"/> <a href="StructureDefinition-Vaccination-new-definitions.html#Vaccination-new.administration.dosage" title="Quantity of the dose administered; (e.g., influenza dose is 0.25 or 0.5).  ">dosage</a><a name="Vaccination-new.administration.dosage"> </a></td><td style="vertical-align: top; text-align : left; background-color: white; border: 0px #F0F0F0 solid; padding:0px 4px 0px 4px" class="hierarchy"/><td style="vertical-align: top; text-align : left; background-color: white; border: 0px #F0F0F0 solid; padding:0px 4px 0px 4px" class="hierarchy">0..*</td><td style="vertical-align: top; text-align : left; background-color: white; border: 0px #F0F0F0 solid; padding:0px 4px 0px 4px" class="hierarchy"><a href="http://hl7.org/fhir/R4/datatypes.html#Quantity">Quantity</a></td><td style="vertical-align: top; text-align : left; background-color: white; border: 0px #F0F0F0 solid; padding:0px 4px 0px 4px" class="hierarchy">Quantity administered<br/></td></tr>
<tr style="border: 0px #F0F0F0 solid; padding:0px; vertical-align: top; background-color: #F7F7F7"><td style="vertical-align: top; text-align : left; background-color: #F7F7F7; border: 0px #F0F0F0 solid; padding:0px 4px 0px 4px; white-space: nowrap; background-image: url(tbl_bck110.png)" class="hierarchy"><img src="tbl_spacer.png" alt="." style="background-color: inherit" class="hierarchy"/><img src="tbl_vline.png" alt="." style="background-color: inherit" class="hierarchy"/><img src="tbl_vjoin.png" alt="." style="background-color: inherit" class="hierarchy"/><img src="icon_datatype.gif" alt="." style="background-color: #F7F7F7; background-color: inherit" title="Data Type" class="hierarchy"/> <a href="StructureDefinition-Vaccination-new-definitions.html#Vaccination-new.administration.routeOfAdministration" title="Route by which the immunizing agent is administered to the body (intramuscular injection, subcutaneous injection, oral, etc.).">routeOfAdministration</a><a name="Vaccination-new.administration.routeOfAdministration"> </a></td><td style="vertical-align: top; text-align : left; background-color: #F7F7F7; border: 0px #F0F0F0 solid; padding:0px 4px 0px 4px" class="hierarchy"/><td style="vertical-align: top; text-align : left; background-color: #F7F7F7; border: 0px #F0F0F0 solid; padding:0px 4px 0px 4px" class="hierarchy">0..1</td><td style="vertical-align: top; text-align : left; background-color: #F7F7F7; border: 0px #F0F0F0 solid; padding:0px 4px 0px 4px" class="hierarchy"><a href="http://hl7.org/fhir/R4/datatypes.html#CodeableConcept">CodeableConcept</a></td><td style="vertical-align: top; text-align : left; background-color: #F7F7F7; border: 0px #F0F0F0 solid; padding:0px 4px 0px 4px" class="hierarchy">Immunization Route of Administration</td></tr>
<tr style="border: 0px #F0F0F0 solid; padding:0px; vertical-align: top; background-color: white"><td style="vertical-align: top; text-align : left; background-color: white; border: 0px #F0F0F0 solid; padding:0px 4px 0px 4px; white-space: nowrap; background-image: url(tbl_bck110.png)" class="hierarchy"><img src="tbl_spacer.png" alt="." style="background-color: inherit" class="hierarchy"/><img src="tbl_vline.png" alt="." style="background-color: inherit" class="hierarchy"/><img src="tbl_vjoin.png" alt="." style="background-color: inherit" class="hierarchy"/><img src="icon_datatype.gif" alt="." style="background-color: white; background-color: inherit" title="Data Type" class="hierarchy"/> <a href="StructureDefinition-Vaccination-new-definitions.html#Vaccination-new.administration.site" title="The set of body locations to or through which an immunizing agent may be administered.">site</a><a name="Vaccination-new.administration.site"> </a></td><td style="vertical-align: top; text-align : left; background-color: white; border: 0px #F0F0F0 solid; padding:0px 4px 0px 4px" class="hierarchy"/><td style="vertical-align: top; text-align : left; background-color: white; border: 0px #F0F0F0 solid; padding:0px 4px 0px 4px" class="hierarchy">0..1</td><td style="vertical-align: top; text-align : left; background-color: white; border: 0px #F0F0F0 solid; padding:0px 4px 0px 4px" class="hierarchy"><a href="http://hl7.org/fhir/R4/datatypes.html#CodeableConcept">CodeableConcept</a></td><td style="vertical-align: top; text-align : left; background-color: white; border: 0px #F0F0F0 solid; padding:0px 4px 0px 4px" class="hierarchy">Immunization Anatomical Site</td></tr>
<tr style="border: 0px #F0F0F0 solid; padding:0px; vertical-align: top; background-color: #F7F7F7"><td style="vertical-align: top; text-align : left; background-color: #F7F7F7; border: 0px #F0F0F0 solid; padding:0px 4px 0px 4px; white-space: nowrap; background-image: url(tbl_bck110.png)" class="hierarchy"><img src="tbl_spacer.png" alt="." style="background-color: inherit" class="hierarchy"/><img src="tbl_vline.png" alt="." style="background-color: inherit" class="hierarchy"/><img src="tbl_vjoin.png" alt="." style="background-color: inherit" class="hierarchy"/><img src="icon_resource.png" alt="." style="background-color: #F7F7F7; background-color: inherit" title="Resource" class="hierarchy"/> <a href="StructureDefinition-Vaccination-new-definitions.html#Vaccination-new.administration.performer" title="Health Professional responsible for administering the vaccine or prophylaxis">performer</a><a name="Vaccination-new.administration.performer"> </a></td><td style="vertical-align: top; text-align : left; background-color: #F7F7F7; border: 0px #F0F0F0 solid; padding:0px 4px 0px 4px" class="hierarchy"/><td style="vertical-align: top; text-align : left; background-color: #F7F7F7; border: 0px #F0F0F0 solid; padding:0px 4px 0px 4px" class="hierarchy">0..1</td><td style="vertical-align: top; text-align : left; background-color: #F7F7F7; border: 0px #F0F0F0 solid; padding:0px 4px 0px 4px" class="hierarchy"><a href="StructureDefinition-HealthProfessional.html">HealthProfessional</a></td><td style="vertical-align: top; text-align : left; background-color: #F7F7F7; border: 0px #F0F0F0 solid; padding:0px 4px 0px 4px" class="hierarchy">Health Professional administering the vaccine</td></tr>
<tr style="border: 0px #F0F0F0 solid; padding:0px; vertical-align: top; background-color: white"><td style="vertical-align: top; text-align : left; background-color: white; border: 0px #F0F0F0 solid; padding:0px 4px 0px 4px; white-space: nowrap; background-image: url(tbl_bck110.png)" class="hierarchy"><img src="tbl_spacer.png" alt="." style="background-color: inherit" class="hierarchy"/><img src="tbl_vline.png" alt="." style="background-color: inherit" class="hierarchy"/><img src="tbl_vjoin.png" alt="." style="background-color: inherit" class="hierarchy"/><img src="icon_resource.png" alt="." style="background-color: white; background-color: inherit" title="Resource" class="hierarchy"/> <a href="StructureDefinition-Vaccination-new-definitions.html#Vaccination-new.administration.administrationCenter" title="Administering centre or a health authority responsible for the vaccination event">administrationCenter</a><a name="Vaccination-new.administration.administrationCenter"> </a></td><td style="vertical-align: top; text-align : left; background-color: white; border: 0px #F0F0F0 solid; padding:0px 4px 0px 4px" class="hierarchy"/><td style="vertical-align: top; text-align : left; background-color: white; border: 0px #F0F0F0 solid; padding:0px 4px 0px 4px" class="hierarchy">0..1</td><td style="vertical-align: top; text-align : left; background-color: white; border: 0px #F0F0F0 solid; padding:0px 4px 0px 4px" class="hierarchy"><a href="StructureDefinition-SimpleOrganization.html">SimpleOrganization</a></td><td style="vertical-align: top; text-align : left; background-color: white; border: 0px #F0F0F0 solid; padding:0px 4px 0px 4px" class="hierarchy">Responsible Administration Center</td></tr>
<tr style="border: 0px #F0F0F0 solid; padding:0px; vertical-align: top; background-color: #F7F7F7"><td style="vertical-align: top; text-align : left; background-color: #F7F7F7; border: 0px #F0F0F0 solid; padding:0px 4px 0px 4px; white-space: nowrap; background-image: url(tbl_bck100.png)" class="hierarchy"><img src="tbl_spacer.png" alt="." style="background-color: inherit" class="hierarchy"/><img src="tbl_vline.png" alt="." style="background-color: inherit" class="hierarchy"/><img src="tbl_vjoin_end.png" alt="." style="background-color: inherit" class="hierarchy"/><img src="icon_resource.png" alt="." style="background-color: #F7F7F7; background-color: inherit" title="Resource" class="hierarchy"/> <a href="StructureDefinition-Vaccination-new-definitions.html#Vaccination-new.administration.location" title="Where the vaccine has or should have been administrated">location</a><a name="Vaccination-new.administration.location"> </a></td><td style="vertical-align: top; text-align : left; background-color: #F7F7F7; border: 0px #F0F0F0 solid; padding:0px 4px 0px 4px" class="hierarchy"/><td style="vertical-align: top; text-align : left; background-color: #F7F7F7; border: 0px #F0F0F0 solid; padding:0px 4px 0px 4px" class="hierarchy">0..1</td><td style="vertical-align: top; text-align : left; background-color: #F7F7F7; border: 0px #F0F0F0 solid; padding:0px 4px 0px 4px" class="hierarchy"><a href="http://hl7.org/fhir/R4/location.html">Location</a></td><td style="vertical-align: top; text-align : left; background-color: #F7F7F7; border: 0px #F0F0F0 solid; padding:0px 4px 0px 4px" class="hierarchy">Location</td></tr>
<tr style="border: 0px #F0F0F0 solid; padding:0px; vertical-align: top; background-color: white"><td style="vertical-align: top; text-align : left; background-color: white; border: 0px #F0F0F0 solid; padding:0px 4px 0px 4px; white-space: nowrap; background-image: url(tbl_bck11.png)" class="hierarchy"><img src="tbl_spacer.png" alt="." style="background-color: inherit" class="hierarchy"/><img src="tbl_vjoin.png" alt="." style="background-color: inherit" class="hierarchy"/><img src="icon_datatype.gif" alt="." style="background-color: white; background-color: inherit" title="Data Type" class="hierarchy"/> <a href="StructureDefinition-Vaccination-new-definitions.html#Vaccination-new.protocol" title="The protocol (set of recommendations) being followed by the provider who administered the dose.">protocol</a><a name="Vaccination-new.protocol"> </a></td><td style="vertical-align: top; text-align : left; background-color: white; border: 0px #F0F0F0 solid; padding:0px 4px 0px 4px" class="hierarchy"/><td style="vertical-align: top; text-align : left; background-color: white; border: 0px #F0F0F0 solid; padding:0px 4px 0px 4px" class="hierarchy">0..1</td><td style="vertical-align: top; text-align : left; background-color: white; border: 0px #F0F0F0 solid; padding:0px 4px 0px 4px" class="hierarchy"><a href="http://hl7.org/fhir/R4/datatypes.html#BackboneElement">BackboneElement</a></td><td style="vertical-align: top; text-align : left; background-color: white; border: 0px #F0F0F0 solid; padding:0px 4px 0px 4px" class="hierarchy">Protocol applied</td></tr>
<tr style="border: 0px #F0F0F0 solid; padding:0px; vertical-align: top; background-color: #F7F7F7"><td style="vertical-align: top; text-align : left; background-color: #F7F7F7; border: 0px #F0F0F0 solid; padding:0px 4px 0px 4px; white-space: nowrap; background-image: url(tbl_bck110.png)" class="hierarchy"><img src="tbl_spacer.png" alt="." style="background-color: inherit" class="hierarchy"/><img src="tbl_vline.png" alt="." style="background-color: inherit" class="hierarchy"/><img src="tbl_vjoin.png" alt="." style="background-color: inherit" class="hierarchy"/><img src="icon_datatype.gif" alt="." style="background-color: #F7F7F7; background-color: inherit" title="Data Type" class="hierarchy"/> <a href="StructureDefinition-Vaccination-new-definitions.html#Vaccination-new.protocol.doseNumber" title="Dose Number">doseNumber</a><a name="Vaccination-new.protocol.doseNumber"> </a></td><td style="vertical-align: top; text-align : left; background-color: #F7F7F7; border: 0px #F0F0F0 solid; padding:0px 4px 0px 4px" class="hierarchy"/><td style="vertical-align: top; text-align : left; background-color: #F7F7F7; border: 0px #F0F0F0 solid; padding:0px 4px 0px 4px" class="hierarchy">0..1</td><td style="vertical-align: top; text-align : left; background-color: #F7F7F7; border: 0px #F0F0F0 solid; padding:0px 4px 0px 4px" class="hierarchy"><a href="http://hl7.org/fhir/R4/datatypes.html#BackboneElement">BackboneElement</a></td><td style="vertical-align: top; text-align : left; background-color: #F7F7F7; border: 0px #F0F0F0 solid; padding:0px 4px 0px 4px" class="hierarchy">Dose Number</td></tr>
<tr style="border: 0px #F0F0F0 solid; padding:0px; vertical-align: top; background-color: white"><td style="vertical-align: top; text-align : left; background-color: white; border: 0px #F0F0F0 solid; padding:0px 4px 0px 4px; white-space: nowrap; background-image: url(tbl_bck110.png)" class="hierarchy"><img src="tbl_spacer.png" alt="." style="background-color: inherit" class="hierarchy"/><img src="tbl_vline.png" alt="." style="background-color: inherit" class="hierarchy"/><img src="tbl_vjoin.png" alt="." style="background-color: inherit" class="hierarchy"/><img src="icon_datatype.gif" alt="." style="background-color: white; background-color: inherit" title="Data Type" class="hierarchy"/> <a href="StructureDefinition-Vaccination-new-definitions.html#Vaccination-new.protocol.seriesDoseNumber" title="Series Dose Number">seriesDoseNumber</a><a name="Vaccination-new.protocol.seriesDoseNumber"> </a></td><td style="vertical-align: top; text-align : left; background-color: white; border: 0px #F0F0F0 solid; padding:0px 4px 0px 4px" class="hierarchy"/><td style="vertical-align: top; text-align : left; background-color: white; border: 0px #F0F0F0 solid; padding:0px 4px 0px 4px" class="hierarchy">0..1</td><td style="vertical-align: top; text-align : left; background-color: white; border: 0px #F0F0F0 solid; padding:0px 4px 0px 4px" class="hierarchy"><a href="http://hl7.org/fhir/R4/datatypes.html#BackboneElement">BackboneElement</a></td><td style="vertical-align: top; text-align : left; background-color: white; border: 0px #F0F0F0 solid; padding:0px 4px 0px 4px" class="hierarchy">Series Dose Number</td></tr>
<tr style="border: 0px #F0F0F0 solid; padding:0px; vertical-align: top; background-color: #F7F7F7"><td style="vertical-align: top; text-align : left; background-color: #F7F7F7; border: 0px #F0F0F0 solid; padding:0px 4px 0px 4px; white-space: nowrap; background-image: url(tbl_bck100.png)" class="hierarchy"><img src="tbl_spacer.png" alt="." style="background-color: inherit" class="hierarchy"/><img src="tbl_vline.png" alt="." style="background-color: inherit" class="hierarchy"/><img src="tbl_vjoin_end.png" alt="." style="background-color: inherit" class="hierarchy"/><img src="icon_primitive.png" alt="." style="background-color: #F7F7F7; background-color: inherit" title="Primitive Data Type" class="hierarchy"/> <a href="StructureDefinition-Vaccination-new-definitions.html#Vaccination-new.protocol.seriesComplete" title="Vaccination series complete">seriesComplete</a><a name="Vaccination-new.protocol.seriesComplete"> </a></td><td style="vertical-align: top; text-align : left; background-color: #F7F7F7; border: 0px #F0F0F0 solid; padding:0px 4px 0px 4px" class="hierarchy"/><td style="vertical-align: top; text-align : left; background-color: #F7F7F7; border: 0px #F0F0F0 solid; padding:0px 4px 0px 4px" class="hierarchy">0..1</td><td style="vertical-align: top; text-align : left; background-color: #F7F7F7; border: 0px #F0F0F0 solid; padding:0px 4px 0px 4px" class="hierarchy"><a href="http://hl7.org/fhir/R4/datatypes.html#boolean">boolean</a></td><td style="vertical-align: top; text-align : left; background-color: #F7F7F7; border: 0px #F0F0F0 solid; padding:0px 4px 0px 4px" class="hierarchy">Vaccination series complete</td></tr>
<tr style="border: 0px #F0F0F0 solid; padding:0px; vertical-align: top; background-color: white"><td style="vertical-align: top; text-align : left; background-color: white; border: 0px #F0F0F0 solid; padding:0px 4px 0px 4px; white-space: nowrap; background-image: url(tbl_bck11.png)" class="hierarchy"><img src="tbl_spacer.png" alt="." style="background-color: inherit" class="hierarchy"/><img src="tbl_vjoin.png" alt="." style="background-color: inherit" class="hierarchy"/><img src="icon_datatype.gif" alt="." style="background-color: white; background-color: inherit" title="Data Type" class="hierarchy"/> <a href="StructureDefinition-Vaccination-new-definitions.html#Vaccination-new.reaction" title="Adverse Reaction">reaction</a><a name="Vaccination-new.reaction"> </a></td><td style="vertical-align: top; text-align : left; background-color: white; border: 0px #F0F0F0 solid; padding:0px 4px 0px 4px" class="hierarchy"/><td style="vertical-align: top; text-align : left; background-color: white; border: 0px #F0F0F0 solid; padding:0px 4px 0px 4px" class="hierarchy">0..*</td><td style="vertical-align: top; text-align : left; background-color: white; border: 0px #F0F0F0 solid; padding:0px 4px 0px 4px" class="hierarchy"><a href="http://hl7.org/fhir/R4/datatypes.html#BackboneElement">BackboneElement</a></td><td style="vertical-align: top; text-align : left; background-color: white; border: 0px #F0F0F0 solid; padding:0px 4px 0px 4px" class="hierarchy">Adverse Reaction<br/></td></tr>
<tr style="border: 0px #F0F0F0 solid; padding:0px; vertical-align: top; background-color: #F7F7F7"><td style="vertical-align: top; text-align : left; background-color: #F7F7F7; border: 0px #F0F0F0 solid; padding:0px 4px 0px 4px; white-space: nowrap; background-image: url(tbl_bck110.png)" class="hierarchy"><img src="tbl_spacer.png" alt="." style="background-color: inherit" class="hierarchy"/><img src="tbl_vline.png" alt="." style="background-color: inherit" class="hierarchy"/><img src="tbl_vjoin.png" alt="." style="background-color: inherit" class="hierarchy"/><img src="icon_primitive.png" alt="." style="background-color: #F7F7F7; background-color: inherit" title="Primitive Data Type" class="hierarchy"/> <a href="StructureDefinition-Vaccination-new-definitions.html#Vaccination-new.reaction.reported" title="A flag to identify an adverse reaction was reported following administration of a vaccine.">reported</a><a name="Vaccination-new.reaction.reported"> </a></td><td style="vertical-align: top; text-align : left; background-color: #F7F7F7; border: 0px #F0F0F0 solid; padding:0px 4px 0px 4px" class="hierarchy"/><td style="vertical-align: top; text-align : left; background-color: #F7F7F7; border: 0px #F0F0F0 solid; padding:0px 4px 0px 4px" class="hierarchy">0..1</td><td style="vertical-align: top; text-align : left; background-color: #F7F7F7; border: 0px #F0F0F0 solid; padding:0px 4px 0px 4px" class="hierarchy"><a href="http://hl7.org/fhir/R4/datatypes.html#boolean">boolean</a></td><td style="vertical-align: top; text-align : left; background-color: #F7F7F7; border: 0px #F0F0F0 solid; padding:0px 4px 0px 4px" class="hierarchy">Adverse Reaction Following Immunization Reported</td></tr>
<tr style="border: 0px #F0F0F0 solid; padding:0px; vertical-align: top; background-color: white"><td style="vertical-align: top; text-align : left; background-color: white; border: 0px #F0F0F0 solid; padding:0px 4px 0px 4px; white-space: nowrap; background-image: url(tbl_bck110.png)" class="hierarchy"><img src="tbl_spacer.png" alt="." style="background-color: inherit" class="hierarchy"/><img src="tbl_vline.png" alt="." style="background-color: inherit" class="hierarchy"/><img src="tbl_vjoin.png" alt="." style="background-color: inherit" class="hierarchy"/><img src="icon_primitive.png" alt="." style="background-color: white; background-color: inherit" title="Primitive Data Type" class="hierarchy"/> <a href="StructureDefinition-Vaccination-new-definitions.html#Vaccination-new.reaction.date" title="Reaction date">date</a><a name="Vaccination-new.reaction.date"> </a></td><td style="vertical-align: top; text-align : left; background-color: white; border: 0px #F0F0F0 solid; padding:0px 4px 0px 4px" class="hierarchy"/><td style="vertical-align: top; text-align : left; background-color: white; border: 0px #F0F0F0 solid; padding:0px 4px 0px 4px" class="hierarchy">0..1</td><td style="vertical-align: top; text-align : left; background-color: white; border: 0px #F0F0F0 solid; padding:0px 4px 0px 4px" class="hierarchy"><a href="http://hl7.org/fhir/R4/datatypes.html#dateTime">dateTime</a></td><td style="vertical-align: top; text-align : left; background-color: white; border: 0px #F0F0F0 solid; padding:0px 4px 0px 4px" class="hierarchy">Reaction date</td></tr>
<tr style="border: 0px #F0F0F0 solid; padding:0px; vertical-align: top; background-color: #F7F7F7"><td style="vertical-align: top; text-align : left; background-color: #F7F7F7; border: 0px #F0F0F0 solid; padding:0px 4px 0px 4px; white-space: nowrap; background-image: url(tbl_bck110.png)" class="hierarchy"><img src="tbl_spacer.png" alt="." style="background-color: inherit" class="hierarchy"/><img src="tbl_vline.png" alt="." style="background-color: inherit" class="hierarchy"/><img src="tbl_vjoin.png" alt="." style="background-color: inherit" class="hierarchy"/><img src="icon_datatype.gif" alt="." style="background-color: #F7F7F7; background-color: inherit" title="Data Type" class="hierarchy"/> <a href="StructureDefinition-Vaccination-new-definitions.html#Vaccination-new.reaction.detail" title="Reaction detail">detail</a><a name="Vaccination-new.reaction.detail"> </a></td><td style="vertical-align: top; text-align : left; background-color: #F7F7F7; border: 0px #F0F0F0 solid; padding:0px 4px 0px 4px" class="hierarchy"/><td style="vertical-align: top; text-align : left; background-color: #F7F7F7; border: 0px #F0F0F0 solid; padding:0px 4px 0px 4px" class="hierarchy">0..1</td><td style="vertical-align: top; text-align : left; background-color: #F7F7F7; border: 0px #F0F0F0 solid; padding:0px 4px 0px 4px" class="hierarchy"><a href="http://hl7.org/fhir/R4/datatypes.html#BackboneElement">BackboneElement</a></td><td style="vertical-align: top; text-align : left; background-color: #F7F7F7; border: 0px #F0F0F0 solid; padding:0px 4px 0px 4px" class="hierarchy">Reaction detail</td></tr>
<tr style="border: 0px #F0F0F0 solid; padding:0px; vertical-align: top; background-color: white"><td style="vertical-align: top; text-align : left; background-color: white; border: 0px #F0F0F0 solid; padding:0px 4px 0px 4px; white-space: nowrap; background-image: url(tbl_bck100.png)" class="hierarchy"><img src="tbl_spacer.png" alt="." style="background-color: inherit" class="hierarchy"/><img src="tbl_vline.png" alt="." style="background-color: inherit" class="hierarchy"/><img src="tbl_vjoin_end.png" alt="." style="background-color: inherit" class="hierarchy"/><img src="icon_primitive.png" alt="." style="background-color: white; background-color: inherit" title="Primitive Data Type" class="hierarchy"/> <a href="StructureDefinition-Vaccination-new-definitions.html#Vaccination-new.reaction.note" title="Additional information relevant to the immunization record.">note</a><a name="Vaccination-new.reaction.note"> </a></td><td style="vertical-align: top; text-align : left; background-color: white; border: 0px #F0F0F0 solid; padding:0px 4px 0px 4px" class="hierarchy"/><td style="vertical-align: top; text-align : left; background-color: white; border: 0px #F0F0F0 solid; padding:0px 4px 0px 4px" class="hierarchy">0..1</td><td style="vertical-align: top; text-align : left; background-color: white; border: 0px #F0F0F0 solid; padding:0px 4px 0px 4px" class="hierarchy"><a href="http://hl7.org/fhir/R4/datatypes.html#markdown">markdown</a></td><td style="vertical-align: top; text-align : left; background-color: white; border: 0px #F0F0F0 solid; padding:0px 4px 0px 4px" class="hierarchy">Immunization Notes</td></tr>
<tr style="border: 0px #F0F0F0 solid; padding:0px; vertical-align: top; background-color: #F7F7F7"><td style="vertical-align: top; text-align : left; background-color: #F7F7F7; border: 0px #F0F0F0 solid; padding:0px 4px 0px 4px; white-space: nowrap; background-image: url(tbl_bck01.png)" class="hierarchy"><img src="tbl_spacer.png" alt="." style="background-color: inherit" class="hierarchy"/><img src="tbl_vjoin_end.png" alt="." style="background-color: inherit" class="hierarchy"/><img src="icon_datatype.gif" alt="." style="background-color: #F7F7F7; background-color: inherit" title="Data Type" class="hierarchy"/> <a href="StructureDefinition-Vaccination-new-definitions.html#Vaccination-new.forecast" title="Subject&#39;s immunization forecast">forecast</a><a name="Vaccination-new.forecast"> </a></td><td style="vertical-align: top; text-align : left; background-color: #F7F7F7; border: 0px #F0F0F0 solid; padding:0px 4px 0px 4px" class="hierarchy"/><td style="vertical-align: top; text-align : left; background-color: #F7F7F7; border: 0px #F0F0F0 solid; padding:0px 4px 0px 4px" class="hierarchy">0..1</td><td style="vertical-align: top; text-align : left; background-color: #F7F7F7; border: 0px #F0F0F0 solid; padding:0px 4px 0px 4px" class="hierarchy"><a href="http://hl7.org/fhir/R4/datatypes.html#BackboneElement">BackboneElement</a></td><td style="vertical-align: top; text-align : left; background-color: #F7F7F7; border: 0px #F0F0F0 solid; padding:0px 4px 0px 4px" class="hierarchy">Subject&#39;s immunization forecast</td></tr>
<tr style="border: 0px #F0F0F0 solid; padding:0px; vertical-align: top; background-color: white"><td style="vertical-align: top; text-align : left; background-color: white; border: 0px #F0F0F0 solid; padding:0px 4px 0px 4px; white-space: nowrap; background-image: url(tbl_bck010.png)" class="hierarchy"><img src="tbl_spacer.png" alt="." style="background-color: inherit" class="hierarchy"/><img src="tbl_blank.png" alt="." style="background-color: inherit" class="hierarchy"/><img src="tbl_vjoin.png" alt="." style="background-color: inherit" class="hierarchy"/><img src="icon_primitive.png" alt="." style="background-color: white; background-color: inherit" title="Primitive Data Type" class="hierarchy"/> <a href="StructureDefinition-Vaccination-new-definitions.html#Vaccination-new.forecast.creationDate" title="The date the subject&#39;s immunization forecast was generated ">creationDate</a><a name="Vaccination-new.forecast.creationDate"> </a></td><td style="vertical-align: top; text-align : left; background-color: white; border: 0px #F0F0F0 solid; padding:0px 4px 0px 4px" class="hierarchy"/><td style="vertical-align: top; text-align : left; background-color: white; border: 0px #F0F0F0 solid; padding:0px 4px 0px 4px" class="hierarchy">0..1</td><td style="vertical-align: top; text-align : left; background-color: white; border: 0px #F0F0F0 solid; padding:0px 4px 0px 4px" class="hierarchy"><a href="http://hl7.org/fhir/R4/datatypes.html#dateTime">dateTime</a></td><td style="vertical-align: top; text-align : left; background-color: white; border: 0px #F0F0F0 solid; padding:0px 4px 0px 4px" class="hierarchy">Immunization Forecast Status Generated Date</td></tr>
<tr style="border: 0px #F0F0F0 solid; padding:0px; vertical-align: top; background-color: #F7F7F7"><td style="vertical-align: top; text-align : left; background-color: #F7F7F7; border: 0px #F0F0F0 solid; padding:0px 4px 0px 4px; white-space: nowrap; background-image: url(tbl_bck011.png)" class="hierarchy"><img src="tbl_spacer.png" alt="." style="background-color: inherit" class="hierarchy"/><img src="tbl_blank.png" alt="." style="background-color: inherit" class="hierarchy"/><img src="tbl_vjoin.png" alt="." style="background-color: inherit" class="hierarchy"/><img src="icon_datatype.gif" alt="." style="background-color: #F7F7F7; background-color: inherit" title="Data Type" class="hierarchy"/> <a href="StructureDefinition-Vaccination-new-definitions.html#Vaccination-new.forecast.date" title="The date provided in the subject&#39;s immunization forecast.">date</a><a name="Vaccination-new.forecast.date"> </a></td><td style="vertical-align: top; text-align : left; background-color: #F7F7F7; border: 0px #F0F0F0 solid; padding:0px 4px 0px 4px" class="hierarchy"/><td style="vertical-align: top; text-align : left; background-color: #F7F7F7; border: 0px #F0F0F0 solid; padding:0px 4px 0px 4px" class="hierarchy">0..*</td><td style="vertical-align: top; text-align : left; background-color: #F7F7F7; border: 0px #F0F0F0 solid; padding:0px 4px 0px 4px" class="hierarchy"><a href="http://hl7.org/fhir/R4/datatypes.html#BackboneElement">BackboneElement</a></td><td style="vertical-align: top; text-align : left; background-color: #F7F7F7; border: 0px #F0F0F0 solid; padding:0px 4px 0px 4px" class="hierarchy">Immunization Forecast Date<br/></td></tr>
<tr style="border: 0px #F0F0F0 solid; padding:0px; vertical-align: top; background-color: white"><td style="vertical-align: top; text-align : left; background-color: white; border: 0px #F0F0F0 solid; padding:0px 4px 0px 4px; white-space: nowrap; background-image: url(tbl_bck0110.png)" class="hierarchy"><img src="tbl_spacer.png" alt="." style="background-color: inherit" class="hierarchy"/><img src="tbl_blank.png" alt="." style="background-color: inherit" class="hierarchy"/><img src="tbl_vline.png" alt="." style="background-color: inherit" class="hierarchy"/><img src="tbl_vjoin.png" alt="." style="background-color: inherit" class="hierarchy"/><img src="icon_datatype.gif" alt="." style="background-color: white; background-color: inherit" title="Data Type" class="hierarchy"/> <a href="StructureDefinition-Vaccination-new-definitions.html#Vaccination-new.forecast.date.type" title="Type of immunization forecast date;  based on the immunization forecast types.">type</a><a name="Vaccination-new.forecast.date.type"> </a></td><td style="vertical-align: top; text-align : left; background-color: white; border: 0px #F0F0F0 solid; padding:0px 4px 0px 4px" class="hierarchy"/><td style="vertical-align: top; text-align : left; background-color: white; border: 0px #F0F0F0 solid; padding:0px 4px 0px 4px" class="hierarchy">0..1</td><td style="vertical-align: top; text-align : left; background-color: white; border: 0px #F0F0F0 solid; padding:0px 4px 0px 4px" class="hierarchy"><a href="http://hl7.org/fhir/R4/datatypes.html#CodeableConcept">CodeableConcept</a></td><td style="vertical-align: top; text-align : left; background-color: white; border: 0px #F0F0F0 solid; padding:0px 4px 0px 4px" class="hierarchy">Immunization Forecast Date Type</td></tr>
<tr style="border: 0px #F0F0F0 solid; padding:0px; vertical-align: top; background-color: #F7F7F7"><td style="vertical-align: top; text-align : left; background-color: #F7F7F7; border: 0px #F0F0F0 solid; padding:0px 4px 0px 4px; white-space: nowrap; background-image: url(tbl_bck0100.png)" class="hierarchy"><img src="tbl_spacer.png" alt="." style="background-color: inherit" class="hierarchy"/><img src="tbl_blank.png" alt="." style="background-color: inherit" class="hierarchy"/><img src="tbl_vline.png" alt="." style="background-color: inherit" class="hierarchy"/><img src="tbl_vjoin_end.png" alt="." style="background-color: inherit" class="hierarchy"/><img src="icon_primitive.png" alt="." style="background-color: #F7F7F7; background-color: inherit" title="Primitive Data Type" class="hierarchy"/> <a href="StructureDefinition-Vaccination-new-definitions.html#Vaccination-new.forecast.date.value" title="The date provided in the subject&#39;s immunization forecast.">value</a><a name="Vaccination-new.forecast.date.value"> </a></td><td style="vertical-align: top; text-align : left; background-color: #F7F7F7; border: 0px #F0F0F0 solid; padding:0px 4px 0px 4px" class="hierarchy"/><td style="vertical-align: top; text-align : left; background-color: #F7F7F7; border: 0px #F0F0F0 solid; padding:0px 4px 0px 4px" class="hierarchy">0..1</td><td style="vertical-align: top; text-align : left; background-color: #F7F7F7; border: 0px #F0F0F0 solid; padding:0px 4px 0px 4px" class="hierarchy"><a href="http://hl7.org/fhir/R4/datatypes.html#dateTime">dateTime</a></td><td style="vertical-align: top; text-align : left; background-color: #F7F7F7; border: 0px #F0F0F0 solid; padding:0px 4px 0px 4px" class="hierarchy">Immunization Forecast Date</td></tr>
<tr style="border: 0px #F0F0F0 solid; padding:0px; vertical-align: top; background-color: white"><td style="vertical-align: top; text-align : left; background-color: white; border: 0px #F0F0F0 solid; padding:0px 4px 0px 4px; white-space: nowrap; background-image: url(tbl_bck000.png)" class="hierarchy"><img src="tbl_spacer.png" alt="." style="background-color: inherit" class="hierarchy"/><img src="tbl_blank.png" alt="." style="background-color: inherit" class="hierarchy"/><img src="tbl_vjoin_end.png" alt="." style="background-color: inherit" class="hierarchy"/><img src="icon_datatype.gif" alt="." style="background-color: white; background-color: inherit" title="Data Type" class="hierarchy"/> <a href="StructureDefinition-Vaccination-new-definitions.html#Vaccination-new.forecast.status" title="Represents the subject&#39;s requirement for a particular Administrable Immunizing Agent.">status</a><a name="Vaccination-new.forecast.status"> </a></td><td style="vertical-align: top; text-align : left; background-color: white; border: 0px #F0F0F0 solid; padding:0px 4px 0px 4px" class="hierarchy"/><td style="vertical-align: top; text-align : left; background-color: white; border: 0px #F0F0F0 solid; padding:0px 4px 0px 4px" class="hierarchy">0..1</td><td style="vertical-align: top; text-align : left; background-color: white; border: 0px #F0F0F0 solid; padding:0px 4px 0px 4px" class="hierarchy"><a href="http://hl7.org/fhir/R4/datatypes.html#BackboneElement">BackboneElement</a></td><td style="vertical-align: top; text-align : left; background-color: white; border: 0px #F0F0F0 solid; padding:0px 4px 0px 4px" class="hierarchy">Immunization Forecast Status</td></tr>
<tr><td colspan="5" class="hierarchy"><br/><a href="http://hl7.org/fhir/R4/formats.html#table" title="Legend for this format"><img src="http://hl7.org/fhir/R4/help16.png" alt="doco" style="background-color: inherit"/> Documentation for this format</a></td></tr></table></div></text><url value="http://iso.org/fhir/ts-5384/StructureDefinition/Vaccination-new"/><version value="0.0.1"/><name value="Vaccination-new"/><title value="ISO TS 5384 data model (new)"/><status value="draft"/><experimental value="true"/><date value="2021-04-06T09:39:29+00:00"/><publisher value="ISO"/><contact><telecom><system value="url"/><value value="https://www.iso.int"/></telecom></contact><description value="ISO TS 5384 data model"/><jurisdiction><coding><system value="http://unstats.un.org/unsd/methods/m49/m49.htm"/><code value="001"/></coding></jurisdiction><fhirVersion value="4.0.1"/><mapping><identity value="rim"/><uri value="http://hl7.org/v3"/><name value="RIM Mapping"/></mapping><kind value="logical"/><abstract value="false"/><type value="Vaccination-new"/><baseDefinition value="http://hl7.org/fhir/StructureDefinition/Element"/><derivation value="specialization"/><snapshot><element id="Vaccination-new"><path value="Vaccination-new"/><short value="Vaccination"/><definition value="Vaccination"/><min value="1"/><max value="1"/><base><path value="Element"/><min value="0"/><max value="*"/></base><condition value="ele-1"/><constraint><key value="ele-1"/><severity value="error"/><human value="All FHIR elements must have a @value or children"/><expression value="hasValue() or (children().count() &gt; id.count())"/><xpath value="@value|f:*|h:div"/><source value="http://hl7.org/fhir/StructureDefinition/Element"/></constraint><isModifier value="false"/><mapping><identity value="rim"/><map value="n/a"/></mapping></element><element id="Vaccination-new.id"><path value="Vaccination-new.id"/><representation value="xmlAttr"/><short value="Unique id for inter-element referencing"/><definition value="Unique id for the element within a resource (for internal references). This may be any string value that does not contain spaces."/><min value="0"/><max value="1"/><base><path value="Element.id"/><min value="0"/><max value="1"/></base><type><extension url="http://hl7.org/fhir/StructureDefinition/structuredefinition-fhir-type"><valueUrl value="string"/></extension><code value="http://hl7.org/fhirpath/System.String"/></type><isModifier value="false"/><isSummary value="false"/><mapping><identity value="rim"/><map value="n/a"/></mapping></element><element id="Vaccination-new.extension"><path value="Vaccination-new.extension"/><slicing><discriminator><type value="value"/><path value="url"/></discriminator><description value="Extensions are always sliced by (at least) url"/><rules value="open"/></slicing><short value="Additional content defined by implementations"/><definition value="May be used to represent additional information that is not part of the basic definition of the element. To make the use of extensions safe and manageable, there is a strict set of governance  applied to the definition and use of extensions. Though any implementer can define an extension, there is a set of requirements that SHALL be met as part of the definition of the extension."/><comment value="There can be no stigma associated with the use of extensions by any application, project, or standard - regardless of the institution or jurisdiction that uses or defines the extensions.  The use of extensions is what allows the FHIR specification to retain a core level of simplicity for everyone."/><alias value="extensions"/><alias value="user content"/><min value="0"/><max value="*"/><base><path value="Element.extension"/><min value="0"/><max value="*"/></base><type><code value="Extension"/></type><constraint><key value="ele-1"/><severity value="error"/><human value="All FHIR elements must have a @value or children"/><expression value="hasValue() or (children().count() &gt; id.count())"/><xpath value="@value|f:*|h:div"/><source value="http://hl7.org/fhir/StructureDefinition/Element"/></constraint><constraint><key value="ext-1"/><severity value="error"/><human value="Must have either extensions or value[x], not both"/><expression value="extension.exists() != value.exists()"/><xpath value="exists(f:extension)!=exists(f:*[starts-with(local-name(.), &quot;value&quot;)])"/><source value="http://hl7.org/fhir/StructureDefinition/Extension"/></constraint><isModifier value="false"/><isSummary value="false"/><mapping><identity value="rim"/><map value="n/a"/></mapping></element><element id="Vaccination-new.recordedDate"><path value="Vaccination-new.recordedDate"/><short value="Recorded Date"/><definition value="When the immunization was first captured in the subject&#39;s record"/><min value="0"/><max value="1"/><base><path value="Vaccination-new.recordedDate"/><min value="0"/><max value="1"/></base><type><code value="dateTime"/></type></element><element id="Vaccination-new.source"><path value="Vaccination-new.source"/><short value="Immunization Reporting Source"/><definition value="Source of information regarding the reported immunization event."/><min value="0"/><max value="*"/><base><path value="Vaccination-new.source"/><min value="0"/><max value="*"/></base><type><code value="BackboneElement"/></type></element><element id="Vaccination-new.given"><path value="Vaccination-new.given"/><short value="Immunization Administration Status"/><definition value="Provides the status of the immunization event, i.e., was the vaccine dose administered?"/><min value="0"/><max value="*"/><base><path value="Vaccination-new.given"/><min value="0"/><max value="*"/></base><type><code value="boolean"/></type></element><element id="Vaccination-new.reasonNotGiven"><path value="Vaccination-new.reasonNotGiven"/><short value="Reason not done"/><definition value="Indicates the reason the immunization event was not performed."/><min value="0"/><max value="*"/><base><path value="Vaccination-new.reasonNotGiven"/><min value="0"/><max value="*"/></base><type><code value="CodeableConcept"/></type></element><element id="Vaccination-new.indication"><path value="Vaccination-new.indication"/><short value="Why immunization occurred"/><definition value="Indicates the reason the immunization event was performed."/><min value="0"/><max value="*"/><base><path value="Vaccination-new.indication"/><min value="0"/><max value="*"/></base><type><code value="CodeableConcept"/></type></element><element id="Vaccination-new.targetDisease"><path value="Vaccination-new.targetDisease"/><short value="Vaccine Preventable Disease"/><definition value="The disease that the vaccination provides protection against."/><min value="0"/><max value="*"/><base><path value="Vaccination-new.targetDisease"/><min value="0"/><max value="*"/></base><type><code value="CodeableConcept"/></type></element><element id="Vaccination-new.vaccineType"><path value="Vaccination-new.vaccineType"/><short value="Vaccine type (prophylaxis, generic immunizing Agent)"/><definition value="Generic representation of the formulation administered to a subject that includes one or more specific antigen(s) aimed at developing an immune response in an individual to provide protection from a vaccine preventable disease(s). E.g. Generic description of the vaccine/Vaccine component(s) Example: J07BX03 covid-19 vaccines (temporary code, to be implemented in ATC 2022) 1119349007 | COVID-19 mRNA vaccine | 1119305005 | COVID-19 antigen vaccine |"/><min value="0"/><max value="*"/><base><path value="Vaccination-new.vaccineType"/><min value="0"/><max value="*"/></base><type><code value="CodeableConcept"/></type></element><element id="Vaccination-new.subject"><path value="Vaccination-new.subject"/><short value="Subject"/><definition value="Person that have or should have been vaccinated"/><min value="0"/><max value="1"/><base><path value="Vaccination-new.subject"/><min value="0"/><max value="1"/></base><type><code value="http://iso.org/fhir/ts-5384/StructureDefinition/Subject"/></type></element><element id="Vaccination-new.product"><path value="Vaccination-new.product"/><short value="Administrable Product"/><definition value="A product  that have or should have been administered to a subject that includes one or more specific antigen(s) aimed at developing an immune response in an individual to provide protection from a vaccine preventable disease(s).  "/><min value="0"/><max value="*"/><base><path value="Vaccination-new.product"/><min value="0"/><max value="*"/></base><type><code value="http://iso.org/fhir/ts-5384/StructureDefinition/Product"/></type></element><element id="Vaccination-new.administration"><path value="Vaccination-new.administration"/><short value="Immunization Administration"/><definition value="Immunization Administration"/><min value="0"/><max value="1"/><base><path value="Vaccination-new.administration"/><min value="0"/><max value="1"/></base><type><code value="BackboneElement"/></type></element><element id="Vaccination-new.administration.date"><path value="Vaccination-new.administration.date"/><short value="Date of Immunization Administration"/><definition value="The date the immunization was administered to the person. "/><min value="0"/><max value="1"/><base><path value="Vaccination-new.administration.date"/><min value="0"/><max value="1"/></base><type><code value="BackboneElement"/></type></element><element id="Vaccination-new.administration.date.value"><path value="Vaccination-new.administration.date.value"/><short value="Date of Immunization Administration"/><definition value="The date the immunization was administered to the person. "/><min value="0"/><max value="1"/><base><path value="Vaccination-new.administration.date.value"/><min value="0"/><max value="1"/></base><type><code value="dateTime"/></type></element><element id="Vaccination-new.administration.date.estimated"><path value="Vaccination-new.administration.date.estimated"/><short value="Estimated Date Flag"/><definition value="A flag to indicate the recorded date of the immunization was estimated.   "/><min value="0"/><max value="1"/><base><path value="Vaccination-new.administration.date.estimated"/><min value="0"/><max value="1"/></base><type><code value="BackboneElement"/></type></element><element id="Vaccination-new.administration.dosage"><path value="Vaccination-new.administration.dosage"/><short value="Quantity administered"/><definition value="Quantity of the dose administered; (e.g., influenza dose is 0.25 or 0.5).  "/><min value="0"/><max value="*"/><base><path value="Vaccination-new.administration.dosage"/><min value="0"/><max value="*"/></base><type><code value="Quantity"/></type></element><element id="Vaccination-new.administration.routeOfAdministration"><path value="Vaccination-new.administration.routeOfAdministration"/><short value="Immunization Route of Administration"/><definition value="Route by which the immunizing agent is administered to the body (intramuscular injection, subcutaneous injection, oral, etc.)."/><min value="0"/><max value="1"/><base><path value="Vaccination-new.administration.routeOfAdministration"/><min value="0"/><max value="1"/></base><type><code value="CodeableConcept"/></type></element><element id="Vaccination-new.administration.site"><path value="Vaccination-new.administration.site"/><short value="Immunization Anatomical Site"/><definition value="The set of body locations to or through which an immunizing agent may be administered."/><min value="0"/><max value="1"/><base><path value="Vaccination-new.administration.site"/><min value="0"/><max value="1"/></base><type><code value="CodeableConcept"/></type></element><element id="Vaccination-new.administration.performer"><path value="Vaccination-new.administration.performer"/><short value="Health Professional administering the vaccine"/><definition value="Health Professional responsible for administering the vaccine or prophylaxis"/><min value="0"/><max value="1"/><base><path value="Vaccination-new.administration.performer"/><min value="0"/><max value="1"/></base><type><code value="http://iso.org/fhir/ts-5384/StructureDefinition/HealthProfessional"/></type></element><element id="Vaccination-new.administration.administrationCenter"><path value="Vaccination-new.administration.administrationCenter"/><short value="Responsible Administration Center"/><definition value="Administering centre or a health authority responsible for the vaccination event"/><min value="0"/><max value="1"/><base><path value="Vaccination-new.administration.administrationCenter"/><min value="0"/><max value="1"/></base><type><code value="http://iso.org/fhir/ts-5384/StructureDefinition/SimpleOrganization"/></type></element><element id="Vaccination-new.administration.location"><path value="Vaccination-new.administration.location"/><short value="Location"/><definition value="Where the vaccine has or should have been administrated"/><min value="0"/><max value="1"/><base><path value="Vaccination-new.administration.location"/><min value="0"/><max value="1"/></base><type><code value="Location"/></type></element><element id="Vaccination-new.protocol"><path value="Vaccination-new.protocol"/><short value="Protocol applied"/><definition value="The protocol (set of recommendations) being followed by the provider who administered the dose."/><min value="0"/><max value="1"/><base><path value="Vaccination-new.protocol"/><min value="0"/><max value="1"/></base><type><code value="BackboneElement"/></type></element><element id="Vaccination-new.protocol.doseNumber"><path value="Vaccination-new.protocol.doseNumber"/><short value="Dose Number"/><definition value="Dose Number"/><min value="0"/><max value="1"/><base><path value="Vaccination-new.protocol.doseNumber"/><min value="0"/><max value="1"/></base><type><code value="BackboneElement"/></type></element><element id="Vaccination-new.protocol.seriesDoseNumber"><path value="Vaccination-new.protocol.seriesDoseNumber"/><short value="Series Dose Number"/><definition value="Series Dose Number"/><min value="0"/><max value="1"/><base><path value="Vaccination-new.protocol.seriesDoseNumber"/><min value="0"/><max value="1"/></base><type><code value="BackboneElement"/></type></element><element id="Vaccination-new.protocol.seriesComplete"><path value="Vaccination-new.protocol.seriesComplete"/><short value="Vaccination series complete"/><definition value="Vaccination series complete"/><min value="0"/><max value="1"/><base><path value="Vaccination-new.protocol.seriesComplete"/><min value="0"/><max value="1"/></base><type><code value="boolean"/></type></element><element id="Vaccination-new.reaction"><path value="Vaccination-new.reaction"/><short value="Adverse Reaction"/><definition value="Adverse Reaction"/><min value="0"/><max value="*"/><base><path value="Vaccination-new.reaction"/><min value="0"/><max value="*"/></base><type><code value="BackboneElement"/></type></element><element id="Vaccination-new.reaction.reported"><path value="Vaccination-new.reaction.reported"/><short value="Adverse Reaction Following Immunization Reported"/><definition value="A flag to identify an adverse reaction was reported following administration of a vaccine."/><min value="0"/><max value="1"/><base><path value="Vaccination-new.reaction.reported"/><min value="0"/><max value="1"/></base><type><code value="boolean"/></type></element><element id="Vaccination-new.reaction.date"><path value="Vaccination-new.reaction.date"/><short value="Reaction date"/><definition value="Reaction date"/><min value="0"/><max value="1"/><base><path value="Vaccination-new.reaction.date"/><min value="0"/><max value="1"/></base><type><code value="dateTime"/></type></element><element id="Vaccination-new.reaction.detail"><path value="Vaccination-new.reaction.detail"/><short value="Reaction detail"/><definition value="Reaction detail"/><min value="0"/><max value="1"/><base><path value="Vaccination-new.reaction.detail"/><min value="0"/><max value="1"/></base><type><code value="BackboneElement"/></type></element><element id="Vaccination-new.reaction.note"><path value="Vaccination-new.reaction.note"/><short value="Immunization Notes"/><definition value="Additional information relevant to the immunization record."/><min value="0"/><max value="1"/><base><path value="Vaccination-new.reaction.note"/><min value="0"/><max value="1"/></base><type><code value="markdown"/></type></element><element id="Vaccination-new.forecast"><path value="Vaccination-new.forecast"/><short value="Subject&#39;s immunization forecast"/><definition value="Subject&#39;s immunization forecast"/><min value="0"/><max value="1"/><base><path value="Vaccination-new.forecast"/><min value="0"/><max value="1"/></base><type><code value="BackboneElement"/></type></element><element id="Vaccination-new.forecast.creationDate"><path value="Vaccination-new.forecast.creationDate"/><short value="Immunization Forecast Status Generated Date"/><definition value="The date the subject&#39;s immunization forecast was generated "/><min value="0"/><max value="1"/><base><path value="Vaccination-new.forecast.creationDate"/><min value="0"/><max value="1"/></base><type><code value="dateTime"/></type></element><element id="Vaccination-new.forecast.date"><path value="Vaccination-new.forecast.date"/><short value="Immunization Forecast Date"/><definition value="The date provided in the subject&#39;s immunization forecast."/><min value="0"/><max value="*"/><base><path value="Vaccination-new.forecast.date"/><min value="0"/><max value="*"/></base><type><code value="BackboneElement"/></type></element><element id="Vaccination-new.forecast.date.type"><path value="Vaccination-new.forecast.date.type"/><short value="Immunization Forecast Date Type"/><definition value="Type of immunization forecast date;  based on the immunization forecast types."/><min value="0"/><max value="1"/><base><path value="Vaccination-new.forecast.date.type"/><min value="0"/><max value="1"/></base><type><code value="CodeableConcept"/></type></element><element id="Vaccination-new.forecast.date.value"><path value="Vaccination-new.forecast.date.value"/><short value="Immunization Forecast Date"/><definition value="The date provided in the subject&#39;s immunization forecast."/><min value="0"/><max value="1"/><base><path value="Vaccination-new.forecast.date.value"/><min value="0"/><max value="1"/></base><type><code value="dateTime"/></type></element><element id="Vaccination-new.forecast.status"><path value="Vaccination-new.forecast.status"/><short value="Immunization Forecast Status"/><definition value="Represents the subject&#39;s requirement for a particular Administrable Immunizing Agent."/><min value="0"/><max value="1"/><base><path value="Vaccination-new.forecast.status"/><min value="0"/><max value="1"/></base><type><code value="BackboneElement"/></type></element></snapshot><differential><element id="Vaccination-new"><path value="Vaccination-new"/><short value="Vaccination"/><definition value="Vaccination"/><min value="1"/><max value="1"/></element><element id="Vaccination-new.recordedDate"><path value="Vaccination-new.recordedDate"/><short value="Recorded Date"/><definition value="When the immunization was first captured in the subject&#39;s record"/><min value="0"/><max value="1"/><type><code value="dateTime"/></type></element><element id="Vaccination-new.source"><path value="Vaccination-new.source"/><short value="Immunization Reporting Source"/><definition value="Source of information regarding the reported immunization event."/><min value="0"/><max value="*"/><type><code value="BackboneElement"/></type></element><element id="Vaccination-new.given"><path value="Vaccination-new.given"/><short value="Immunization Administration Status"/><definition value="Provides the status of the immunization event, i.e., was the vaccine dose administered?"/><min value="0"/><max value="*"/><type><code value="boolean"/></type></element><element id="Vaccination-new.reasonNotGiven"><path value="Vaccination-new.reasonNotGiven"/><short value="Reason not done"/><definition value="Indicates the reason the immunization event was not performed."/><min value="0"/><max value="*"/><type><code value="CodeableConcept"/></type></element><element id="Vaccination-new.indication"><path value="Vaccination-new.indication"/><short value="Why immunization occurred"/><definition value="Indicates the reason the immunization event was performed."/><min value="0"/><max value="*"/><type><code value="CodeableConcept"/></type></element><element id="Vaccination-new.targetDisease"><path value="Vaccination-new.targetDisease"/><short value="Vaccine Preventable Disease"/><definition value="The disease that the vaccination provides protection against."/><min value="0"/><max value="*"/><type><code value="CodeableConcept"/></type></element><element id="Vaccination-new.vaccineType"><path value="Vaccination-new.vaccineType"/><short value="Vaccine type (prophylaxis, generic immunizing Agent)"/><definition value="Generic representation of the formulation administered to a subject that includes one or more specific antigen(s) aimed at developing an immune response in an individual to provide protection from a vaccine preventable disease(s). E.g. Generic description of the vaccine/Vaccine component(s) Example: J07BX03 covid-19 vaccines (temporary code, to be implemented in ATC 2022) 1119349007 | COVID-19 mRNA vaccine | 1119305005 | COVID-19 antigen vaccine |"/><min value="0"/><max value="*"/><type><code value="CodeableConcept"/></type></element><element id="Vaccination-new.subject"><path value="Vaccination-new.subject"/><short value="Subject"/><definition value="Person that have or should have been vaccinated"/><min value="0"/><max value="1"/><type><code value="http://iso.org/fhir/ts-5384/StructureDefinition/Subject"/></type></element><element id="Vaccination-new.product"><path value="Vaccination-new.product"/><short value="Administrable Product"/><definition value="A product  that have or should have been administered to a subject that includes one or more specific antigen(s) aimed at developing an immune response in an individual to provide protection from a vaccine preventable disease(s).  "/><min value="0"/><max value="*"/><type><code value="http://iso.org/fhir/ts-5384/StructureDefinition/Product"/></type></element><element id="Vaccination-new.administration"><path value="Vaccination-new.administration"/><short value="Immunization Administration"/><definition value="Immunization Administration"/><min value="0"/><max value="1"/><type><code value="BackboneElement"/></type></element><element id="Vaccination-new.administration.date"><path value="Vaccination-new.administration.date"/><short value="Date of Immunization Administration"/><definition value="The date the immunization was administered to the person. "/><min value="0"/><max value="1"/><type><code value="BackboneElement"/></type></element><element id="Vaccination-new.administration.date.value"><path value="Vaccination-new.administration.date.value"/><short value="Date of Immunization Administration"/><definition value="The date the immunization was administered to the person. "/><min value="0"/><max value="1"/><type><code value="dateTime"/></type></element><element id="Vaccination-new.administration.date.estimated"><path value="Vaccination-new.administration.date.estimated"/><short value="Estimated Date Flag"/><definition value="A flag to indicate the recorded date of the immunization was estimated.   "/><min value="0"/><max value="1"/><type><code value="BackboneElement"/></type></element><element id="Vaccination-new.administration.dosage"><path value="Vaccination-new.administration.dosage"/><short value="Quantity administered"/><definition value="Quantity of the dose administered; (e.g., influenza dose is 0.25 or 0.5).  "/><min value="0"/><max value="*"/><type><code value="Quantity"/></type></element><element id="Vaccination-new.administration.routeOfAdministration"><path value="Vaccination-new.administration.routeOfAdministration"/><short value="Immunization Route of Administration"/><definition value="Route by which the immunizing agent is administered to the body (intramuscular injection, subcutaneous injection, oral, etc.)."/><min value="0"/><max value="1"/><type><code value="CodeableConcept"/></type></element><element id="Vaccination-new.administration.site"><path value="Vaccination-new.administration.site"/><short value="Immunization Anatomical Site"/><definition value="The set of body locations to or through which an immunizing agent may be administered."/><min value="0"/><max value="1"/><type><code value="CodeableConcept"/></type></element><element id="Vaccination-new.administration.performer"><path value="Vaccination-new.administration.performer"/><short value="Health Professional administering the vaccine"/><definition value="Health Professional responsible for administering the vaccine or prophylaxis"/><min value="0"/><max value="1"/><type><code value="http://iso.org/fhir/ts-5384/StructureDefinition/HealthProfessional"/></type></element><element id="Vaccination-new.administration.administrationCenter"><path value="Vaccination-new.administration.administrationCenter"/><short value="Responsible Administration Center"/><definition value="Administering centre or a health authority responsible for the vaccination event"/><min value="0"/><max value="1"/><type><code value="http://iso.org/fhir/ts-5384/StructureDefinition/SimpleOrganization"/></type></element><element id="Vaccination-new.administration.location"><path value="Vaccination-new.administration.location"/><short value="Location"/><definition value="Where the vaccine has or should have been administrated"/><min value="0"/><max value="1"/><type><code value="Location"/></type></element><element id="Vaccination-new.protocol"><path value="Vaccination-new.protocol"/><short value="Protocol applied"/><definition value="The protocol (set of recommendations) being followed by the provider who administered the dose."/><min value="0"/><max value="1"/><type><code value="BackboneElement"/></type></element><element id="Vaccination-new.protocol.doseNumber"><path value="Vaccination-new.protocol.doseNumber"/><short value="Dose Number"/><definition value="Dose Number"/><min value="0"/><max value="1"/><type><code value="BackboneElement"/></type></element><element id="Vaccination-new.protocol.seriesDoseNumber"><path value="Vaccination-new.protocol.seriesDoseNumber"/><short value="Series Dose Number"/><definition value="Series Dose Number"/><min value="0"/><max value="1"/><type><code value="BackboneElement"/></type></element><element id="Vaccination-new.protocol.seriesComplete"><path value="Vaccination-new.protocol.seriesComplete"/><short value="Vaccination series complete"/><definition value="Vaccination series complete"/><min value="0"/><max value="1"/><type><code value="boolean"/></type></element><element id="Vaccination-new.reaction"><path value="Vaccination-new.reaction"/><short value="Adverse Reaction"/><definition value="Adverse Reaction"/><min value="0"/><max value="*"/><type><code value="BackboneElement"/></type></element><element id="Vaccination-new.reaction.reported"><path value="Vaccination-new.reaction.reported"/><short value="Adverse Reaction Following Immunization Reported"/><definition value="A flag to identify an adverse reaction was reported following administration of a vaccine."/><min value="0"/><max value="1"/><type><code value="boolean"/></type></element><element id="Vaccination-new.reaction.date"><path value="Vaccination-new.reaction.date"/><short value="Reaction date"/><definition value="Reaction date"/><min value="0"/><max value="1"/><type><code value="dateTime"/></type></element><element id="Vaccination-new.reaction.detail"><path value="Vaccination-new.reaction.detail"/><short value="Reaction detail"/><definition value="Reaction detail"/><min value="0"/><max value="1"/><type><code value="BackboneElement"/></type></element><element id="Vaccination-new.reaction.note"><path value="Vaccination-new.reaction.note"/><short value="Immunization Notes"/><definition value="Additional information relevant to the immunization record."/><min value="0"/><max value="1"/><type><code value="markdown"/></type></element><element id="Vaccination-new.forecast"><path value="Vaccination-new.forecast"/><short value="Subject&#39;s immunization forecast"/><definition value="Subject&#39;s immunization forecast"/><min value="0"/><max value="1"/><type><code value="BackboneElement"/></type></element><element id="Vaccination-new.forecast.creationDate"><path value="Vaccination-new.forecast.creationDate"/><short value="Immunization Forecast Status Generated Date"/><definition value="The date the subject&#39;s immunization forecast was generated "/><min value="0"/><max value="1"/><type><code value="dateTime"/></type></element><element id="Vaccination-new.forecast.date"><path value="Vaccination-new.forecast.date"/><short value="Immunization Forecast Date"/><definition value="The date provided in the subject&#39;s immunization forecast."/><min value="0"/><max value="*"/><type><code value="BackboneElement"/></type></element><element id="Vaccination-new.forecast.date.type"><path value="Vaccination-new.forecast.date.type"/><short value="Immunization Forecast Date Type"/><definition value="Type of immunization forecast date;  based on the immunization forecast types."/><min value="0"/><max value="1"/><type><code value="CodeableConcept"/></type></element><element id="Vaccination-new.forecast.date.value"><path value="Vaccination-new.forecast.date.value"/><short value="Immunization Forecast Date"/><definition value="The date provided in the subject&#39;s immunization forecast."/><min value="0"/><max value="1"/><type><code value="dateTime"/></type></element><element id="Vaccination-new.forecast.status"><path value="Vaccination-new.forecast.status"/><short value="Immunization Forecast Status"/><definition value="Represents the subject&#39;s requirement for a particular Administrable Immunizing Agent."/><min value="0"/><max value="1"/><type><code value="BackboneElement"/></type></element></differential></StructureDefinition>