<?xml version="1.0" encoding="UTF-8"?><StructureDefinition xmlns="http://hl7.org/fhir"><id value="Forecast"/><text><status value="extensions"/><div xmlns="http://www.w3.org/1999/xhtml"><table border="0" cellpadding="0" cellspacing="0" style="border: 0px #F0F0F0 solid; font-size: 11px; font-family: verdana; vertical-align: top;"><tr style="border: 1px #F0F0F0 solid; font-size: 11px; font-family: verdana; vertical-align: top"><th style="vertical-align: top; text-align : left; background-color: white; border: 0px #F0F0F0 solid; padding:0px 4px 0px 4px" class="hierarchy"><a href="http://hl7.org/fhir/R4/formats.html#table" title="The logical name of the element">Name</a></th><th style="vertical-align: top; text-align : left; background-color: white; border: 0px #F0F0F0 solid; padding:0px 4px 0px 4px" class="hierarchy"><a href="http://hl7.org/fhir/R4/formats.html#table" title="Information about the use of the element">Flags</a></th><th style="vertical-align: top; text-align : left; background-color: white; border: 0px #F0F0F0 solid; padding:0px 4px 0px 4px" class="hierarchy"><a href="http://hl7.org/fhir/R4/formats.html#table" title="Minimum and Maximum # of times the the element can appear in the instance">Card.</a></th><th style="width: 100px" class="hierarchy"><a href="http://hl7.org/fhir/R4/formats.html#table" title="Reference to the type of the element">Type</a></th><th style="vertical-align: top; text-align : left; background-color: white; border: 0px #F0F0F0 solid; padding:0px 4px 0px 4px" class="hierarchy"><a href="http://hl7.org/fhir/R4/formats.html#table" title="Additional information about the element">Description &amp; Constraints</a><span style="float: right"><a href="http://hl7.org/fhir/R4/formats.html#table" title="Legend for this format"><img src="http://hl7.org/fhir/R4/help16.png" alt="doco" style="background-color: inherit"/></a></span></th></tr><tr style="border: 0px #F0F0F0 solid; padding:0px; vertical-align: top; background-color: white"><td style="vertical-align: top; text-align : left; background-color: white; border: 0px #F0F0F0 solid; padding:0px 4px 0px 4px; white-space: nowrap; background-image: url(tbl_bck1.png)" class="hierarchy"><img src="tbl_spacer.png" alt="." style="background-color: inherit" class="hierarchy"/><img src="icon_element.gif" alt="." style="background-color: white; background-color: inherit" title="Element" class="hierarchy"/> <a href="StructureDefinition-Forecast-definitions.html#Forecast" title="Subject&#39;s immunization forecast">Forecast</a><a name="Forecast"> </a></td><td style="vertical-align: top; text-align : left; background-color: white; border: 0px #F0F0F0 solid; padding:0px 4px 0px 4px" class="hierarchy"/><td style="vertical-align: top; text-align : left; background-color: white; border: 0px #F0F0F0 solid; padding:0px 4px 0px 4px" class="hierarchy">1..1</td><td style="vertical-align: top; text-align : left; background-color: white; border: 0px #F0F0F0 solid; padding:0px 4px 0px 4px" class="hierarchy"><a href="http://hl7.org/fhir/R4/datatypes.html#Element">Element</a></td><td style="vertical-align: top; text-align : left; background-color: white; border: 0px #F0F0F0 solid; padding:0px 4px 0px 4px" class="hierarchy">Subject&#39;s immunization forecast</td></tr>
<tr style="border: 0px #F0F0F0 solid; padding:0px; vertical-align: top; background-color: #F7F7F7"><td style="vertical-align: top; text-align : left; background-color: #F7F7F7; border: 0px #F0F0F0 solid; padding:0px 4px 0px 4px; white-space: nowrap; background-image: url(tbl_bck10.png)" class="hierarchy"><img src="tbl_spacer.png" alt="." style="background-color: inherit" class="hierarchy"/><img src="tbl_vjoin.png" alt="." style="background-color: inherit" class="hierarchy"/><img src="icon_primitive.png" alt="." style="background-color: #F7F7F7; background-color: inherit" title="Primitive Data Type" class="hierarchy"/> <a href="StructureDefinition-Forecast-definitions.html#Forecast.creationDate" title="The date the subject&#39;s Immunization Forecast Status was generated&#xA;The date the subject&#39;s Immunization Forecast Status was generated may not be the same as the Immunization Forecast Date.">creationDate</a><a name="Forecast.creationDate"> </a></td><td style="vertical-align: top; text-align : left; background-color: #F7F7F7; border: 0px #F0F0F0 solid; padding:0px 4px 0px 4px" class="hierarchy"/><td style="vertical-align: top; text-align : left; background-color: #F7F7F7; border: 0px #F0F0F0 solid; padding:0px 4px 0px 4px" class="hierarchy">0..1</td><td style="vertical-align: top; text-align : left; background-color: #F7F7F7; border: 0px #F0F0F0 solid; padding:0px 4px 0px 4px" class="hierarchy"><a href="http://hl7.org/fhir/R4/datatypes.html#dateTime">dateTime</a></td><td style="vertical-align: top; text-align : left; background-color: #F7F7F7; border: 0px #F0F0F0 solid; padding:0px 4px 0px 4px" class="hierarchy">Immunization Forecast Status Generated Date</td></tr>
<tr style="border: 0px #F0F0F0 solid; padding:0px; vertical-align: top; background-color: white"><td style="vertical-align: top; text-align : left; background-color: white; border: 0px #F0F0F0 solid; padding:0px 4px 0px 4px; white-space: nowrap; background-image: url(tbl_bck10.png)" class="hierarchy"><img src="tbl_spacer.png" alt="." style="background-color: inherit" class="hierarchy"/><img src="tbl_vjoin.png" alt="." style="background-color: inherit" class="hierarchy"/><img src="icon_datatype.gif" alt="." style="background-color: white; background-color: inherit" title="Data Type" class="hierarchy"/> <a href="StructureDefinition-Forecast-definitions.html#Forecast.status" title="Represents the subject&#39;s requirement type for a particular Medicinal Immunizing Product.&#xA;Provides the status of a subject towards immunity against a Vaccine Preventable Disease.  Values may include due, overdue, no longer recommended etc.)  A subject&#39;s immunization forecast status changes over time and is dependent on the interval of time between immunizations, the subject&#39;s age and other risk factors (e.g. pregnancy).  ">status</a><a name="Forecast.status"> </a></td><td style="vertical-align: top; text-align : left; background-color: white; border: 0px #F0F0F0 solid; padding:0px 4px 0px 4px" class="hierarchy"/><td style="vertical-align: top; text-align : left; background-color: white; border: 0px #F0F0F0 solid; padding:0px 4px 0px 4px" class="hierarchy">0..1</td><td style="vertical-align: top; text-align : left; background-color: white; border: 0px #F0F0F0 solid; padding:0px 4px 0px 4px" class="hierarchy"><a href="http://hl7.org/fhir/R4/datatypes.html#CodeableConcept">CodeableConcept</a></td><td style="vertical-align: top; text-align : left; background-color: white; border: 0px #F0F0F0 solid; padding:0px 4px 0px 4px" class="hierarchy">Immunization Forecast Status</td></tr>
<tr style="border: 0px #F0F0F0 solid; padding:0px; vertical-align: top; background-color: #F7F7F7"><td style="vertical-align: top; text-align : left; background-color: #F7F7F7; border: 0px #F0F0F0 solid; padding:0px 4px 0px 4px; white-space: nowrap; background-image: url(tbl_bck10.png)" class="hierarchy"><img src="tbl_spacer.png" alt="." style="background-color: inherit" class="hierarchy"/><img src="tbl_vjoin.png" alt="." style="background-color: inherit" class="hierarchy"/><img src="icon_primitive.png" alt="." style="background-color: #F7F7F7; background-color: inherit" title="Primitive Data Type" class="hierarchy"/> <a href="StructureDefinition-Forecast-definitions.html#Forecast.description" title="Represents the description of the protocol as determined by the Organization Responsible for Immunization Administration that pertains to the subject.&#xA;This information assists the clinician and subject in understanding the Immunization Forecast Status.  (e.g., Recommend 3 doses of the HPV vaccine starting at age 15 years)">description</a><a name="Forecast.description"> </a></td><td style="vertical-align: top; text-align : left; background-color: #F7F7F7; border: 0px #F0F0F0 solid; padding:0px 4px 0px 4px" class="hierarchy"/><td style="vertical-align: top; text-align : left; background-color: #F7F7F7; border: 0px #F0F0F0 solid; padding:0px 4px 0px 4px" class="hierarchy">0..1</td><td style="vertical-align: top; text-align : left; background-color: #F7F7F7; border: 0px #F0F0F0 solid; padding:0px 4px 0px 4px" class="hierarchy"><a href="http://hl7.org/fhir/R4/datatypes.html#string">string</a></td><td style="vertical-align: top; text-align : left; background-color: #F7F7F7; border: 0px #F0F0F0 solid; padding:0px 4px 0px 4px" class="hierarchy">Immunization Forecast Description</td></tr>
<tr style="border: 0px #F0F0F0 solid; padding:0px; vertical-align: top; background-color: white"><td style="vertical-align: top; text-align : left; background-color: white; border: 0px #F0F0F0 solid; padding:0px 4px 0px 4px; white-space: nowrap; background-image: url(tbl_bck10.png)" class="hierarchy"><img src="tbl_spacer.png" alt="." style="background-color: inherit" class="hierarchy"/><img src="tbl_vjoin.png" alt="." style="background-color: inherit" class="hierarchy"/><img src="icon_primitive.png" alt="." style="background-color: white; background-color: inherit" title="Primitive Data Type" class="hierarchy"/> <a href="StructureDefinition-Forecast-definitions.html#Forecast.supportingInformation" title="Represents subject information that supports requirements related to a forecasted immunization event.&#xA;This includes elaboration of the Immunization Forecast Status, Immunization Forecast Description, observations, adverse reactions etc..">supportingInformation</a><a name="Forecast.supportingInformation"> </a></td><td style="vertical-align: top; text-align : left; background-color: white; border: 0px #F0F0F0 solid; padding:0px 4px 0px 4px" class="hierarchy"/><td style="vertical-align: top; text-align : left; background-color: white; border: 0px #F0F0F0 solid; padding:0px 4px 0px 4px" class="hierarchy">0..1</td><td style="vertical-align: top; text-align : left; background-color: white; border: 0px #F0F0F0 solid; padding:0px 4px 0px 4px" class="hierarchy"><a href="http://hl7.org/fhir/R4/datatypes.html#string">string</a></td><td style="vertical-align: top; text-align : left; background-color: white; border: 0px #F0F0F0 solid; padding:0px 4px 0px 4px" class="hierarchy">Immunization Forecast Supporting Information</td></tr>
<tr style="border: 0px #F0F0F0 solid; padding:0px; vertical-align: top; background-color: #F7F7F7"><td style="vertical-align: top; text-align : left; background-color: #F7F7F7; border: 0px #F0F0F0 solid; padding:0px 4px 0px 4px; white-space: nowrap; background-image: url(tbl_bck01.png)" class="hierarchy"><img src="tbl_spacer.png" alt="." style="background-color: inherit" class="hierarchy"/><img src="tbl_vjoin_end.png" alt="." style="background-color: inherit" class="hierarchy"/><img src="icon_datatype.gif" alt="." style="background-color: #F7F7F7; background-color: inherit" title="Data Type" class="hierarchy"/> <a href="StructureDefinition-Forecast-definitions.html#Forecast.date" title="Represents the description of the protocol as determined by the Organization Responsible for Immunization Administration that pertains to the subject.">date</a><a name="Forecast.date"> </a></td><td style="vertical-align: top; text-align : left; background-color: #F7F7F7; border: 0px #F0F0F0 solid; padding:0px 4px 0px 4px" class="hierarchy"/><td style="vertical-align: top; text-align : left; background-color: #F7F7F7; border: 0px #F0F0F0 solid; padding:0px 4px 0px 4px" class="hierarchy">0..*</td><td style="vertical-align: top; text-align : left; background-color: #F7F7F7; border: 0px #F0F0F0 solid; padding:0px 4px 0px 4px" class="hierarchy"><a href="http://hl7.org/fhir/R4/datatypes.html#BackboneElement">BackboneElement</a></td><td style="vertical-align: top; text-align : left; background-color: #F7F7F7; border: 0px #F0F0F0 solid; padding:0px 4px 0px 4px" class="hierarchy">Immunization Forecast Date<br/></td></tr>
<tr style="border: 0px #F0F0F0 solid; padding:0px; vertical-align: top; background-color: white"><td style="vertical-align: top; text-align : left; background-color: white; border: 0px #F0F0F0 solid; padding:0px 4px 0px 4px; white-space: nowrap; background-image: url(tbl_bck010.png)" class="hierarchy"><img src="tbl_spacer.png" alt="." style="background-color: inherit" class="hierarchy"/><img src="tbl_blank.png" alt="." style="background-color: inherit" class="hierarchy"/><img src="tbl_vjoin.png" alt="." style="background-color: inherit" class="hierarchy"/><img src="icon_datatype.gif" alt="." style="background-color: white; background-color: inherit" title="Data Type" class="hierarchy"/> <a href="StructureDefinition-Forecast-definitions.html#Forecast.date.type" title="Type of date classification pertinent to the administration of the forecasted immunization event.  &#xA;This data element must align and be used with Immunization Forecast Date data element.  Examples of values to support this data element include: the earliest due date, latest due date (the recommended date) for administration of the vaccine.">type</a><a name="Forecast.date.type"> </a></td><td style="vertical-align: top; text-align : left; background-color: white; border: 0px #F0F0F0 solid; padding:0px 4px 0px 4px" class="hierarchy"/><td style="vertical-align: top; text-align : left; background-color: white; border: 0px #F0F0F0 solid; padding:0px 4px 0px 4px" class="hierarchy">0..1</td><td style="vertical-align: top; text-align : left; background-color: white; border: 0px #F0F0F0 solid; padding:0px 4px 0px 4px" class="hierarchy"><a href="http://hl7.org/fhir/R4/datatypes.html#CodeableConcept">CodeableConcept</a></td><td style="vertical-align: top; text-align : left; background-color: white; border: 0px #F0F0F0 solid; padding:0px 4px 0px 4px" class="hierarchy">Immunization Forecast Date Type</td></tr>
<tr style="border: 0px #F0F0F0 solid; padding:0px; vertical-align: top; background-color: #F7F7F7"><td style="vertical-align: top; text-align : left; background-color: #F7F7F7; border: 0px #F0F0F0 solid; padding:0px 4px 0px 4px; white-space: nowrap; background-image: url(tbl_bck000.png)" class="hierarchy"><img src="tbl_spacer.png" alt="." style="background-color: inherit" class="hierarchy"/><img src="tbl_blank.png" alt="." style="background-color: inherit" class="hierarchy"/><img src="tbl_vjoin_end.png" alt="." style="background-color: inherit" class="hierarchy"/><img src="icon_primitive.png" alt="." style="background-color: #F7F7F7; background-color: inherit" title="Primitive Data Type" class="hierarchy"/> <a href="StructureDefinition-Forecast-definitions.html#Forecast.date.value" title="The date provided in the subject&#39;s immunization forecast whose meaning relates to the Immunization Forecast Date Type.&#xA;This data element must align and be used with the Immunization Forecast Date Type data element.">value</a><a name="Forecast.date.value"> </a></td><td style="vertical-align: top; text-align : left; background-color: #F7F7F7; border: 0px #F0F0F0 solid; padding:0px 4px 0px 4px" class="hierarchy"/><td style="vertical-align: top; text-align : left; background-color: #F7F7F7; border: 0px #F0F0F0 solid; padding:0px 4px 0px 4px" class="hierarchy">0..1</td><td style="vertical-align: top; text-align : left; background-color: #F7F7F7; border: 0px #F0F0F0 solid; padding:0px 4px 0px 4px" class="hierarchy"><a href="http://hl7.org/fhir/R4/datatypes.html#dateTime">dateTime</a></td><td style="vertical-align: top; text-align : left; background-color: #F7F7F7; border: 0px #F0F0F0 solid; padding:0px 4px 0px 4px" class="hierarchy">Immunization Forecast Date</td></tr>
<tr><td colspan="5" class="hierarchy"><br/><a href="http://hl7.org/fhir/R4/formats.html#table" title="Legend for this format"><img src="http://hl7.org/fhir/R4/help16.png" alt="doco" style="background-color: inherit"/> Documentation for this format</a></td></tr></table></div></text><url value="http://iso.org/fhir/ts-5384/StructureDefinition/Forecast"/><version value="0.0.1"/><name value="ImmunizationForecast"/><title value="Immunization Forecast"/><status value="draft"/><experimental value="true"/><date value="2021-04-15T14:52:09+00:00"/><publisher value="ISO"/><contact><telecom><system value="url"/><value value="https://www.iso.int"/></telecom></contact><description value="ISO TS 5384 data model"/><jurisdiction><coding><system value="http://unstats.un.org/unsd/methods/m49/m49.htm"/><code value="001"/></coding></jurisdiction><fhirVersion value="4.0.1"/><mapping><identity value="fhir"/><uri value="hl7.org/fhir/r4"/><name value="FHIR"/></mapping><mapping><identity value="rim"/><uri value="http://hl7.org/v3"/><name value="RIM Mapping"/></mapping><kind value="logical"/><abstract value="false"/><type value="Forecast"/><baseDefinition value="http://hl7.org/fhir/StructureDefinition/Element"/><derivation value="specialization"/><snapshot><element id="Forecast"><path value="Forecast"/><short value="Subject&#39;s immunization forecast"/><definition value="Subject&#39;s immunization forecast"/><min value="1"/><max value="1"/><base><path value="Element"/><min value="0"/><max value="*"/></base><condition value="ele-1"/><constraint><key value="ele-1"/><severity value="error"/><human value="All FHIR elements must have a @value or children"/><expression value="hasValue() or (children().count() &gt; id.count())"/><xpath value="@value|f:*|h:div"/><source value="http://hl7.org/fhir/StructureDefinition/Element"/></constraint><isModifier value="false"/><mapping><identity value="rim"/><map value="n/a"/></mapping></element><element id="Forecast.id"><path value="Forecast.id"/><representation value="xmlAttr"/><short value="Unique id for inter-element referencing"/><definition value="Unique id for the element within a resource (for internal references). This may be any string value that does not contain spaces."/><min value="0"/><max value="1"/><base><path value="Element.id"/><min value="0"/><max value="1"/></base><type><extension url="http://hl7.org/fhir/StructureDefinition/structuredefinition-fhir-type"><valueUrl value="string"/></extension><code value="http://hl7.org/fhirpath/System.String"/></type><isModifier value="false"/><isSummary value="false"/><mapping><identity value="rim"/><map value="n/a"/></mapping></element><element id="Forecast.extension"><path value="Forecast.extension"/><slicing><discriminator><type value="value"/><path value="url"/></discriminator><description value="Extensions are always sliced by (at least) url"/><rules value="open"/></slicing><short value="Additional content defined by implementations"/><definition value="May be used to represent additional information that is not part of the basic definition of the element. To make the use of extensions safe and manageable, there is a strict set of governance  applied to the definition and use of extensions. Though any implementer can define an extension, there is a set of requirements that SHALL be met as part of the definition of the extension."/><comment value="There can be no stigma associated with the use of extensions by any application, project, or standard - regardless of the institution or jurisdiction that uses or defines the extensions.  The use of extensions is what allows the FHIR specification to retain a core level of simplicity for everyone."/><alias value="extensions"/><alias value="user content"/><min value="0"/><max value="*"/><base><path value="Element.extension"/><min value="0"/><max value="*"/></base><type><code value="Extension"/></type><constraint><key value="ele-1"/><severity value="error"/><human value="All FHIR elements must have a @value or children"/><expression value="hasValue() or (children().count() &gt; id.count())"/><xpath value="@value|f:*|h:div"/><source value="http://hl7.org/fhir/StructureDefinition/Element"/></constraint><constraint><key value="ext-1"/><severity value="error"/><human value="Must have either extensions or value[x], not both"/><expression value="extension.exists() != value.exists()"/><xpath value="exists(f:extension)!=exists(f:*[starts-with(local-name(.), &quot;value&quot;)])"/><source value="http://hl7.org/fhir/StructureDefinition/Extension"/></constraint><isModifier value="false"/><isSummary value="false"/><mapping><identity value="rim"/><map value="n/a"/></mapping></element><element id="Forecast.creationDate"><path value="Forecast.creationDate"/><short value="Immunization Forecast Status Generated Date"/><definition value="The date the subject&#39;s Immunization Forecast Status was generated&#xA;The date the subject&#39;s Immunization Forecast Status was generated may not be the same as the Immunization Forecast Date."/><min value="0"/><max value="1"/><base><path value="Forecast.creationDate"/><min value="0"/><max value="1"/></base><type><code value="dateTime"/></type><mapping><identity value="fhir"/><map value="ImmunizationRecommendation.date"/><comment value="note"/></mapping></element><element id="Forecast.status"><path value="Forecast.status"/><short value="Immunization Forecast Status"/><definition value="Represents the subject&#39;s requirement type for a particular Medicinal Immunizing Product.&#xA;Provides the status of a subject towards immunity against a Vaccine Preventable Disease.  Values may include due, overdue, no longer recommended etc.)  A subject&#39;s immunization forecast status changes over time and is dependent on the interval of time between immunizations, the subject&#39;s age and other risk factors (e.g. pregnancy).  "/><min value="0"/><max value="1"/><base><path value="Forecast.status"/><min value="0"/><max value="1"/></base><type><code value="CodeableConcept"/></type><mapping><identity value="fhir"/><map value="ImmunizationRecommendation.recommendation.forecastStatus"/></mapping></element><element id="Forecast.description"><path value="Forecast.description"/><short value="Immunization Forecast Description"/><definition value="Represents the description of the protocol as determined by the Organization Responsible for Immunization Administration that pertains to the subject.&#xA;This information assists the clinician and subject in understanding the Immunization Forecast Status.  (e.g., Recommend 3 doses of the HPV vaccine starting at age 15 years)"/><min value="0"/><max value="1"/><base><path value="Forecast.description"/><min value="0"/><max value="1"/></base><type><code value="string"/></type><mapping><identity value="fhir"/><map value="ImmunizationRecommendation.description"/></mapping></element><element id="Forecast.supportingInformation"><path value="Forecast.supportingInformation"/><short value="Immunization Forecast Supporting Information"/><definition value="Represents subject information that supports requirements related to a forecasted immunization event.&#xA;This includes elaboration of the Immunization Forecast Status, Immunization Forecast Description, observations, adverse reactions etc.."/><min value="0"/><max value="1"/><base><path value="Forecast.supportingInformation"/><min value="0"/><max value="1"/></base><type><code value="string"/></type><mapping><identity value="fhir"/><map value="ImmunizationRecommendation.supportingPatientInformation"/></mapping><mapping><identity value="fhir"/><map value="ImmunizationRecommendation.supportingImmunization"/></mapping></element><element id="Forecast.date"><path value="Forecast.date"/><short value="Immunization Forecast Date"/><definition value="Represents the description of the protocol as determined by the Organization Responsible for Immunization Administration that pertains to the subject."/><min value="0"/><max value="*"/><base><path value="Forecast.date"/><min value="0"/><max value="*"/></base><type><code value="BackboneElement"/></type><mapping><identity value="fhir"/><map value="ImmunizationRecommendation.recommendation.dateCriterion"/></mapping></element><element id="Forecast.date.type"><path value="Forecast.date.type"/><short value="Immunization Forecast Date Type"/><definition value="Type of date classification pertinent to the administration of the forecasted immunization event.  &#xA;This data element must align and be used with Immunization Forecast Date data element.  Examples of values to support this data element include: the earliest due date, latest due date (the recommended date) for administration of the vaccine."/><min value="0"/><max value="1"/><base><path value="Forecast.date.type"/><min value="0"/><max value="1"/></base><type><code value="CodeableConcept"/></type><mapping><identity value="fhir"/><map value="ImmunizationRecommendation.recommendation.dateCriterion.code"/></mapping></element><element id="Forecast.date.value"><path value="Forecast.date.value"/><short value="Immunization Forecast Date"/><definition value="The date provided in the subject&#39;s immunization forecast whose meaning relates to the Immunization Forecast Date Type.&#xA;This data element must align and be used with the Immunization Forecast Date Type data element."/><min value="0"/><max value="1"/><base><path value="Forecast.date.value"/><min value="0"/><max value="1"/></base><type><code value="dateTime"/></type><mapping><identity value="fhir"/><map value="ImmunizationRecommendation.recommendation.dateCriterion.value"/></mapping></element></snapshot><differential><element id="Forecast"><path value="Forecast"/><short value="Subject&#39;s immunization forecast"/><definition value="Subject&#39;s immunization forecast"/><min value="1"/><max value="1"/></element><element id="Forecast.creationDate"><path value="Forecast.creationDate"/><short value="Immunization Forecast Status Generated Date"/><definition value="The date the subject&#39;s Immunization Forecast Status was generated&#xA;The date the subject&#39;s Immunization Forecast Status was generated may not be the same as the Immunization Forecast Date."/><min value="0"/><max value="1"/><type><code value="dateTime"/></type><mapping><identity value="fhir"/><map value="ImmunizationRecommendation.date"/><comment value="note"/></mapping></element><element id="Forecast.status"><path value="Forecast.status"/><short value="Immunization Forecast Status"/><definition value="Represents the subject&#39;s requirement type for a particular Medicinal Immunizing Product.&#xA;Provides the status of a subject towards immunity against a Vaccine Preventable Disease.  Values may include due, overdue, no longer recommended etc.)  A subject&#39;s immunization forecast status changes over time and is dependent on the interval of time between immunizations, the subject&#39;s age and other risk factors (e.g. pregnancy).  "/><min value="0"/><max value="1"/><type><code value="CodeableConcept"/></type><mapping><identity value="fhir"/><map value="ImmunizationRecommendation.recommendation.forecastStatus"/></mapping></element><element id="Forecast.description"><path value="Forecast.description"/><short value="Immunization Forecast Description"/><definition value="Represents the description of the protocol as determined by the Organization Responsible for Immunization Administration that pertains to the subject.&#xA;This information assists the clinician and subject in understanding the Immunization Forecast Status.  (e.g., Recommend 3 doses of the HPV vaccine starting at age 15 years)"/><min value="0"/><max value="1"/><type><code value="string"/></type><mapping><identity value="fhir"/><map value="ImmunizationRecommendation.description"/></mapping></element><element id="Forecast.supportingInformation"><path value="Forecast.supportingInformation"/><short value="Immunization Forecast Supporting Information"/><definition value="Represents subject information that supports requirements related to a forecasted immunization event.&#xA;This includes elaboration of the Immunization Forecast Status, Immunization Forecast Description, observations, adverse reactions etc.."/><min value="0"/><max value="1"/><type><code value="string"/></type><mapping><identity value="fhir"/><map value="ImmunizationRecommendation.supportingPatientInformation"/></mapping><mapping><identity value="fhir"/><map value="ImmunizationRecommendation.supportingImmunization"/></mapping></element><element id="Forecast.date"><path value="Forecast.date"/><short value="Immunization Forecast Date"/><definition value="Represents the description of the protocol as determined by the Organization Responsible for Immunization Administration that pertains to the subject."/><min value="0"/><max value="*"/><type><code value="BackboneElement"/></type><mapping><identity value="fhir"/><map value="ImmunizationRecommendation.recommendation.dateCriterion"/></mapping></element><element id="Forecast.date.type"><path value="Forecast.date.type"/><short value="Immunization Forecast Date Type"/><definition value="Type of date classification pertinent to the administration of the forecasted immunization event.  &#xA;This data element must align and be used with Immunization Forecast Date data element.  Examples of values to support this data element include: the earliest due date, latest due date (the recommended date) for administration of the vaccine."/><min value="0"/><max value="1"/><type><code value="CodeableConcept"/></type><mapping><identity value="fhir"/><map value="ImmunizationRecommendation.recommendation.dateCriterion.code"/></mapping></element><element id="Forecast.date.value"><path value="Forecast.date.value"/><short value="Immunization Forecast Date"/><definition value="The date provided in the subject&#39;s immunization forecast whose meaning relates to the Immunization Forecast Date Type.&#xA;This data element must align and be used with the Immunization Forecast Date Type data element."/><min value="0"/><max value="1"/><type><code value="dateTime"/></type><mapping><identity value="fhir"/><map value="ImmunizationRecommendation.recommendation.dateCriterion.value"/></mapping></element></differential></StructureDefinition>