<?xml version="1.0" encoding="UTF-8"?><StructureDefinition xmlns="http://hl7.org/fhir"><id value="Vaccination"/><text><status value="extensions"/><div xmlns="http://www.w3.org/1999/xhtml"><table border="0" cellpadding="0" cellspacing="0" style="border: 0px #F0F0F0 solid; font-size: 11px; font-family: verdana; vertical-align: top;"><tr style="border: 1px #F0F0F0 solid; font-size: 11px; font-family: verdana; vertical-align: top"><th style="vertical-align: top; text-align : left; background-color: white; border: 0px #F0F0F0 solid; padding:0px 4px 0px 4px" class="hierarchy"><a href="http://hl7.org/fhir/R4/formats.html#table" title="The logical name of the element">Name</a></th><th style="vertical-align: top; text-align : left; background-color: white; border: 0px #F0F0F0 solid; padding:0px 4px 0px 4px" class="hierarchy"><a href="http://hl7.org/fhir/R4/formats.html#table" title="Information about the use of the element">Flags</a></th><th style="vertical-align: top; text-align : left; background-color: white; border: 0px #F0F0F0 solid; padding:0px 4px 0px 4px" class="hierarchy"><a href="http://hl7.org/fhir/R4/formats.html#table" title="Minimum and Maximum # of times the the element can appear in the instance">Card.</a></th><th style="width: 100px" class="hierarchy"><a href="http://hl7.org/fhir/R4/formats.html#table" title="Reference to the type of the element">Type</a></th><th style="vertical-align: top; text-align : left; background-color: white; border: 0px #F0F0F0 solid; padding:0px 4px 0px 4px" class="hierarchy"><a href="http://hl7.org/fhir/R4/formats.html#table" title="Additional information about the element">Description &amp; Constraints</a><span style="float: right"><a href="http://hl7.org/fhir/R4/formats.html#table" title="Legend for this format"><img src="http://hl7.org/fhir/R4/help16.png" alt="doco" style="background-color: inherit"/></a></span></th></tr><tr style="border: 0px #F0F0F0 solid; padding:0px; vertical-align: top; background-color: white"><td style="vertical-align: top; text-align : left; background-color: white; border: 0px #F0F0F0 solid; padding:0px 4px 0px 4px; white-space: nowrap; background-image: url(tbl_bck1.png)" class="hierarchy"><img src="tbl_spacer.png" alt="." style="background-color: inherit" class="hierarchy"/><img src="icon_element.gif" alt="." style="background-color: white; background-color: inherit" title="Element" class="hierarchy"/> <a href="StructureDefinition-Vaccination-definitions.html#Vaccination" title="Vaccination">Vaccination</a><a name="Vaccination"> </a></td><td style="vertical-align: top; text-align : left; background-color: white; border: 0px #F0F0F0 solid; padding:0px 4px 0px 4px" class="hierarchy"/><td style="vertical-align: top; text-align : left; background-color: white; border: 0px #F0F0F0 solid; padding:0px 4px 0px 4px" class="hierarchy">1..1</td><td style="vertical-align: top; text-align : left; background-color: white; border: 0px #F0F0F0 solid; padding:0px 4px 0px 4px" class="hierarchy"><a href="http://hl7.org/fhir/R4/datatypes.html#Element">Element</a></td><td style="vertical-align: top; text-align : left; background-color: white; border: 0px #F0F0F0 solid; padding:0px 4px 0px 4px" class="hierarchy">Vaccination</td></tr>
<tr style="border: 0px #F0F0F0 solid; padding:0px; vertical-align: top; background-color: #F7F7F7"><td style="vertical-align: top; text-align : left; background-color: #F7F7F7; border: 0px #F0F0F0 solid; padding:0px 4px 0px 4px; white-space: nowrap; background-image: url(tbl_bck10.png)" class="hierarchy"><img src="tbl_spacer.png" alt="." style="background-color: inherit" class="hierarchy"/><img src="tbl_vjoin.png" alt="." style="background-color: inherit" class="hierarchy"/><img src="icon_primitive.png" alt="." style="background-color: #F7F7F7; background-color: inherit" title="Primitive Data Type" class="hierarchy"/> <a href="StructureDefinition-Vaccination-definitions.html#Vaccination.given" title="Provides the status of the immunization event, i.e., was the vaccine dose administered?">given</a><a name="Vaccination.given"> </a></td><td style="vertical-align: top; text-align : left; background-color: #F7F7F7; border: 0px #F0F0F0 solid; padding:0px 4px 0px 4px" class="hierarchy"/><td style="vertical-align: top; text-align : left; background-color: #F7F7F7; border: 0px #F0F0F0 solid; padding:0px 4px 0px 4px" class="hierarchy">0..*</td><td style="vertical-align: top; text-align : left; background-color: #F7F7F7; border: 0px #F0F0F0 solid; padding:0px 4px 0px 4px" class="hierarchy"><a href="http://hl7.org/fhir/R4/datatypes.html#boolean">boolean</a></td><td style="vertical-align: top; text-align : left; background-color: #F7F7F7; border: 0px #F0F0F0 solid; padding:0px 4px 0px 4px" class="hierarchy">Immunization Administration Status<br/></td></tr>
<tr style="border: 0px #F0F0F0 solid; padding:0px; vertical-align: top; background-color: white"><td style="vertical-align: top; text-align : left; background-color: white; border: 0px #F0F0F0 solid; padding:0px 4px 0px 4px; white-space: nowrap; background-image: url(tbl_bck10.png)" class="hierarchy"><img src="tbl_spacer.png" alt="." style="background-color: inherit" class="hierarchy"/><img src="tbl_vjoin.png" alt="." style="background-color: inherit" class="hierarchy"/><img src="icon_datatype.gif" alt="." style="background-color: white; background-color: inherit" title="Data Type" class="hierarchy"/> <a href="StructureDefinition-Vaccination-definitions.html#Vaccination.agent" title="Generic representation of the formulation administered to a client that includes one or more specific antigen(s) aimed at developing an immune response in an individual to provide protection from a vaccine preventable disease(s). ">agent</a><a name="Vaccination.agent"> </a></td><td style="vertical-align: top; text-align : left; background-color: white; border: 0px #F0F0F0 solid; padding:0px 4px 0px 4px" class="hierarchy"/><td style="vertical-align: top; text-align : left; background-color: white; border: 0px #F0F0F0 solid; padding:0px 4px 0px 4px" class="hierarchy">0..*</td><td style="vertical-align: top; text-align : left; background-color: white; border: 0px #F0F0F0 solid; padding:0px 4px 0px 4px" class="hierarchy"><a href="http://hl7.org/fhir/R4/datatypes.html#CodeableConcept">CodeableConcept</a></td><td style="vertical-align: top; text-align : left; background-color: white; border: 0px #F0F0F0 solid; padding:0px 4px 0px 4px" class="hierarchy">Immunizing Agent (Generic)<br/></td></tr>
<tr style="border: 0px #F0F0F0 solid; padding:0px; vertical-align: top; background-color: #F7F7F7"><td style="vertical-align: top; text-align : left; background-color: #F7F7F7; border: 0px #F0F0F0 solid; padding:0px 4px 0px 4px; white-space: nowrap; background-image: url(tbl_bck10.png)" class="hierarchy"><img src="tbl_spacer.png" alt="." style="background-color: inherit" class="hierarchy"/><img src="tbl_vjoin.png" alt="." style="background-color: inherit" class="hierarchy"/><img src="icon_datatype.gif" alt="." style="background-color: #F7F7F7; background-color: inherit" title="Data Type" class="hierarchy"/> <a href="StructureDefinition-Vaccination-definitions.html#Vaccination.targetDisease" title="The disease that the vaccination provides protection against.">targetDisease</a><a name="Vaccination.targetDisease"> </a></td><td style="vertical-align: top; text-align : left; background-color: #F7F7F7; border: 0px #F0F0F0 solid; padding:0px 4px 0px 4px" class="hierarchy"/><td style="vertical-align: top; text-align : left; background-color: #F7F7F7; border: 0px #F0F0F0 solid; padding:0px 4px 0px 4px" class="hierarchy">0..*</td><td style="vertical-align: top; text-align : left; background-color: #F7F7F7; border: 0px #F0F0F0 solid; padding:0px 4px 0px 4px" class="hierarchy"><a href="http://hl7.org/fhir/R4/datatypes.html#CodeableConcept">CodeableConcept</a></td><td style="vertical-align: top; text-align : left; background-color: #F7F7F7; border: 0px #F0F0F0 solid; padding:0px 4px 0px 4px" class="hierarchy">Vaccine Preventable Disease<br/></td></tr>
<tr style="border: 0px #F0F0F0 solid; padding:0px; vertical-align: top; background-color: white"><td style="vertical-align: top; text-align : left; background-color: white; border: 0px #F0F0F0 solid; padding:0px 4px 0px 4px; white-space: nowrap; background-image: url(tbl_bck11.png)" class="hierarchy"><img src="tbl_spacer.png" alt="." style="background-color: inherit" class="hierarchy"/><img src="tbl_vjoin.png" alt="." style="background-color: inherit" class="hierarchy"/><img src="icon_datatype.gif" alt="." style="background-color: white; background-color: inherit" title="Data Type" class="hierarchy"/> <a href="StructureDefinition-Vaccination-definitions.html#Vaccination.product" title="Administrable Product">product</a><a name="Vaccination.product"> </a></td><td style="vertical-align: top; text-align : left; background-color: white; border: 0px #F0F0F0 solid; padding:0px 4px 0px 4px" class="hierarchy"/><td style="vertical-align: top; text-align : left; background-color: white; border: 0px #F0F0F0 solid; padding:0px 4px 0px 4px" class="hierarchy">0..*</td><td style="vertical-align: top; text-align : left; background-color: white; border: 0px #F0F0F0 solid; padding:0px 4px 0px 4px" class="hierarchy"><a href="http://hl7.org/fhir/R4/datatypes.html#BackboneElement">BackboneElement</a></td><td style="vertical-align: top; text-align : left; background-color: white; border: 0px #F0F0F0 solid; padding:0px 4px 0px 4px" class="hierarchy">Administrable Product<br/></td></tr>
<tr style="border: 0px #F0F0F0 solid; padding:0px; vertical-align: top; background-color: #F7F7F7"><td style="vertical-align: top; text-align : left; background-color: #F7F7F7; border: 0px #F0F0F0 solid; padding:0px 4px 0px 4px; white-space: nowrap; background-image: url(tbl_bck110.png)" class="hierarchy"><img src="tbl_spacer.png" alt="." style="background-color: inherit" class="hierarchy"/><img src="tbl_vline.png" alt="." style="background-color: inherit" class="hierarchy"/><img src="tbl_vjoin.png" alt="." style="background-color: inherit" class="hierarchy"/><img src="icon_datatype.gif" alt="." style="background-color: #F7F7F7; background-color: inherit" title="Data Type" class="hierarchy"/> <a href="StructureDefinition-Vaccination-definitions.html#Vaccination.product.agent" title="A Medicinal Product administered to a client that includes one or more specific antigen(s) aimed at developing an immune response in an individual to provide protection from a vaccine preventable disease(s).  ">agent</a><a name="Vaccination.product.agent"> </a></td><td style="vertical-align: top; text-align : left; background-color: #F7F7F7; border: 0px #F0F0F0 solid; padding:0px 4px 0px 4px" class="hierarchy"/><td style="vertical-align: top; text-align : left; background-color: #F7F7F7; border: 0px #F0F0F0 solid; padding:0px 4px 0px 4px" class="hierarchy">0..*</td><td style="vertical-align: top; text-align : left; background-color: #F7F7F7; border: 0px #F0F0F0 solid; padding:0px 4px 0px 4px" class="hierarchy"><a href="http://hl7.org/fhir/R4/datatypes.html#CodeableConcept">CodeableConcept</a></td><td style="vertical-align: top; text-align : left; background-color: #F7F7F7; border: 0px #F0F0F0 solid; padding:0px 4px 0px 4px" class="hierarchy">Administrable Immunizing Agent (Trade Name)<br/></td></tr>
<tr style="border: 0px #F0F0F0 solid; padding:0px; vertical-align: top; background-color: white"><td style="vertical-align: top; text-align : left; background-color: white; border: 0px #F0F0F0 solid; padding:0px 4px 0px 4px; white-space: nowrap; background-image: url(tbl_bck110.png)" class="hierarchy"><img src="tbl_spacer.png" alt="." style="background-color: inherit" class="hierarchy"/><img src="tbl_vline.png" alt="." style="background-color: inherit" class="hierarchy"/><img src="tbl_vjoin.png" alt="." style="background-color: inherit" class="hierarchy"/><img src="icon_resource.png" alt="." style="background-color: white; background-color: inherit" title="Resource" class="hierarchy"/> <a href="StructureDefinition-Vaccination-definitions.html#Vaccination.product.marketAuthorizationHolder" title="the organisation that holds the authorisation for marketing a Medicinal Product in a region">marketAuthorizationHolder</a><a name="Vaccination.product.marketAuthorizationHolder"> </a></td><td style="vertical-align: top; text-align : left; background-color: white; border: 0px #F0F0F0 solid; padding:0px 4px 0px 4px" class="hierarchy"/><td style="vertical-align: top; text-align : left; background-color: white; border: 0px #F0F0F0 solid; padding:0px 4px 0px 4px" class="hierarchy">0..*</td><td style="vertical-align: top; text-align : left; background-color: white; border: 0px #F0F0F0 solid; padding:0px 4px 0px 4px" class="hierarchy"><a href="http://hl7.org/fhir/R4/organization.html">Organization</a></td><td style="vertical-align: top; text-align : left; background-color: white; border: 0px #F0F0F0 solid; padding:0px 4px 0px 4px" class="hierarchy">Market Authorization Holder (MAH)<br/></td></tr>
<tr style="border: 0px #F0F0F0 solid; padding:0px; vertical-align: top; background-color: #F7F7F7"><td style="vertical-align: top; text-align : left; background-color: #F7F7F7; border: 0px #F0F0F0 solid; padding:0px 4px 0px 4px; white-space: nowrap; background-image: url(tbl_bck110.png)" class="hierarchy"><img src="tbl_spacer.png" alt="." style="background-color: inherit" class="hierarchy"/><img src="tbl_vline.png" alt="." style="background-color: inherit" class="hierarchy"/><img src="tbl_vjoin.png" alt="." style="background-color: inherit" class="hierarchy"/><img src="icon_resource.png" alt="." style="background-color: #F7F7F7; background-color: inherit" title="Resource" class="hierarchy"/> <a href="StructureDefinition-Vaccination-definitions.html#Vaccination.product.manufacturer" title="Organisation that holds the authorisation for the manufacturing process">manufacturer</a><a name="Vaccination.product.manufacturer"> </a></td><td style="vertical-align: top; text-align : left; background-color: #F7F7F7; border: 0px #F0F0F0 solid; padding:0px 4px 0px 4px" class="hierarchy"/><td style="vertical-align: top; text-align : left; background-color: #F7F7F7; border: 0px #F0F0F0 solid; padding:0px 4px 0px 4px" class="hierarchy">0..*</td><td style="vertical-align: top; text-align : left; background-color: #F7F7F7; border: 0px #F0F0F0 solid; padding:0px 4px 0px 4px" class="hierarchy"><a href="http://hl7.org/fhir/R4/organization.html">Organization</a></td><td style="vertical-align: top; text-align : left; background-color: #F7F7F7; border: 0px #F0F0F0 solid; padding:0px 4px 0px 4px" class="hierarchy">manufacturer<br/></td></tr>
<tr style="border: 0px #F0F0F0 solid; padding:0px; vertical-align: top; background-color: white"><td style="vertical-align: top; text-align : left; background-color: white; border: 0px #F0F0F0 solid; padding:0px 4px 0px 4px; white-space: nowrap; background-image: url(tbl_bck110.png)" class="hierarchy"><img src="tbl_spacer.png" alt="." style="background-color: inherit" class="hierarchy"/><img src="tbl_vline.png" alt="." style="background-color: inherit" class="hierarchy"/><img src="tbl_vjoin.png" alt="." style="background-color: inherit" class="hierarchy"/><img src="icon_datatype.gif" alt="." style="background-color: white; background-color: inherit" title="Data Type" class="hierarchy"/> <a href="StructureDefinition-Vaccination-definitions.html#Vaccination.product.antigen" title="A substance that the body recognizes as foreign; triggers an immune response to a specific disease with a role of an antigen. Derivable from vaccine product.">antigen</a><a name="Vaccination.product.antigen"> </a></td><td style="vertical-align: top; text-align : left; background-color: white; border: 0px #F0F0F0 solid; padding:0px 4px 0px 4px" class="hierarchy"/><td style="vertical-align: top; text-align : left; background-color: white; border: 0px #F0F0F0 solid; padding:0px 4px 0px 4px" class="hierarchy">0..*</td><td style="vertical-align: top; text-align : left; background-color: white; border: 0px #F0F0F0 solid; padding:0px 4px 0px 4px" class="hierarchy"><a href="http://hl7.org/fhir/R4/datatypes.html#CodeableConcept">CodeableConcept</a></td><td style="vertical-align: top; text-align : left; background-color: white; border: 0px #F0F0F0 solid; padding:0px 4px 0px 4px" class="hierarchy">Antigen<br/></td></tr>
<tr style="border: 0px #F0F0F0 solid; padding:0px; vertical-align: top; background-color: #F7F7F7"><td style="vertical-align: top; text-align : left; background-color: #F7F7F7; border: 0px #F0F0F0 solid; padding:0px 4px 0px 4px; white-space: nowrap; background-image: url(tbl_bck110.png)" class="hierarchy"><img src="tbl_spacer.png" alt="." style="background-color: inherit" class="hierarchy"/><img src="tbl_vline.png" alt="." style="background-color: inherit" class="hierarchy"/><img src="tbl_vjoin.png" alt="." style="background-color: inherit" class="hierarchy"/><img src="icon_primitive.png" alt="." style="background-color: #F7F7F7; background-color: inherit" title="Primitive Data Type" class="hierarchy"/> <a href="StructureDefinition-Vaccination-definitions.html#Vaccination.product.lotNumber" title="The lot number of the Administrable Immunizing Agent, as assigned by the manufacturer.">lotNumber</a><a name="Vaccination.product.lotNumber"> </a></td><td style="vertical-align: top; text-align : left; background-color: #F7F7F7; border: 0px #F0F0F0 solid; padding:0px 4px 0px 4px" class="hierarchy"/><td style="vertical-align: top; text-align : left; background-color: #F7F7F7; border: 0px #F0F0F0 solid; padding:0px 4px 0px 4px" class="hierarchy">0..1</td><td style="vertical-align: top; text-align : left; background-color: #F7F7F7; border: 0px #F0F0F0 solid; padding:0px 4px 0px 4px" class="hierarchy"><a href="http://hl7.org/fhir/R4/datatypes.html#string">string</a></td><td style="vertical-align: top; text-align : left; background-color: #F7F7F7; border: 0px #F0F0F0 solid; padding:0px 4px 0px 4px" class="hierarchy">Administrable Immunizing Agent Lot Number</td></tr>
<tr style="border: 0px #F0F0F0 solid; padding:0px; vertical-align: top; background-color: white"><td style="vertical-align: top; text-align : left; background-color: white; border: 0px #F0F0F0 solid; padding:0px 4px 0px 4px; white-space: nowrap; background-image: url(tbl_bck110.png)" class="hierarchy"><img src="tbl_spacer.png" alt="." style="background-color: inherit" class="hierarchy"/><img src="tbl_vline.png" alt="." style="background-color: inherit" class="hierarchy"/><img src="tbl_vjoin.png" alt="." style="background-color: inherit" class="hierarchy"/><img src="icon_primitive.png" alt="." style="background-color: white; background-color: inherit" title="Primitive Data Type" class="hierarchy"/> <a href="StructureDefinition-Vaccination-definitions.html#Vaccination.product.expiryDate" title="Date, assigned to the Administrable Immunizing Agent by the manufacturer, after which the agent should not be administered as product integrity cannot be guaranteed.   ">expiryDate</a><a name="Vaccination.product.expiryDate"> </a></td><td style="vertical-align: top; text-align : left; background-color: white; border: 0px #F0F0F0 solid; padding:0px 4px 0px 4px" class="hierarchy"/><td style="vertical-align: top; text-align : left; background-color: white; border: 0px #F0F0F0 solid; padding:0px 4px 0px 4px" class="hierarchy">0..1</td><td style="vertical-align: top; text-align : left; background-color: white; border: 0px #F0F0F0 solid; padding:0px 4px 0px 4px" class="hierarchy"><a href="http://hl7.org/fhir/R4/datatypes.html#dateTime">dateTime</a></td><td style="vertical-align: top; text-align : left; background-color: white; border: 0px #F0F0F0 solid; padding:0px 4px 0px 4px" class="hierarchy">Immuning Agent Expiry Date</td></tr>
<tr style="border: 0px #F0F0F0 solid; padding:0px; vertical-align: top; background-color: #F7F7F7"><td style="vertical-align: top; text-align : left; background-color: #F7F7F7; border: 0px #F0F0F0 solid; padding:0px 4px 0px 4px; white-space: nowrap; background-image: url(tbl_bck100.png)" class="hierarchy"><img src="tbl_spacer.png" alt="." style="background-color: inherit" class="hierarchy"/><img src="tbl_vline.png" alt="." style="background-color: inherit" class="hierarchy"/><img src="tbl_vjoin_end.png" alt="." style="background-color: inherit" class="hierarchy"/><img src="icon_datatype.gif" alt="." style="background-color: #F7F7F7; background-color: inherit" title="Data Type" class="hierarchy"/> <a href="StructureDefinition-Vaccination-definitions.html#Vaccination.product.stregth" title="Used to specify the units for immunizing agent dose volume quantities">stregth</a><a name="Vaccination.product.stregth"> </a></td><td style="vertical-align: top; text-align : left; background-color: #F7F7F7; border: 0px #F0F0F0 solid; padding:0px 4px 0px 4px" class="hierarchy"/><td style="vertical-align: top; text-align : left; background-color: #F7F7F7; border: 0px #F0F0F0 solid; padding:0px 4px 0px 4px" class="hierarchy">0..*</td><td style="vertical-align: top; text-align : left; background-color: #F7F7F7; border: 0px #F0F0F0 solid; padding:0px 4px 0px 4px" class="hierarchy"><a href="http://hl7.org/fhir/R4/datatypes.html#Quantity">Quantity</a></td><td style="vertical-align: top; text-align : left; background-color: #F7F7F7; border: 0px #F0F0F0 solid; padding:0px 4px 0px 4px" class="hierarchy">ImmunizationDose VolumeUnit of Measure<br/></td></tr>
<tr style="border: 0px #F0F0F0 solid; padding:0px; vertical-align: top; background-color: white"><td style="vertical-align: top; text-align : left; background-color: white; border: 0px #F0F0F0 solid; padding:0px 4px 0px 4px; white-space: nowrap; background-image: url(tbl_bck10.png)" class="hierarchy"><img src="tbl_spacer.png" alt="." style="background-color: inherit" class="hierarchy"/><img src="tbl_vjoin.png" alt="." style="background-color: inherit" class="hierarchy"/><img src="icon_primitive.png" alt="." style="background-color: white; background-color: inherit" title="Primitive Data Type" class="hierarchy"/> <a href="StructureDefinition-Vaccination-definitions.html#Vaccination.doseNumber" title="Dose Number">doseNumber</a><a name="Vaccination.doseNumber"> </a></td><td style="vertical-align: top; text-align : left; background-color: white; border: 0px #F0F0F0 solid; padding:0px 4px 0px 4px" class="hierarchy"/><td style="vertical-align: top; text-align : left; background-color: white; border: 0px #F0F0F0 solid; padding:0px 4px 0px 4px" class="hierarchy">0..1</td><td style="vertical-align: top; text-align : left; background-color: white; border: 0px #F0F0F0 solid; padding:0px 4px 0px 4px" class="hierarchy"><a href="http://hl7.org/fhir/R4/datatypes.html#integer">integer</a></td><td style="vertical-align: top; text-align : left; background-color: white; border: 0px #F0F0F0 solid; padding:0px 4px 0px 4px" class="hierarchy">Dose Number</td></tr>
<tr style="border: 0px #F0F0F0 solid; padding:0px; vertical-align: top; background-color: #F7F7F7"><td style="vertical-align: top; text-align : left; background-color: #F7F7F7; border: 0px #F0F0F0 solid; padding:0px 4px 0px 4px; white-space: nowrap; background-image: url(tbl_bck10.png)" class="hierarchy"><img src="tbl_spacer.png" alt="." style="background-color: inherit" class="hierarchy"/><img src="tbl_vjoin.png" alt="." style="background-color: inherit" class="hierarchy"/><img src="icon_primitive.png" alt="." style="background-color: #F7F7F7; background-color: inherit" title="Primitive Data Type" class="hierarchy"/> <a href="StructureDefinition-Vaccination-definitions.html#Vaccination.seriesDoseNumber" title="Series Dose Number">seriesDoseNumber</a><a name="Vaccination.seriesDoseNumber"> </a></td><td style="vertical-align: top; text-align : left; background-color: #F7F7F7; border: 0px #F0F0F0 solid; padding:0px 4px 0px 4px" class="hierarchy"/><td style="vertical-align: top; text-align : left; background-color: #F7F7F7; border: 0px #F0F0F0 solid; padding:0px 4px 0px 4px" class="hierarchy">0..1</td><td style="vertical-align: top; text-align : left; background-color: #F7F7F7; border: 0px #F0F0F0 solid; padding:0px 4px 0px 4px" class="hierarchy"><a href="http://hl7.org/fhir/R4/datatypes.html#integer">integer</a></td><td style="vertical-align: top; text-align : left; background-color: #F7F7F7; border: 0px #F0F0F0 solid; padding:0px 4px 0px 4px" class="hierarchy">Series Dose Number</td></tr>
<tr style="border: 0px #F0F0F0 solid; padding:0px; vertical-align: top; background-color: white"><td style="vertical-align: top; text-align : left; background-color: white; border: 0px #F0F0F0 solid; padding:0px 4px 0px 4px; white-space: nowrap; background-image: url(tbl_bck10.png)" class="hierarchy"><img src="tbl_spacer.png" alt="." style="background-color: inherit" class="hierarchy"/><img src="tbl_vjoin.png" alt="." style="background-color: inherit" class="hierarchy"/><img src="icon_primitive.png" alt="." style="background-color: white; background-color: inherit" title="Primitive Data Type" class="hierarchy"/> <a href="StructureDefinition-Vaccination-definitions.html#Vaccination.seriesComplete" title="Vaccination series complete">seriesComplete</a><a name="Vaccination.seriesComplete"> </a></td><td style="vertical-align: top; text-align : left; background-color: white; border: 0px #F0F0F0 solid; padding:0px 4px 0px 4px" class="hierarchy"/><td style="vertical-align: top; text-align : left; background-color: white; border: 0px #F0F0F0 solid; padding:0px 4px 0px 4px" class="hierarchy">0..1</td><td style="vertical-align: top; text-align : left; background-color: white; border: 0px #F0F0F0 solid; padding:0px 4px 0px 4px" class="hierarchy"><a href="http://hl7.org/fhir/R4/datatypes.html#boolean">boolean</a></td><td style="vertical-align: top; text-align : left; background-color: white; border: 0px #F0F0F0 solid; padding:0px 4px 0px 4px" class="hierarchy">Vaccination series complete</td></tr>
<tr style="border: 0px #F0F0F0 solid; padding:0px; vertical-align: top; background-color: #F7F7F7"><td style="vertical-align: top; text-align : left; background-color: #F7F7F7; border: 0px #F0F0F0 solid; padding:0px 4px 0px 4px; white-space: nowrap; background-image: url(tbl_bck11.png)" class="hierarchy"><img src="tbl_spacer.png" alt="." style="background-color: inherit" class="hierarchy"/><img src="tbl_vjoin.png" alt="." style="background-color: inherit" class="hierarchy"/><img src="icon_datatype.gif" alt="." style="background-color: #F7F7F7; background-color: inherit" title="Data Type" class="hierarchy"/> <a href="StructureDefinition-Vaccination-definitions.html#Vaccination.administration" title="Immunization Administration">administration</a><a name="Vaccination.administration"> </a></td><td style="vertical-align: top; text-align : left; background-color: #F7F7F7; border: 0px #F0F0F0 solid; padding:0px 4px 0px 4px" class="hierarchy"/><td style="vertical-align: top; text-align : left; background-color: #F7F7F7; border: 0px #F0F0F0 solid; padding:0px 4px 0px 4px" class="hierarchy">0..1</td><td style="vertical-align: top; text-align : left; background-color: #F7F7F7; border: 0px #F0F0F0 solid; padding:0px 4px 0px 4px" class="hierarchy"><a href="http://hl7.org/fhir/R4/datatypes.html#BackboneElement">BackboneElement</a></td><td style="vertical-align: top; text-align : left; background-color: #F7F7F7; border: 0px #F0F0F0 solid; padding:0px 4px 0px 4px" class="hierarchy">Immunization Administration</td></tr>
<tr style="border: 0px #F0F0F0 solid; padding:0px; vertical-align: top; background-color: white"><td style="vertical-align: top; text-align : left; background-color: white; border: 0px #F0F0F0 solid; padding:0px 4px 0px 4px; white-space: nowrap; background-image: url(tbl_bck110.png)" class="hierarchy"><img src="tbl_spacer.png" alt="." style="background-color: inherit" class="hierarchy"/><img src="tbl_vline.png" alt="." style="background-color: inherit" class="hierarchy"/><img src="tbl_vjoin.png" alt="." style="background-color: inherit" class="hierarchy"/><img src="icon_primitive.png" alt="." style="background-color: white; background-color: inherit" title="Primitive Data Type" class="hierarchy"/> <a href="StructureDefinition-Vaccination-definitions.html#Vaccination.administration.date" title="The date the immunization was administered to the person. ">date</a><a name="Vaccination.administration.date"> </a></td><td style="vertical-align: top; text-align : left; background-color: white; border: 0px #F0F0F0 solid; padding:0px 4px 0px 4px" class="hierarchy"/><td style="vertical-align: top; text-align : left; background-color: white; border: 0px #F0F0F0 solid; padding:0px 4px 0px 4px" class="hierarchy">0..1</td><td style="vertical-align: top; text-align : left; background-color: white; border: 0px #F0F0F0 solid; padding:0px 4px 0px 4px" class="hierarchy"><a href="http://hl7.org/fhir/R4/datatypes.html#dateTime">dateTime</a></td><td style="vertical-align: top; text-align : left; background-color: white; border: 0px #F0F0F0 solid; padding:0px 4px 0px 4px" class="hierarchy">Date of Immunization Administration</td></tr>
<tr style="border: 0px #F0F0F0 solid; padding:0px; vertical-align: top; background-color: #F7F7F7"><td style="vertical-align: top; text-align : left; background-color: #F7F7F7; border: 0px #F0F0F0 solid; padding:0px 4px 0px 4px; white-space: nowrap; background-image: url(tbl_bck110.png)" class="hierarchy"><img src="tbl_spacer.png" alt="." style="background-color: inherit" class="hierarchy"/><img src="tbl_vline.png" alt="." style="background-color: inherit" class="hierarchy"/><img src="tbl_vjoin.png" alt="." style="background-color: inherit" class="hierarchy"/><img src="icon_primitive.png" alt="." style="background-color: #F7F7F7; background-color: inherit" title="Primitive Data Type" class="hierarchy"/> <a href="StructureDefinition-Vaccination-definitions.html#Vaccination.administration.estimatedDate" title="A flag to indicate the recorded date of the immunization was estimated.   ">estimatedDate</a><a name="Vaccination.administration.estimatedDate"> </a></td><td style="vertical-align: top; text-align : left; background-color: #F7F7F7; border: 0px #F0F0F0 solid; padding:0px 4px 0px 4px" class="hierarchy"/><td style="vertical-align: top; text-align : left; background-color: #F7F7F7; border: 0px #F0F0F0 solid; padding:0px 4px 0px 4px" class="hierarchy">0..1</td><td style="vertical-align: top; text-align : left; background-color: #F7F7F7; border: 0px #F0F0F0 solid; padding:0px 4px 0px 4px" class="hierarchy"><a href="http://hl7.org/fhir/R4/datatypes.html#boolean">boolean</a></td><td style="vertical-align: top; text-align : left; background-color: #F7F7F7; border: 0px #F0F0F0 solid; padding:0px 4px 0px 4px" class="hierarchy">Estimated Date Flag</td></tr>
<tr style="border: 0px #F0F0F0 solid; padding:0px; vertical-align: top; background-color: white"><td style="vertical-align: top; text-align : left; background-color: white; border: 0px #F0F0F0 solid; padding:0px 4px 0px 4px; white-space: nowrap; background-image: url(tbl_bck110.png)" class="hierarchy"><img src="tbl_spacer.png" alt="." style="background-color: inherit" class="hierarchy"/><img src="tbl_vline.png" alt="." style="background-color: inherit" class="hierarchy"/><img src="tbl_vjoin.png" alt="." style="background-color: inherit" class="hierarchy"/><img src="icon_datatype.gif" alt="." style="background-color: white; background-color: inherit" title="Data Type" class="hierarchy"/> <a href="StructureDefinition-Vaccination-definitions.html#Vaccination.administration.doseVolume" title="The volume of the dose injected; (e.g., influenza dose is 0.25 or 0.5).  ">doseVolume</a><a name="Vaccination.administration.doseVolume"> </a></td><td style="vertical-align: top; text-align : left; background-color: white; border: 0px #F0F0F0 solid; padding:0px 4px 0px 4px" class="hierarchy"/><td style="vertical-align: top; text-align : left; background-color: white; border: 0px #F0F0F0 solid; padding:0px 4px 0px 4px" class="hierarchy">0..*</td><td style="vertical-align: top; text-align : left; background-color: white; border: 0px #F0F0F0 solid; padding:0px 4px 0px 4px" class="hierarchy"><a href="http://hl7.org/fhir/R4/datatypes.html#Quantity">Quantity</a></td><td style="vertical-align: top; text-align : left; background-color: white; border: 0px #F0F0F0 solid; padding:0px 4px 0px 4px" class="hierarchy">Dose Volume<br/></td></tr>
<tr style="border: 0px #F0F0F0 solid; padding:0px; vertical-align: top; background-color: #F7F7F7"><td style="vertical-align: top; text-align : left; background-color: #F7F7F7; border: 0px #F0F0F0 solid; padding:0px 4px 0px 4px; white-space: nowrap; background-image: url(tbl_bck110.png)" class="hierarchy"><img src="tbl_spacer.png" alt="." style="background-color: inherit" class="hierarchy"/><img src="tbl_vline.png" alt="." style="background-color: inherit" class="hierarchy"/><img src="tbl_vjoin.png" alt="." style="background-color: inherit" class="hierarchy"/><img src="icon_datatype.gif" alt="." style="background-color: #F7F7F7; background-color: inherit" title="Data Type" class="hierarchy"/> <a href="StructureDefinition-Vaccination-definitions.html#Vaccination.administration.routeOfAdministration" title="Route by which the immunizing agent is administered to the body (intramuscular injection, subcutaneous injection, oral, etc.).">routeOfAdministration</a><a name="Vaccination.administration.routeOfAdministration"> </a></td><td style="vertical-align: top; text-align : left; background-color: #F7F7F7; border: 0px #F0F0F0 solid; padding:0px 4px 0px 4px" class="hierarchy"/><td style="vertical-align: top; text-align : left; background-color: #F7F7F7; border: 0px #F0F0F0 solid; padding:0px 4px 0px 4px" class="hierarchy">0..1</td><td style="vertical-align: top; text-align : left; background-color: #F7F7F7; border: 0px #F0F0F0 solid; padding:0px 4px 0px 4px" class="hierarchy"><a href="http://hl7.org/fhir/R4/datatypes.html#CodeableConcept">CodeableConcept</a></td><td style="vertical-align: top; text-align : left; background-color: #F7F7F7; border: 0px #F0F0F0 solid; padding:0px 4px 0px 4px" class="hierarchy">Immunization Route of Administration</td></tr>
<tr style="border: 0px #F0F0F0 solid; padding:0px; vertical-align: top; background-color: white"><td style="vertical-align: top; text-align : left; background-color: white; border: 0px #F0F0F0 solid; padding:0px 4px 0px 4px; white-space: nowrap; background-image: url(tbl_bck100.png)" class="hierarchy"><img src="tbl_spacer.png" alt="." style="background-color: inherit" class="hierarchy"/><img src="tbl_vline.png" alt="." style="background-color: inherit" class="hierarchy"/><img src="tbl_vjoin_end.png" alt="." style="background-color: inherit" class="hierarchy"/><img src="icon_datatype.gif" alt="." style="background-color: white; background-color: inherit" title="Data Type" class="hierarchy"/> <a href="StructureDefinition-Vaccination-definitions.html#Vaccination.administration.anatomicalSite" title="The set of body locations to or through which an immunizing agent may be administered.">anatomicalSite</a><a name="Vaccination.administration.anatomicalSite"> </a></td><td style="vertical-align: top; text-align : left; background-color: white; border: 0px #F0F0F0 solid; padding:0px 4px 0px 4px" class="hierarchy"/><td style="vertical-align: top; text-align : left; background-color: white; border: 0px #F0F0F0 solid; padding:0px 4px 0px 4px" class="hierarchy">0..1</td><td style="vertical-align: top; text-align : left; background-color: white; border: 0px #F0F0F0 solid; padding:0px 4px 0px 4px" class="hierarchy"><a href="http://hl7.org/fhir/R4/datatypes.html#CodeableConcept">CodeableConcept</a></td><td style="vertical-align: top; text-align : left; background-color: white; border: 0px #F0F0F0 solid; padding:0px 4px 0px 4px" class="hierarchy">Immunization Anatomical Site</td></tr>
<tr style="border: 0px #F0F0F0 solid; padding:0px; vertical-align: top; background-color: #F7F7F7"><td style="vertical-align: top; text-align : left; background-color: #F7F7F7; border: 0px #F0F0F0 solid; padding:0px 4px 0px 4px; white-space: nowrap; background-image: url(tbl_bck10.png)" class="hierarchy"><img src="tbl_spacer.png" alt="." style="background-color: inherit" class="hierarchy"/><img src="tbl_vjoin.png" alt="." style="background-color: inherit" class="hierarchy"/><img src="icon_primitive.png" alt="." style="background-color: #F7F7F7; background-color: inherit" title="Primitive Data Type" class="hierarchy"/> <a href="StructureDefinition-Vaccination-definitions.html#Vaccination.recordedDate" title="When the immunization was first captured in the subject&#39;s record">recordedDate</a><a name="Vaccination.recordedDate"> </a></td><td style="vertical-align: top; text-align : left; background-color: #F7F7F7; border: 0px #F0F0F0 solid; padding:0px 4px 0px 4px" class="hierarchy"/><td style="vertical-align: top; text-align : left; background-color: #F7F7F7; border: 0px #F0F0F0 solid; padding:0px 4px 0px 4px" class="hierarchy">0..1</td><td style="vertical-align: top; text-align : left; background-color: #F7F7F7; border: 0px #F0F0F0 solid; padding:0px 4px 0px 4px" class="hierarchy"><a href="http://hl7.org/fhir/R4/datatypes.html#dateTime">dateTime</a></td><td style="vertical-align: top; text-align : left; background-color: #F7F7F7; border: 0px #F0F0F0 solid; padding:0px 4px 0px 4px" class="hierarchy">Recorded Date</td></tr>
<tr style="border: 0px #F0F0F0 solid; padding:0px; vertical-align: top; background-color: white"><td style="vertical-align: top; text-align : left; background-color: white; border: 0px #F0F0F0 solid; padding:0px 4px 0px 4px; white-space: nowrap; background-image: url(tbl_bck10.png)" class="hierarchy"><img src="tbl_spacer.png" alt="." style="background-color: inherit" class="hierarchy"/><img src="tbl_vjoin.png" alt="." style="background-color: inherit" class="hierarchy"/><img src="icon_datatype.gif" alt="." style="background-color: white; background-color: inherit" title="Data Type" class="hierarchy"/> <a href="StructureDefinition-Vaccination-definitions.html#Vaccination.source" title="Source of information regarding the reported immunization event.">source</a><a name="Vaccination.source"> </a></td><td style="vertical-align: top; text-align : left; background-color: white; border: 0px #F0F0F0 solid; padding:0px 4px 0px 4px" class="hierarchy"/><td style="vertical-align: top; text-align : left; background-color: white; border: 0px #F0F0F0 solid; padding:0px 4px 0px 4px" class="hierarchy">0..*</td><td style="vertical-align: top; text-align : left; background-color: white; border: 0px #F0F0F0 solid; padding:0px 4px 0px 4px" class="hierarchy"><a href="http://hl7.org/fhir/R4/datatypes.html#BackboneElement">BackboneElement</a></td><td style="vertical-align: top; text-align : left; background-color: white; border: 0px #F0F0F0 solid; padding:0px 4px 0px 4px" class="hierarchy">Immunization Reporting Source<br/></td></tr>
<tr style="border: 0px #F0F0F0 solid; padding:0px; vertical-align: top; background-color: #F7F7F7"><td style="vertical-align: top; text-align : left; background-color: #F7F7F7; border: 0px #F0F0F0 solid; padding:0px 4px 0px 4px; white-space: nowrap; background-image: url(tbl_bck11.png)" class="hierarchy"><img src="tbl_spacer.png" alt="." style="background-color: inherit" class="hierarchy"/><img src="tbl_vjoin.png" alt="." style="background-color: inherit" class="hierarchy"/><img src="icon_datatype.gif" alt="." style="background-color: #F7F7F7; background-color: inherit" title="Data Type" class="hierarchy"/> <a href="StructureDefinition-Vaccination-definitions.html#Vaccination.reaction" title="Adverse Reaction">reaction</a><a name="Vaccination.reaction"> </a></td><td style="vertical-align: top; text-align : left; background-color: #F7F7F7; border: 0px #F0F0F0 solid; padding:0px 4px 0px 4px" class="hierarchy"/><td style="vertical-align: top; text-align : left; background-color: #F7F7F7; border: 0px #F0F0F0 solid; padding:0px 4px 0px 4px" class="hierarchy">0..*</td><td style="vertical-align: top; text-align : left; background-color: #F7F7F7; border: 0px #F0F0F0 solid; padding:0px 4px 0px 4px" class="hierarchy"><a href="http://hl7.org/fhir/R4/datatypes.html#BackboneElement">BackboneElement</a></td><td style="vertical-align: top; text-align : left; background-color: #F7F7F7; border: 0px #F0F0F0 solid; padding:0px 4px 0px 4px" class="hierarchy">Adverse Reaction<br/></td></tr>
<tr style="border: 0px #F0F0F0 solid; padding:0px; vertical-align: top; background-color: white"><td style="vertical-align: top; text-align : left; background-color: white; border: 0px #F0F0F0 solid; padding:0px 4px 0px 4px; white-space: nowrap; background-image: url(tbl_bck110.png)" class="hierarchy"><img src="tbl_spacer.png" alt="." style="background-color: inherit" class="hierarchy"/><img src="tbl_vline.png" alt="." style="background-color: inherit" class="hierarchy"/><img src="tbl_vjoin.png" alt="." style="background-color: inherit" class="hierarchy"/><img src="icon_primitive.png" alt="." style="background-color: white; background-color: inherit" title="Primitive Data Type" class="hierarchy"/> <a href="StructureDefinition-Vaccination-definitions.html#Vaccination.reaction.flag" title="A flag to identify an adverse reaction was reported following administration of a vaccine.">flag</a><a name="Vaccination.reaction.flag"> </a></td><td style="vertical-align: top; text-align : left; background-color: white; border: 0px #F0F0F0 solid; padding:0px 4px 0px 4px" class="hierarchy"/><td style="vertical-align: top; text-align : left; background-color: white; border: 0px #F0F0F0 solid; padding:0px 4px 0px 4px" class="hierarchy">0..1</td><td style="vertical-align: top; text-align : left; background-color: white; border: 0px #F0F0F0 solid; padding:0px 4px 0px 4px" class="hierarchy"><a href="http://hl7.org/fhir/R4/datatypes.html#boolean">boolean</a></td><td style="vertical-align: top; text-align : left; background-color: white; border: 0px #F0F0F0 solid; padding:0px 4px 0px 4px" class="hierarchy">Adverse Reaction Following Immunization Reported</td></tr>
<tr style="border: 0px #F0F0F0 solid; padding:0px; vertical-align: top; background-color: #F7F7F7"><td style="vertical-align: top; text-align : left; background-color: #F7F7F7; border: 0px #F0F0F0 solid; padding:0px 4px 0px 4px; white-space: nowrap; background-image: url(tbl_bck110.png)" class="hierarchy"><img src="tbl_spacer.png" alt="." style="background-color: inherit" class="hierarchy"/><img src="tbl_vline.png" alt="." style="background-color: inherit" class="hierarchy"/><img src="tbl_vjoin.png" alt="." style="background-color: inherit" class="hierarchy"/><img src="icon_primitive.png" alt="." style="background-color: #F7F7F7; background-color: inherit" title="Primitive Data Type" class="hierarchy"/> <a href="StructureDefinition-Vaccination-definitions.html#Vaccination.reaction.date" title="Reaction date">date</a><a name="Vaccination.reaction.date"> </a></td><td style="vertical-align: top; text-align : left; background-color: #F7F7F7; border: 0px #F0F0F0 solid; padding:0px 4px 0px 4px" class="hierarchy"/><td style="vertical-align: top; text-align : left; background-color: #F7F7F7; border: 0px #F0F0F0 solid; padding:0px 4px 0px 4px" class="hierarchy">0..1</td><td style="vertical-align: top; text-align : left; background-color: #F7F7F7; border: 0px #F0F0F0 solid; padding:0px 4px 0px 4px" class="hierarchy"><a href="http://hl7.org/fhir/R4/datatypes.html#dateTime">dateTime</a></td><td style="vertical-align: top; text-align : left; background-color: #F7F7F7; border: 0px #F0F0F0 solid; padding:0px 4px 0px 4px" class="hierarchy">Reaction date</td></tr>
<tr style="border: 0px #F0F0F0 solid; padding:0px; vertical-align: top; background-color: white"><td style="vertical-align: top; text-align : left; background-color: white; border: 0px #F0F0F0 solid; padding:0px 4px 0px 4px; white-space: nowrap; background-image: url(tbl_bck110.png)" class="hierarchy"><img src="tbl_spacer.png" alt="." style="background-color: inherit" class="hierarchy"/><img src="tbl_vline.png" alt="." style="background-color: inherit" class="hierarchy"/><img src="tbl_vjoin.png" alt="." style="background-color: inherit" class="hierarchy"/><img src="icon_datatype.gif" alt="." style="background-color: white; background-color: inherit" title="Data Type" class="hierarchy"/> <a href="StructureDefinition-Vaccination-definitions.html#Vaccination.reaction.detail" title="Reaction detail">detail</a><a name="Vaccination.reaction.detail"> </a></td><td style="vertical-align: top; text-align : left; background-color: white; border: 0px #F0F0F0 solid; padding:0px 4px 0px 4px" class="hierarchy"/><td style="vertical-align: top; text-align : left; background-color: white; border: 0px #F0F0F0 solid; padding:0px 4px 0px 4px" class="hierarchy">0..1</td><td style="vertical-align: top; text-align : left; background-color: white; border: 0px #F0F0F0 solid; padding:0px 4px 0px 4px" class="hierarchy"><a href="http://hl7.org/fhir/R4/datatypes.html#BackboneElement">BackboneElement</a></td><td style="vertical-align: top; text-align : left; background-color: white; border: 0px #F0F0F0 solid; padding:0px 4px 0px 4px" class="hierarchy">Reaction detail</td></tr>
<tr style="border: 0px #F0F0F0 solid; padding:0px; vertical-align: top; background-color: #F7F7F7"><td style="vertical-align: top; text-align : left; background-color: #F7F7F7; border: 0px #F0F0F0 solid; padding:0px 4px 0px 4px; white-space: nowrap; background-image: url(tbl_bck100.png)" class="hierarchy"><img src="tbl_spacer.png" alt="." style="background-color: inherit" class="hierarchy"/><img src="tbl_vline.png" alt="." style="background-color: inherit" class="hierarchy"/><img src="tbl_vjoin_end.png" alt="." style="background-color: inherit" class="hierarchy"/><img src="icon_primitive.png" alt="." style="background-color: #F7F7F7; background-color: inherit" title="Primitive Data Type" class="hierarchy"/> <a href="StructureDefinition-Vaccination-definitions.html#Vaccination.reaction.note" title="Additional information relevant to the immunization record.">note</a><a name="Vaccination.reaction.note"> </a></td><td style="vertical-align: top; text-align : left; background-color: #F7F7F7; border: 0px #F0F0F0 solid; padding:0px 4px 0px 4px" class="hierarchy"/><td style="vertical-align: top; text-align : left; background-color: #F7F7F7; border: 0px #F0F0F0 solid; padding:0px 4px 0px 4px" class="hierarchy">0..1</td><td style="vertical-align: top; text-align : left; background-color: #F7F7F7; border: 0px #F0F0F0 solid; padding:0px 4px 0px 4px" class="hierarchy"><a href="http://hl7.org/fhir/R4/datatypes.html#markdown">markdown</a></td><td style="vertical-align: top; text-align : left; background-color: #F7F7F7; border: 0px #F0F0F0 solid; padding:0px 4px 0px 4px" class="hierarchy">Immunization Notes</td></tr>
<tr style="border: 0px #F0F0F0 solid; padding:0px; vertical-align: top; background-color: white"><td style="vertical-align: top; text-align : left; background-color: white; border: 0px #F0F0F0 solid; padding:0px 4px 0px 4px; white-space: nowrap; background-image: url(tbl_bck01.png)" class="hierarchy"><img src="tbl_spacer.png" alt="." style="background-color: inherit" class="hierarchy"/><img src="tbl_vjoin_end.png" alt="." style="background-color: inherit" class="hierarchy"/><img src="icon_datatype.gif" alt="." style="background-color: white; background-color: inherit" title="Data Type" class="hierarchy"/> <a href="StructureDefinition-Vaccination-definitions.html#Vaccination.forecast" title="Client&#39;s immunization forecast">forecast</a><a name="Vaccination.forecast"> </a></td><td style="vertical-align: top; text-align : left; background-color: white; border: 0px #F0F0F0 solid; padding:0px 4px 0px 4px" class="hierarchy"/><td style="vertical-align: top; text-align : left; background-color: white; border: 0px #F0F0F0 solid; padding:0px 4px 0px 4px" class="hierarchy">0..1</td><td style="vertical-align: top; text-align : left; background-color: white; border: 0px #F0F0F0 solid; padding:0px 4px 0px 4px" class="hierarchy"><a href="http://hl7.org/fhir/R4/datatypes.html#BackboneElement">BackboneElement</a></td><td style="vertical-align: top; text-align : left; background-color: white; border: 0px #F0F0F0 solid; padding:0px 4px 0px 4px" class="hierarchy">Client&#39;s immunization forecast</td></tr>
<tr style="border: 0px #F0F0F0 solid; padding:0px; vertical-align: top; background-color: #F7F7F7"><td style="vertical-align: top; text-align : left; background-color: #F7F7F7; border: 0px #F0F0F0 solid; padding:0px 4px 0px 4px; white-space: nowrap; background-image: url(tbl_bck010.png)" class="hierarchy"><img src="tbl_spacer.png" alt="." style="background-color: inherit" class="hierarchy"/><img src="tbl_blank.png" alt="." style="background-color: inherit" class="hierarchy"/><img src="tbl_vjoin.png" alt="." style="background-color: inherit" class="hierarchy"/><img src="icon_primitive.png" alt="." style="background-color: #F7F7F7; background-color: inherit" title="Primitive Data Type" class="hierarchy"/> <a href="StructureDefinition-Vaccination-definitions.html#Vaccination.forecast.creationDate" title="The date the client&#39;s immunization forecast was generated ">creationDate</a><a name="Vaccination.forecast.creationDate"> </a></td><td style="vertical-align: top; text-align : left; background-color: #F7F7F7; border: 0px #F0F0F0 solid; padding:0px 4px 0px 4px" class="hierarchy"/><td style="vertical-align: top; text-align : left; background-color: #F7F7F7; border: 0px #F0F0F0 solid; padding:0px 4px 0px 4px" class="hierarchy">0..1</td><td style="vertical-align: top; text-align : left; background-color: #F7F7F7; border: 0px #F0F0F0 solid; padding:0px 4px 0px 4px" class="hierarchy"><a href="http://hl7.org/fhir/R4/datatypes.html#dateTime">dateTime</a></td><td style="vertical-align: top; text-align : left; background-color: #F7F7F7; border: 0px #F0F0F0 solid; padding:0px 4px 0px 4px" class="hierarchy">Immunization Forecast Status Generated Date</td></tr>
<tr style="border: 0px #F0F0F0 solid; padding:0px; vertical-align: top; background-color: white"><td style="vertical-align: top; text-align : left; background-color: white; border: 0px #F0F0F0 solid; padding:0px 4px 0px 4px; white-space: nowrap; background-image: url(tbl_bck011.png)" class="hierarchy"><img src="tbl_spacer.png" alt="." style="background-color: inherit" class="hierarchy"/><img src="tbl_blank.png" alt="." style="background-color: inherit" class="hierarchy"/><img src="tbl_vjoin.png" alt="." style="background-color: inherit" class="hierarchy"/><img src="icon_datatype.gif" alt="." style="background-color: white; background-color: inherit" title="Data Type" class="hierarchy"/> <a href="StructureDefinition-Vaccination-definitions.html#Vaccination.forecast.date" title="The date provided in the client&#39;s immunization forecast.">date</a><a name="Vaccination.forecast.date"> </a></td><td style="vertical-align: top; text-align : left; background-color: white; border: 0px #F0F0F0 solid; padding:0px 4px 0px 4px" class="hierarchy"/><td style="vertical-align: top; text-align : left; background-color: white; border: 0px #F0F0F0 solid; padding:0px 4px 0px 4px" class="hierarchy">0..*</td><td style="vertical-align: top; text-align : left; background-color: white; border: 0px #F0F0F0 solid; padding:0px 4px 0px 4px" class="hierarchy"><a href="http://hl7.org/fhir/R4/datatypes.html#BackboneElement">BackboneElement</a></td><td style="vertical-align: top; text-align : left; background-color: white; border: 0px #F0F0F0 solid; padding:0px 4px 0px 4px" class="hierarchy">Immunization Forecast Date<br/></td></tr>
<tr style="border: 0px #F0F0F0 solid; padding:0px; vertical-align: top; background-color: #F7F7F7"><td style="vertical-align: top; text-align : left; background-color: #F7F7F7; border: 0px #F0F0F0 solid; padding:0px 4px 0px 4px; white-space: nowrap; background-image: url(tbl_bck0110.png)" class="hierarchy"><img src="tbl_spacer.png" alt="." style="background-color: inherit" class="hierarchy"/><img src="tbl_blank.png" alt="." style="background-color: inherit" class="hierarchy"/><img src="tbl_vline.png" alt="." style="background-color: inherit" class="hierarchy"/><img src="tbl_vjoin.png" alt="." style="background-color: inherit" class="hierarchy"/><img src="icon_datatype.gif" alt="." style="background-color: #F7F7F7; background-color: inherit" title="Data Type" class="hierarchy"/> <a href="StructureDefinition-Vaccination-definitions.html#Vaccination.forecast.date.type" title="Type of immunization forecast date;  based on the immunization forecast types.">type</a><a name="Vaccination.forecast.date.type"> </a></td><td style="vertical-align: top; text-align : left; background-color: #F7F7F7; border: 0px #F0F0F0 solid; padding:0px 4px 0px 4px" class="hierarchy"/><td style="vertical-align: top; text-align : left; background-color: #F7F7F7; border: 0px #F0F0F0 solid; padding:0px 4px 0px 4px" class="hierarchy">0..1</td><td style="vertical-align: top; text-align : left; background-color: #F7F7F7; border: 0px #F0F0F0 solid; padding:0px 4px 0px 4px" class="hierarchy"><a href="http://hl7.org/fhir/R4/datatypes.html#CodeableConcept">CodeableConcept</a></td><td style="vertical-align: top; text-align : left; background-color: #F7F7F7; border: 0px #F0F0F0 solid; padding:0px 4px 0px 4px" class="hierarchy">Immunization Forecast Date Type</td></tr>
<tr style="border: 0px #F0F0F0 solid; padding:0px; vertical-align: top; background-color: white"><td style="vertical-align: top; text-align : left; background-color: white; border: 0px #F0F0F0 solid; padding:0px 4px 0px 4px; white-space: nowrap; background-image: url(tbl_bck0100.png)" class="hierarchy"><img src="tbl_spacer.png" alt="." style="background-color: inherit" class="hierarchy"/><img src="tbl_blank.png" alt="." style="background-color: inherit" class="hierarchy"/><img src="tbl_vline.png" alt="." style="background-color: inherit" class="hierarchy"/><img src="tbl_vjoin_end.png" alt="." style="background-color: inherit" class="hierarchy"/><img src="icon_primitive.png" alt="." style="background-color: white; background-color: inherit" title="Primitive Data Type" class="hierarchy"/> <a href="StructureDefinition-Vaccination-definitions.html#Vaccination.forecast.date.value" title="The date provided in the client&#39;s immunization forecast.">value</a><a name="Vaccination.forecast.date.value"> </a></td><td style="vertical-align: top; text-align : left; background-color: white; border: 0px #F0F0F0 solid; padding:0px 4px 0px 4px" class="hierarchy"/><td style="vertical-align: top; text-align : left; background-color: white; border: 0px #F0F0F0 solid; padding:0px 4px 0px 4px" class="hierarchy">0..1</td><td style="vertical-align: top; text-align : left; background-color: white; border: 0px #F0F0F0 solid; padding:0px 4px 0px 4px" class="hierarchy"><a href="http://hl7.org/fhir/R4/datatypes.html#dateTime">dateTime</a></td><td style="vertical-align: top; text-align : left; background-color: white; border: 0px #F0F0F0 solid; padding:0px 4px 0px 4px" class="hierarchy">Immunization Forecast Date</td></tr>
<tr style="border: 0px #F0F0F0 solid; padding:0px; vertical-align: top; background-color: #F7F7F7"><td style="vertical-align: top; text-align : left; background-color: #F7F7F7; border: 0px #F0F0F0 solid; padding:0px 4px 0px 4px; white-space: nowrap; background-image: url(tbl_bck000.png)" class="hierarchy"><img src="tbl_spacer.png" alt="." style="background-color: inherit" class="hierarchy"/><img src="tbl_blank.png" alt="." style="background-color: inherit" class="hierarchy"/><img src="tbl_vjoin_end.png" alt="." style="background-color: inherit" class="hierarchy"/><img src="icon_datatype.gif" alt="." style="background-color: #F7F7F7; background-color: inherit" title="Data Type" class="hierarchy"/> <a href="StructureDefinition-Vaccination-definitions.html#Vaccination.forecast.status" title="Represents the client&#39;s requirement for a particular Administrable Immunizing Agent.">status</a><a name="Vaccination.forecast.status"> </a></td><td style="vertical-align: top; text-align : left; background-color: #F7F7F7; border: 0px #F0F0F0 solid; padding:0px 4px 0px 4px" class="hierarchy"/><td style="vertical-align: top; text-align : left; background-color: #F7F7F7; border: 0px #F0F0F0 solid; padding:0px 4px 0px 4px" class="hierarchy">0..1</td><td style="vertical-align: top; text-align : left; background-color: #F7F7F7; border: 0px #F0F0F0 solid; padding:0px 4px 0px 4px" class="hierarchy"><a href="http://hl7.org/fhir/R4/datatypes.html#BackboneElement">BackboneElement</a></td><td style="vertical-align: top; text-align : left; background-color: #F7F7F7; border: 0px #F0F0F0 solid; padding:0px 4px 0px 4px" class="hierarchy">Immunization Forecast Status</td></tr>
<tr><td colspan="5" class="hierarchy"><br/><a href="http://hl7.org/fhir/R4/formats.html#table" title="Legend for this format"><img src="http://hl7.org/fhir/R4/help16.png" alt="doco" style="background-color: inherit"/> Documentation for this format</a></td></tr></table></div></text><url value="http://iso.org/fhir/ts-5384/StructureDefinition/Vaccination"/><version value="0.0.1"/><name value="Vaccination"/><title value="ISO TS 5384 data model"/><status value="draft"/><experimental value="true"/><date value="2021-04-12T08:01:09+00:00"/><publisher value="ISO"/><contact><telecom><system value="url"/><value value="https://www.iso.int"/></telecom></contact><description value="ISO TS 5384 data model"/><jurisdiction><coding><system value="http://unstats.un.org/unsd/methods/m49/m49.htm"/><code value="001"/></coding></jurisdiction><fhirVersion value="4.0.1"/><mapping><identity value="rim"/><uri value="http://hl7.org/v3"/><name value="RIM Mapping"/></mapping><kind value="logical"/><abstract value="false"/><type value="Vaccination"/><baseDefinition value="http://hl7.org/fhir/StructureDefinition/Element"/><derivation value="specialization"/><snapshot><element id="Vaccination"><path value="Vaccination"/><short value="Vaccination"/><definition value="Vaccination"/><min value="1"/><max value="1"/><base><path value="Element"/><min value="0"/><max value="*"/></base><condition value="ele-1"/><constraint><key value="ele-1"/><severity value="error"/><human value="All FHIR elements must have a @value or children"/><expression value="hasValue() or (children().count() &gt; id.count())"/><xpath value="@value|f:*|h:div"/><source value="http://hl7.org/fhir/StructureDefinition/Element"/></constraint><isModifier value="false"/><mapping><identity value="rim"/><map value="n/a"/></mapping></element><element id="Vaccination.id"><path value="Vaccination.id"/><representation value="xmlAttr"/><short value="Unique id for inter-element referencing"/><definition value="Unique id for the element within a resource (for internal references). This may be any string value that does not contain spaces."/><min value="0"/><max value="1"/><base><path value="Element.id"/><min value="0"/><max value="1"/></base><type><extension url="http://hl7.org/fhir/StructureDefinition/structuredefinition-fhir-type"><valueUrl value="string"/></extension><code value="http://hl7.org/fhirpath/System.String"/></type><isModifier value="false"/><isSummary value="false"/><mapping><identity value="rim"/><map value="n/a"/></mapping></element><element id="Vaccination.extension"><path value="Vaccination.extension"/><slicing><discriminator><type value="value"/><path value="url"/></discriminator><description value="Extensions are always sliced by (at least) url"/><rules value="open"/></slicing><short value="Additional content defined by implementations"/><definition value="May be used to represent additional information that is not part of the basic definition of the element. To make the use of extensions safe and manageable, there is a strict set of governance  applied to the definition and use of extensions. Though any implementer can define an extension, there is a set of requirements that SHALL be met as part of the definition of the extension."/><comment value="There can be no stigma associated with the use of extensions by any application, project, or standard - regardless of the institution or jurisdiction that uses or defines the extensions.  The use of extensions is what allows the FHIR specification to retain a core level of simplicity for everyone."/><alias value="extensions"/><alias value="user content"/><min value="0"/><max value="*"/><base><path value="Element.extension"/><min value="0"/><max value="*"/></base><type><code value="Extension"/></type><constraint><key value="ele-1"/><severity value="error"/><human value="All FHIR elements must have a @value or children"/><expression value="hasValue() or (children().count() &gt; id.count())"/><xpath value="@value|f:*|h:div"/><source value="http://hl7.org/fhir/StructureDefinition/Element"/></constraint><constraint><key value="ext-1"/><severity value="error"/><human value="Must have either extensions or value[x], not both"/><expression value="extension.exists() != value.exists()"/><xpath value="exists(f:extension)!=exists(f:*[starts-with(local-name(.), &quot;value&quot;)])"/><source value="http://hl7.org/fhir/StructureDefinition/Extension"/></constraint><isModifier value="false"/><isSummary value="false"/><mapping><identity value="rim"/><map value="n/a"/></mapping></element><element id="Vaccination.given"><path value="Vaccination.given"/><short value="Immunization Administration Status"/><definition value="Provides the status of the immunization event, i.e., was the vaccine dose administered?"/><min value="0"/><max value="*"/><base><path value="Vaccination.given"/><min value="0"/><max value="*"/></base><type><code value="boolean"/></type></element><element id="Vaccination.agent"><path value="Vaccination.agent"/><short value="Immunizing Agent (Generic)"/><definition value="Generic representation of the formulation administered to a client that includes one or more specific antigen(s) aimed at developing an immune response in an individual to provide protection from a vaccine preventable disease(s). "/><min value="0"/><max value="*"/><base><path value="Vaccination.agent"/><min value="0"/><max value="*"/></base><type><code value="CodeableConcept"/></type></element><element id="Vaccination.targetDisease"><path value="Vaccination.targetDisease"/><short value="Vaccine Preventable Disease"/><definition value="The disease that the vaccination provides protection against."/><min value="0"/><max value="*"/><base><path value="Vaccination.targetDisease"/><min value="0"/><max value="*"/></base><type><code value="CodeableConcept"/></type></element><element id="Vaccination.product"><path value="Vaccination.product"/><short value="Administrable Product"/><definition value="Administrable Product"/><min value="0"/><max value="*"/><base><path value="Vaccination.product"/><min value="0"/><max value="*"/></base><type><code value="BackboneElement"/></type></element><element id="Vaccination.product.agent"><path value="Vaccination.product.agent"/><short value="Administrable Immunizing Agent (Trade Name)"/><definition value="A Medicinal Product administered to a client that includes one or more specific antigen(s) aimed at developing an immune response in an individual to provide protection from a vaccine preventable disease(s).  "/><min value="0"/><max value="*"/><base><path value="Vaccination.product.agent"/><min value="0"/><max value="*"/></base><type><code value="CodeableConcept"/></type></element><element id="Vaccination.product.marketAuthorizationHolder"><path value="Vaccination.product.marketAuthorizationHolder"/><short value="Market Authorization Holder (MAH)"/><definition value="the organisation that holds the authorisation for marketing a Medicinal Product in a region"/><min value="0"/><max value="*"/><base><path value="Vaccination.product.marketAuthorizationHolder"/><min value="0"/><max value="*"/></base><type><code value="Organization"/></type></element><element id="Vaccination.product.manufacturer"><path value="Vaccination.product.manufacturer"/><short value="manufacturer"/><definition value="Organisation that holds the authorisation for the manufacturing process"/><min value="0"/><max value="*"/><base><path value="Vaccination.product.manufacturer"/><min value="0"/><max value="*"/></base><type><code value="Organization"/></type></element><element id="Vaccination.product.antigen"><path value="Vaccination.product.antigen"/><short value="Antigen"/><definition value="A substance that the body recognizes as foreign; triggers an immune response to a specific disease with a role of an antigen. Derivable from vaccine product."/><min value="0"/><max value="*"/><base><path value="Vaccination.product.antigen"/><min value="0"/><max value="*"/></base><type><code value="CodeableConcept"/></type></element><element id="Vaccination.product.lotNumber"><path value="Vaccination.product.lotNumber"/><short value="Administrable Immunizing Agent Lot Number"/><definition value="The lot number of the Administrable Immunizing Agent, as assigned by the manufacturer."/><min value="0"/><max value="1"/><base><path value="Vaccination.product.lotNumber"/><min value="0"/><max value="1"/></base><type><code value="string"/></type></element><element id="Vaccination.product.expiryDate"><path value="Vaccination.product.expiryDate"/><short value="Immuning Agent Expiry Date"/><definition value="Date, assigned to the Administrable Immunizing Agent by the manufacturer, after which the agent should not be administered as product integrity cannot be guaranteed.   "/><min value="0"/><max value="1"/><base><path value="Vaccination.product.expiryDate"/><min value="0"/><max value="1"/></base><type><code value="dateTime"/></type></element><element id="Vaccination.product.stregth"><path value="Vaccination.product.stregth"/><short value="ImmunizationDose VolumeUnit of Measure"/><definition value="Used to specify the units for immunizing agent dose volume quantities"/><min value="0"/><max value="*"/><base><path value="Vaccination.product.stregth"/><min value="0"/><max value="*"/></base><type><code value="Quantity"/></type></element><element id="Vaccination.doseNumber"><path value="Vaccination.doseNumber"/><short value="Dose Number"/><definition value="Dose Number"/><min value="0"/><max value="1"/><base><path value="Vaccination.doseNumber"/><min value="0"/><max value="1"/></base><type><code value="integer"/></type></element><element id="Vaccination.seriesDoseNumber"><path value="Vaccination.seriesDoseNumber"/><short value="Series Dose Number"/><definition value="Series Dose Number"/><min value="0"/><max value="1"/><base><path value="Vaccination.seriesDoseNumber"/><min value="0"/><max value="1"/></base><type><code value="integer"/></type></element><element id="Vaccination.seriesComplete"><path value="Vaccination.seriesComplete"/><short value="Vaccination series complete"/><definition value="Vaccination series complete"/><min value="0"/><max value="1"/><base><path value="Vaccination.seriesComplete"/><min value="0"/><max value="1"/></base><type><code value="boolean"/></type></element><element id="Vaccination.administration"><path value="Vaccination.administration"/><short value="Immunization Administration"/><definition value="Immunization Administration"/><min value="0"/><max value="1"/><base><path value="Vaccination.administration"/><min value="0"/><max value="1"/></base><type><code value="BackboneElement"/></type></element><element id="Vaccination.administration.date"><path value="Vaccination.administration.date"/><short value="Date of Immunization Administration"/><definition value="The date the immunization was administered to the person. "/><min value="0"/><max value="1"/><base><path value="Vaccination.administration.date"/><min value="0"/><max value="1"/></base><type><code value="dateTime"/></type></element><element id="Vaccination.administration.estimatedDate"><path value="Vaccination.administration.estimatedDate"/><short value="Estimated Date Flag"/><definition value="A flag to indicate the recorded date of the immunization was estimated.   "/><min value="0"/><max value="1"/><base><path value="Vaccination.administration.estimatedDate"/><min value="0"/><max value="1"/></base><type><code value="boolean"/></type></element><element id="Vaccination.administration.doseVolume"><path value="Vaccination.administration.doseVolume"/><short value="Dose Volume"/><definition value="The volume of the dose injected; (e.g., influenza dose is 0.25 or 0.5).  "/><min value="0"/><max value="*"/><base><path value="Vaccination.administration.doseVolume"/><min value="0"/><max value="*"/></base><type><code value="Quantity"/></type></element><element id="Vaccination.administration.routeOfAdministration"><path value="Vaccination.administration.routeOfAdministration"/><short value="Immunization Route of Administration"/><definition value="Route by which the immunizing agent is administered to the body (intramuscular injection, subcutaneous injection, oral, etc.)."/><min value="0"/><max value="1"/><base><path value="Vaccination.administration.routeOfAdministration"/><min value="0"/><max value="1"/></base><type><code value="CodeableConcept"/></type></element><element id="Vaccination.administration.anatomicalSite"><path value="Vaccination.administration.anatomicalSite"/><short value="Immunization Anatomical Site"/><definition value="The set of body locations to or through which an immunizing agent may be administered."/><min value="0"/><max value="1"/><base><path value="Vaccination.administration.anatomicalSite"/><min value="0"/><max value="1"/></base><type><code value="CodeableConcept"/></type></element><element id="Vaccination.recordedDate"><path value="Vaccination.recordedDate"/><short value="Recorded Date"/><definition value="When the immunization was first captured in the subject&#39;s record"/><min value="0"/><max value="1"/><base><path value="Vaccination.recordedDate"/><min value="0"/><max value="1"/></base><type><code value="dateTime"/></type></element><element id="Vaccination.source"><path value="Vaccination.source"/><short value="Immunization Reporting Source"/><definition value="Source of information regarding the reported immunization event."/><min value="0"/><max value="*"/><base><path value="Vaccination.source"/><min value="0"/><max value="*"/></base><type><code value="BackboneElement"/></type></element><element id="Vaccination.reaction"><path value="Vaccination.reaction"/><short value="Adverse Reaction"/><definition value="Adverse Reaction"/><min value="0"/><max value="*"/><base><path value="Vaccination.reaction"/><min value="0"/><max value="*"/></base><type><code value="BackboneElement"/></type></element><element id="Vaccination.reaction.flag"><path value="Vaccination.reaction.flag"/><short value="Adverse Reaction Following Immunization Reported"/><definition value="A flag to identify an adverse reaction was reported following administration of a vaccine."/><min value="0"/><max value="1"/><base><path value="Vaccination.reaction.flag"/><min value="0"/><max value="1"/></base><type><code value="boolean"/></type></element><element id="Vaccination.reaction.date"><path value="Vaccination.reaction.date"/><short value="Reaction date"/><definition value="Reaction date"/><min value="0"/><max value="1"/><base><path value="Vaccination.reaction.date"/><min value="0"/><max value="1"/></base><type><code value="dateTime"/></type></element><element id="Vaccination.reaction.detail"><path value="Vaccination.reaction.detail"/><short value="Reaction detail"/><definition value="Reaction detail"/><min value="0"/><max value="1"/><base><path value="Vaccination.reaction.detail"/><min value="0"/><max value="1"/></base><type><code value="BackboneElement"/></type></element><element id="Vaccination.reaction.note"><path value="Vaccination.reaction.note"/><short value="Immunization Notes"/><definition value="Additional information relevant to the immunization record."/><min value="0"/><max value="1"/><base><path value="Vaccination.reaction.note"/><min value="0"/><max value="1"/></base><type><code value="markdown"/></type></element><element id="Vaccination.forecast"><path value="Vaccination.forecast"/><short value="Client&#39;s immunization forecast"/><definition value="Client&#39;s immunization forecast"/><min value="0"/><max value="1"/><base><path value="Vaccination.forecast"/><min value="0"/><max value="1"/></base><type><code value="BackboneElement"/></type></element><element id="Vaccination.forecast.creationDate"><path value="Vaccination.forecast.creationDate"/><short value="Immunization Forecast Status Generated Date"/><definition value="The date the client&#39;s immunization forecast was generated "/><min value="0"/><max value="1"/><base><path value="Vaccination.forecast.creationDate"/><min value="0"/><max value="1"/></base><type><code value="dateTime"/></type></element><element id="Vaccination.forecast.date"><path value="Vaccination.forecast.date"/><short value="Immunization Forecast Date"/><definition value="The date provided in the client&#39;s immunization forecast."/><min value="0"/><max value="*"/><base><path value="Vaccination.forecast.date"/><min value="0"/><max value="*"/></base><type><code value="BackboneElement"/></type></element><element id="Vaccination.forecast.date.type"><path value="Vaccination.forecast.date.type"/><short value="Immunization Forecast Date Type"/><definition value="Type of immunization forecast date;  based on the immunization forecast types."/><min value="0"/><max value="1"/><base><path value="Vaccination.forecast.date.type"/><min value="0"/><max value="1"/></base><type><code value="CodeableConcept"/></type></element><element id="Vaccination.forecast.date.value"><path value="Vaccination.forecast.date.value"/><short value="Immunization Forecast Date"/><definition value="The date provided in the client&#39;s immunization forecast."/><min value="0"/><max value="1"/><base><path value="Vaccination.forecast.date.value"/><min value="0"/><max value="1"/></base><type><code value="dateTime"/></type></element><element id="Vaccination.forecast.status"><path value="Vaccination.forecast.status"/><short value="Immunization Forecast Status"/><definition value="Represents the client&#39;s requirement for a particular Administrable Immunizing Agent."/><min value="0"/><max value="1"/><base><path value="Vaccination.forecast.status"/><min value="0"/><max value="1"/></base><type><code value="BackboneElement"/></type></element></snapshot><differential><element id="Vaccination"><path value="Vaccination"/><short value="Vaccination"/><definition value="Vaccination"/><min value="1"/><max value="1"/></element><element id="Vaccination.given"><path value="Vaccination.given"/><short value="Immunization Administration Status"/><definition value="Provides the status of the immunization event, i.e., was the vaccine dose administered?"/><min value="0"/><max value="*"/><type><code value="boolean"/></type></element><element id="Vaccination.agent"><path value="Vaccination.agent"/><short value="Immunizing Agent (Generic)"/><definition value="Generic representation of the formulation administered to a client that includes one or more specific antigen(s) aimed at developing an immune response in an individual to provide protection from a vaccine preventable disease(s). "/><min value="0"/><max value="*"/><type><code value="CodeableConcept"/></type></element><element id="Vaccination.targetDisease"><path value="Vaccination.targetDisease"/><short value="Vaccine Preventable Disease"/><definition value="The disease that the vaccination provides protection against."/><min value="0"/><max value="*"/><type><code value="CodeableConcept"/></type></element><element id="Vaccination.product"><path value="Vaccination.product"/><short value="Administrable Product"/><definition value="Administrable Product"/><min value="0"/><max value="*"/><type><code value="BackboneElement"/></type></element><element id="Vaccination.product.agent"><path value="Vaccination.product.agent"/><short value="Administrable Immunizing Agent (Trade Name)"/><definition value="A Medicinal Product administered to a client that includes one or more specific antigen(s) aimed at developing an immune response in an individual to provide protection from a vaccine preventable disease(s).  "/><min value="0"/><max value="*"/><type><code value="CodeableConcept"/></type></element><element id="Vaccination.product.marketAuthorizationHolder"><path value="Vaccination.product.marketAuthorizationHolder"/><short value="Market Authorization Holder (MAH)"/><definition value="the organisation that holds the authorisation for marketing a Medicinal Product in a region"/><min value="0"/><max value="*"/><type><code value="Organization"/></type></element><element id="Vaccination.product.manufacturer"><path value="Vaccination.product.manufacturer"/><short value="manufacturer"/><definition value="Organisation that holds the authorisation for the manufacturing process"/><min value="0"/><max value="*"/><type><code value="Organization"/></type></element><element id="Vaccination.product.antigen"><path value="Vaccination.product.antigen"/><short value="Antigen"/><definition value="A substance that the body recognizes as foreign; triggers an immune response to a specific disease with a role of an antigen. Derivable from vaccine product."/><min value="0"/><max value="*"/><type><code value="CodeableConcept"/></type></element><element id="Vaccination.product.lotNumber"><path value="Vaccination.product.lotNumber"/><short value="Administrable Immunizing Agent Lot Number"/><definition value="The lot number of the Administrable Immunizing Agent, as assigned by the manufacturer."/><min value="0"/><max value="1"/><type><code value="string"/></type></element><element id="Vaccination.product.expiryDate"><path value="Vaccination.product.expiryDate"/><short value="Immuning Agent Expiry Date"/><definition value="Date, assigned to the Administrable Immunizing Agent by the manufacturer, after which the agent should not be administered as product integrity cannot be guaranteed.   "/><min value="0"/><max value="1"/><type><code value="dateTime"/></type></element><element id="Vaccination.product.stregth"><path value="Vaccination.product.stregth"/><short value="ImmunizationDose VolumeUnit of Measure"/><definition value="Used to specify the units for immunizing agent dose volume quantities"/><min value="0"/><max value="*"/><type><code value="Quantity"/></type></element><element id="Vaccination.doseNumber"><path value="Vaccination.doseNumber"/><short value="Dose Number"/><definition value="Dose Number"/><min value="0"/><max value="1"/><type><code value="integer"/></type></element><element id="Vaccination.seriesDoseNumber"><path value="Vaccination.seriesDoseNumber"/><short value="Series Dose Number"/><definition value="Series Dose Number"/><min value="0"/><max value="1"/><type><code value="integer"/></type></element><element id="Vaccination.seriesComplete"><path value="Vaccination.seriesComplete"/><short value="Vaccination series complete"/><definition value="Vaccination series complete"/><min value="0"/><max value="1"/><type><code value="boolean"/></type></element><element id="Vaccination.administration"><path value="Vaccination.administration"/><short value="Immunization Administration"/><definition value="Immunization Administration"/><min value="0"/><max value="1"/><type><code value="BackboneElement"/></type></element><element id="Vaccination.administration.date"><path value="Vaccination.administration.date"/><short value="Date of Immunization Administration"/><definition value="The date the immunization was administered to the person. "/><min value="0"/><max value="1"/><type><code value="dateTime"/></type></element><element id="Vaccination.administration.estimatedDate"><path value="Vaccination.administration.estimatedDate"/><short value="Estimated Date Flag"/><definition value="A flag to indicate the recorded date of the immunization was estimated.   "/><min value="0"/><max value="1"/><type><code value="boolean"/></type></element><element id="Vaccination.administration.doseVolume"><path value="Vaccination.administration.doseVolume"/><short value="Dose Volume"/><definition value="The volume of the dose injected; (e.g., influenza dose is 0.25 or 0.5).  "/><min value="0"/><max value="*"/><type><code value="Quantity"/></type></element><element id="Vaccination.administration.routeOfAdministration"><path value="Vaccination.administration.routeOfAdministration"/><short value="Immunization Route of Administration"/><definition value="Route by which the immunizing agent is administered to the body (intramuscular injection, subcutaneous injection, oral, etc.)."/><min value="0"/><max value="1"/><type><code value="CodeableConcept"/></type></element><element id="Vaccination.administration.anatomicalSite"><path value="Vaccination.administration.anatomicalSite"/><short value="Immunization Anatomical Site"/><definition value="The set of body locations to or through which an immunizing agent may be administered."/><min value="0"/><max value="1"/><type><code value="CodeableConcept"/></type></element><element id="Vaccination.recordedDate"><path value="Vaccination.recordedDate"/><short value="Recorded Date"/><definition value="When the immunization was first captured in the subject&#39;s record"/><min value="0"/><max value="1"/><type><code value="dateTime"/></type></element><element id="Vaccination.source"><path value="Vaccination.source"/><short value="Immunization Reporting Source"/><definition value="Source of information regarding the reported immunization event."/><min value="0"/><max value="*"/><type><code value="BackboneElement"/></type></element><element id="Vaccination.reaction"><path value="Vaccination.reaction"/><short value="Adverse Reaction"/><definition value="Adverse Reaction"/><min value="0"/><max value="*"/><type><code value="BackboneElement"/></type></element><element id="Vaccination.reaction.flag"><path value="Vaccination.reaction.flag"/><short value="Adverse Reaction Following Immunization Reported"/><definition value="A flag to identify an adverse reaction was reported following administration of a vaccine."/><min value="0"/><max value="1"/><type><code value="boolean"/></type></element><element id="Vaccination.reaction.date"><path value="Vaccination.reaction.date"/><short value="Reaction date"/><definition value="Reaction date"/><min value="0"/><max value="1"/><type><code value="dateTime"/></type></element><element id="Vaccination.reaction.detail"><path value="Vaccination.reaction.detail"/><short value="Reaction detail"/><definition value="Reaction detail"/><min value="0"/><max value="1"/><type><code value="BackboneElement"/></type></element><element id="Vaccination.reaction.note"><path value="Vaccination.reaction.note"/><short value="Immunization Notes"/><definition value="Additional information relevant to the immunization record."/><min value="0"/><max value="1"/><type><code value="markdown"/></type></element><element id="Vaccination.forecast"><path value="Vaccination.forecast"/><short value="Client&#39;s immunization forecast"/><definition value="Client&#39;s immunization forecast"/><min value="0"/><max value="1"/><type><code value="BackboneElement"/></type></element><element id="Vaccination.forecast.creationDate"><path value="Vaccination.forecast.creationDate"/><short value="Immunization Forecast Status Generated Date"/><definition value="The date the client&#39;s immunization forecast was generated "/><min value="0"/><max value="1"/><type><code value="dateTime"/></type></element><element id="Vaccination.forecast.date"><path value="Vaccination.forecast.date"/><short value="Immunization Forecast Date"/><definition value="The date provided in the client&#39;s immunization forecast."/><min value="0"/><max value="*"/><type><code value="BackboneElement"/></type></element><element id="Vaccination.forecast.date.type"><path value="Vaccination.forecast.date.type"/><short value="Immunization Forecast Date Type"/><definition value="Type of immunization forecast date;  based on the immunization forecast types."/><min value="0"/><max value="1"/><type><code value="CodeableConcept"/></type></element><element id="Vaccination.forecast.date.value"><path value="Vaccination.forecast.date.value"/><short value="Immunization Forecast Date"/><definition value="The date provided in the client&#39;s immunization forecast."/><min value="0"/><max value="1"/><type><code value="dateTime"/></type></element><element id="Vaccination.forecast.status"><path value="Vaccination.forecast.status"/><short value="Immunization Forecast Status"/><definition value="Represents the client&#39;s requirement for a particular Administrable Immunizing Agent."/><min value="0"/><max value="1"/><type><code value="BackboneElement"/></type></element></differential></StructureDefinition>