<?xml version="1.0" encoding="UTF-8"?><StructureDefinition xmlns="http://hl7.org/fhir"><id value="Product-uc2"/><text><status value="extensions"/><div xmlns="http://www.w3.org/1999/xhtml"><table border="0" cellpadding="0" cellspacing="0" style="border: 0px #F0F0F0 solid; font-size: 11px; font-family: verdana; vertical-align: top;"><tr style="border: 1px #F0F0F0 solid; font-size: 11px; font-family: verdana; vertical-align: top"><th style="vertical-align: top; text-align : left; background-color: white; border: 0px #F0F0F0 solid; padding:0px 4px 0px 4px" class="hierarchy"><a href="http://hl7.org/fhir/R4/formats.html#table" title="The logical name of the element">Name</a></th><th style="vertical-align: top; text-align : left; background-color: white; border: 0px #F0F0F0 solid; padding:0px 4px 0px 4px" class="hierarchy"><a href="http://hl7.org/fhir/R4/formats.html#table" title="Information about the use of the element">Flags</a></th><th style="vertical-align: top; text-align : left; background-color: white; border: 0px #F0F0F0 solid; padding:0px 4px 0px 4px" class="hierarchy"><a href="http://hl7.org/fhir/R4/formats.html#table" title="Minimum and Maximum # of times the the element can appear in the instance">Card.</a></th><th style="width: 100px" class="hierarchy"><a href="http://hl7.org/fhir/R4/formats.html#table" title="Reference to the type of the element">Type</a></th><th style="vertical-align: top; text-align : left; background-color: white; border: 0px #F0F0F0 solid; padding:0px 4px 0px 4px" class="hierarchy"><a href="http://hl7.org/fhir/R4/formats.html#table" title="Additional information about the element">Description &amp; Constraints</a><span style="float: right"><a href="http://hl7.org/fhir/R4/formats.html#table" title="Legend for this format"><img src="http://hl7.org/fhir/R4/help16.png" alt="doco" style="background-color: inherit"/></a></span></th></tr><tr style="border: 0px #F0F0F0 solid; padding:0px; vertical-align: top; background-color: white"><td style="vertical-align: top; text-align : left; background-color: white; border: 0px #F0F0F0 solid; padding:0px 4px 0px 4px; white-space: nowrap; background-image: url(tbl_bck1.png)" class="hierarchy"><img src="tbl_spacer.png" alt="." style="background-color: inherit" class="hierarchy"/><img src="icon_element.gif" alt="." style="background-color: white; background-color: inherit" title="Element" class="hierarchy"/> <a href="StructureDefinition-Product-uc2-definitions.html#Product">Product</a><a name="Product"> </a></td><td style="vertical-align: top; text-align : left; background-color: white; border: 0px #F0F0F0 solid; padding:0px 4px 0px 4px" class="hierarchy"/><td style="vertical-align: top; text-align : left; background-color: white; border: 0px #F0F0F0 solid; padding:0px 4px 0px 4px" class="hierarchy"><span style="opacity: 0.5">1</span><span style="opacity: 0.5">..</span><span style="opacity: 0.5">1</span></td><td style="vertical-align: top; text-align : left; background-color: white; border: 0px #F0F0F0 solid; padding:0px 4px 0px 4px" class="hierarchy"><a href="StructureDefinition-Product.html">Product</a></td><td style="vertical-align: top; text-align : left; background-color: white; border: 0px #F0F0F0 solid; padding:0px 4px 0px 4px" class="hierarchy"><span style="opacity: 0.5">Product</span></td></tr>
<tr style="border: 0px #F0F0F0 solid; padding:0px; vertical-align: top; background-color: #F7F7F7"><td style="vertical-align: top; text-align : left; background-color: #F7F7F7; border: 0px #F0F0F0 solid; padding:0px 4px 0px 4px; white-space: nowrap; background-image: url(tbl_bck11.png)" class="hierarchy"><img src="tbl_spacer.png" alt="." style="background-color: inherit" class="hierarchy"/><img src="tbl_vjoin.png" alt="." style="background-color: inherit" class="hierarchy"/><img src="icon_datatype.gif" alt="." style="background-color: #F7F7F7; background-color: inherit" title="Data Type" class="hierarchy"/> <a href="StructureDefinition-Product-uc2-definitions.html#Product.codeSet">codeSet</a><a name="Product.codeSet"> </a></td><td style="vertical-align: top; text-align : left; background-color: #F7F7F7; border: 0px #F0F0F0 solid; padding:0px 4px 0px 4px" class="hierarchy"/><td style="vertical-align: top; text-align : left; background-color: #F7F7F7; border: 0px #F0F0F0 solid; padding:0px 4px 0px 4px" class="hierarchy">1..1</td><td style="vertical-align: top; text-align : left; background-color: #F7F7F7; border: 0px #F0F0F0 solid; padding:0px 4px 0px 4px" class="hierarchy"><a href="http://hl7.org/fhir/R4/datatypes.html#BackboneElement">BackboneElement</a></td><td style="vertical-align: top; text-align : left; background-color: #F7F7F7; border: 0px #F0F0F0 solid; padding:0px 4px 0px 4px" class="hierarchy">[R] Set of product codes</td></tr>
<tr style="border: 0px #F0F0F0 solid; padding:0px; vertical-align: top; background-color: white"><td style="vertical-align: top; text-align : left; background-color: white; border: 0px #F0F0F0 solid; padding:0px 4px 0px 4px; white-space: nowrap; background-image: url(tbl_bck100.png)" class="hierarchy"><img src="tbl_spacer.png" alt="." style="background-color: inherit" class="hierarchy"/><img src="tbl_vline.png" alt="." style="background-color: inherit" class="hierarchy"/><img src="tbl_vjoin_end.png" alt="." style="background-color: inherit" class="hierarchy"/><img src="icon_element.gif" alt="." style="background-color: white; background-color: inherit" title="Element" class="hierarchy"/> <a href="StructureDefinition-Product-uc2-definitions.html#Product.codeSet.productCode">productCode</a><a name="Product.codeSet.productCode"> </a></td><td style="vertical-align: top; text-align : left; background-color: white; border: 0px #F0F0F0 solid; padding:0px 4px 0px 4px" class="hierarchy"/><td style="vertical-align: top; text-align : left; background-color: white; border: 0px #F0F0F0 solid; padding:0px 4px 0px 4px" class="hierarchy">1..*</td><td style="vertical-align: top; text-align : left; background-color: white; border: 0px #F0F0F0 solid; padding:0px 4px 0px 4px" class="hierarchy"><a style="opacity: 0.5" href="http://hl7.org/fhir/R4/datatypes.html#CodeableConcept">CodeableConcept</a></td><td style="vertical-align: top; text-align : left; background-color: white; border: 0px #F0F0F0 solid; padding:0px 4px 0px 4px" class="hierarchy">[R] Product code<br/></td></tr>
<tr style="border: 0px #F0F0F0 solid; padding:0px; vertical-align: top; background-color: #F7F7F7"><td style="vertical-align: top; text-align : left; background-color: #F7F7F7; border: 0px #F0F0F0 solid; padding:0px 4px 0px 4px; white-space: nowrap; background-image: url(tbl_bck11.png)" class="hierarchy"><img src="tbl_spacer.png" alt="." style="background-color: inherit" class="hierarchy"/><img src="tbl_vjoin.png" alt="." style="background-color: inherit" class="hierarchy"/><img src="icon_element.gif" alt="." style="background-color: #F7F7F7; background-color: inherit" title="Element" class="hierarchy"/> <a href="StructureDefinition-Product-uc2-definitions.html#Product.packageIdentifiers">packageIdentifiers</a><a name="Product.packageIdentifiers"> </a></td><td style="vertical-align: top; text-align : left; background-color: #F7F7F7; border: 0px #F0F0F0 solid; padding:0px 4px 0px 4px" class="hierarchy"/><td style="vertical-align: top; text-align : left; background-color: #F7F7F7; border: 0px #F0F0F0 solid; padding:0px 4px 0px 4px" class="hierarchy"/><td style="vertical-align: top; text-align : left; background-color: #F7F7F7; border: 0px #F0F0F0 solid; padding:0px 4px 0px 4px" class="hierarchy"/><td style="vertical-align: top; text-align : left; background-color: #F7F7F7; border: 0px #F0F0F0 solid; padding:0px 4px 0px 4px" class="hierarchy"/></tr>
<tr style="border: 0px #F0F0F0 solid; padding:0px; vertical-align: top; background-color: white"><td style="vertical-align: top; text-align : left; background-color: white; border: 0px #F0F0F0 solid; padding:0px 4px 0px 4px; white-space: nowrap; background-image: url(tbl_bck100.png)" class="hierarchy"><img src="tbl_spacer.png" alt="." style="background-color: inherit" class="hierarchy"/><img src="tbl_vline.png" alt="." style="background-color: inherit" class="hierarchy"/><img src="tbl_vjoin_end.png" alt="." style="background-color: inherit" class="hierarchy"/><img src="icon_element.gif" alt="." style="background-color: white; background-color: inherit" title="Element" class="hierarchy"/> <a href="StructureDefinition-Product-uc2-definitions.html#Product.packageIdentifiers.lotNumber">lotNumber</a><a name="Product.packageIdentifiers.lotNumber"> </a></td><td style="vertical-align: top; text-align : left; background-color: white; border: 0px #F0F0F0 solid; padding:0px 4px 0px 4px" class="hierarchy"><span style="padding-left: 3px; padding-right: 3px; color: white; background-color: red" title="This element must be supported">S</span></td><td style="vertical-align: top; text-align : left; background-color: white; border: 0px #F0F0F0 solid; padding:0px 4px 0px 4px" class="hierarchy">1..1</td><td style="vertical-align: top; text-align : left; background-color: white; border: 0px #F0F0F0 solid; padding:0px 4px 0px 4px" class="hierarchy"><a style="opacity: 0.5" href="http://hl7.org/fhir/R4/datatypes.html#string">string</a></td><td style="vertical-align: top; text-align : left; background-color: white; border: 0px #F0F0F0 solid; padding:0px 4px 0px 4px" class="hierarchy">[M] Lot Number</td></tr>
<tr style="border: 0px #F0F0F0 solid; padding:0px; vertical-align: top; background-color: #F7F7F7"><td style="vertical-align: top; text-align : left; background-color: #F7F7F7; border: 0px #F0F0F0 solid; padding:0px 4px 0px 4px; white-space: nowrap; background-image: url(tbl_bck10.png)" class="hierarchy"><img src="tbl_spacer.png" alt="." style="background-color: inherit" class="hierarchy"/><img src="tbl_vjoin.png" alt="." style="background-color: inherit" class="hierarchy"/><img src="icon_element.gif" alt="." style="background-color: #F7F7F7; background-color: inherit" title="Element" class="hierarchy"/> <a href="StructureDefinition-Product-uc2-definitions.html#Product.name">name</a><a name="Product.name"> </a></td><td style="vertical-align: top; text-align : left; background-color: #F7F7F7; border: 0px #F0F0F0 solid; padding:0px 4px 0px 4px" class="hierarchy"><span style="padding-left: 3px; padding-right: 3px; color: white; background-color: red" title="This element must be supported">S</span></td><td style="vertical-align: top; text-align : left; background-color: #F7F7F7; border: 0px #F0F0F0 solid; padding:0px 4px 0px 4px" class="hierarchy"><span style="opacity: 0.5">0</span><span style="opacity: 0.5">..</span><span style="opacity: 0.5">*</span></td><td style="vertical-align: top; text-align : left; background-color: #F7F7F7; border: 0px #F0F0F0 solid; padding:0px 4px 0px 4px" class="hierarchy"><a style="opacity: 0.5" href="http://hl7.org/fhir/R4/datatypes.html#string">string</a></td><td style="vertical-align: top; text-align : left; background-color: #F7F7F7; border: 0px #F0F0F0 solid; padding:0px 4px 0px 4px" class="hierarchy">[RK] Product Name</td></tr>
<tr style="border: 0px #F0F0F0 solid; padding:0px; vertical-align: top; background-color: white"><td style="vertical-align: top; text-align : left; background-color: white; border: 0px #F0F0F0 solid; padding:0px 4px 0px 4px; white-space: nowrap; background-image: url(tbl_bck11.png)" class="hierarchy"><img src="tbl_spacer.png" alt="." style="background-color: inherit" class="hierarchy"/><img src="tbl_vjoin.png" alt="." style="background-color: inherit" class="hierarchy"/><img src="icon_element.gif" alt="." style="background-color: white; background-color: inherit" title="Element" class="hierarchy"/> <a href="StructureDefinition-Product-uc2-definitions.html#Product.composition">composition</a><a name="Product.composition"> </a></td><td style="vertical-align: top; text-align : left; background-color: white; border: 0px #F0F0F0 solid; padding:0px 4px 0px 4px" class="hierarchy"/><td style="vertical-align: top; text-align : left; background-color: white; border: 0px #F0F0F0 solid; padding:0px 4px 0px 4px" class="hierarchy"/><td style="vertical-align: top; text-align : left; background-color: white; border: 0px #F0F0F0 solid; padding:0px 4px 0px 4px" class="hierarchy"/><td style="vertical-align: top; text-align : left; background-color: white; border: 0px #F0F0F0 solid; padding:0px 4px 0px 4px" class="hierarchy"/></tr>
<tr style="border: 0px #F0F0F0 solid; padding:0px; vertical-align: top; background-color: #F7F7F7"><td style="vertical-align: top; text-align : left; background-color: #F7F7F7; border: 0px #F0F0F0 solid; padding:0px 4px 0px 4px; white-space: nowrap; background-image: url(tbl_bck100.png)" class="hierarchy"><img src="tbl_spacer.png" alt="." style="background-color: inherit" class="hierarchy"/><img src="tbl_vline.png" alt="." style="background-color: inherit" class="hierarchy"/><img src="tbl_vjoin_end.png" alt="." style="background-color: inherit" class="hierarchy"/><img src="icon_element.gif" alt="." style="background-color: #F7F7F7; background-color: inherit" title="Element" class="hierarchy"/> <a href="StructureDefinition-Product-uc2-definitions.html#Product.composition.description">description</a><a name="Product.composition.description"> </a></td><td style="vertical-align: top; text-align : left; background-color: #F7F7F7; border: 0px #F0F0F0 solid; padding:0px 4px 0px 4px" class="hierarchy"><span style="padding-left: 3px; padding-right: 3px; color: white; background-color: red" title="This element must be supported">S</span></td><td style="vertical-align: top; text-align : left; background-color: #F7F7F7; border: 0px #F0F0F0 solid; padding:0px 4px 0px 4px" class="hierarchy"><span style="opacity: 0.5">0</span><span style="opacity: 0.5">..</span><span style="opacity: 0.5">1</span></td><td style="vertical-align: top; text-align : left; background-color: #F7F7F7; border: 0px #F0F0F0 solid; padding:0px 4px 0px 4px" class="hierarchy"><a style="opacity: 0.5" href="http://hl7.org/fhir/R4/datatypes.html#string">string</a></td><td style="vertical-align: top; text-align : left; background-color: #F7F7F7; border: 0px #F0F0F0 solid; padding:0px 4px 0px 4px" class="hierarchy"><span style="opacity: 0.5">Composition (textual tescription)</span></td></tr>
<tr style="border: 0px #F0F0F0 solid; padding:0px; vertical-align: top; background-color: white"><td style="vertical-align: top; text-align : left; background-color: white; border: 0px #F0F0F0 solid; padding:0px 4px 0px 4px; white-space: nowrap; background-image: url(tbl_bck10.png)" class="hierarchy"><img src="tbl_spacer.png" alt="." style="background-color: inherit" class="hierarchy"/><img src="tbl_vjoin.png" alt="." style="background-color: inherit" class="hierarchy"/><img src="icon_element.gif" alt="." style="background-color: white; background-color: inherit" title="Element" class="hierarchy"/> <a href="StructureDefinition-Product-uc2-definitions.html#Product.marketAuthorizationHolder">marketAuthorizationHolder</a><a name="Product.marketAuthorizationHolder"> </a></td><td style="vertical-align: top; text-align : left; background-color: white; border: 0px #F0F0F0 solid; padding:0px 4px 0px 4px" class="hierarchy"><span style="padding-left: 3px; padding-right: 3px; color: white; background-color: red" title="This element must be supported">S</span></td><td style="vertical-align: top; text-align : left; background-color: white; border: 0px #F0F0F0 solid; padding:0px 4px 0px 4px" class="hierarchy">1..1</td><td style="vertical-align: top; text-align : left; background-color: white; border: 0px #F0F0F0 solid; padding:0px 4px 0px 4px" class="hierarchy"><a style="opacity: 0.5" href="StructureDefinition-SimpleOrganization.html">SimpleOrganization</a></td><td style="vertical-align: top; text-align : left; background-color: white; border: 0px #F0F0F0 solid; padding:0px 4px 0px 4px" class="hierarchy">[M] Market Authorization Holder (MAH)</td></tr>
<tr style="border: 0px #F0F0F0 solid; padding:0px; vertical-align: top; background-color: #F7F7F7"><td style="vertical-align: top; text-align : left; background-color: #F7F7F7; border: 0px #F0F0F0 solid; padding:0px 4px 0px 4px; white-space: nowrap; background-image: url(tbl_bck10.png)" class="hierarchy"><img src="tbl_spacer.png" alt="." style="background-color: inherit" class="hierarchy"/><img src="tbl_vjoin.png" alt="." style="background-color: inherit" class="hierarchy"/><img src="icon_element.gif" alt="." style="background-color: #F7F7F7; background-color: inherit" title="Element" class="hierarchy"/> <a href="StructureDefinition-Product-uc2-definitions.html#Product.manufacturer">manufacturer</a><a name="Product.manufacturer"> </a></td><td style="vertical-align: top; text-align : left; background-color: #F7F7F7; border: 0px #F0F0F0 solid; padding:0px 4px 0px 4px" class="hierarchy"><span style="padding-left: 3px; padding-right: 3px; color: white; background-color: red" title="This element must be supported">S</span></td><td style="vertical-align: top; text-align : left; background-color: #F7F7F7; border: 0px #F0F0F0 solid; padding:0px 4px 0px 4px" class="hierarchy">1..1</td><td style="vertical-align: top; text-align : left; background-color: #F7F7F7; border: 0px #F0F0F0 solid; padding:0px 4px 0px 4px" class="hierarchy"><a style="opacity: 0.5" href="StructureDefinition-SimpleOrganization.html">SimpleOrganization</a></td><td style="vertical-align: top; text-align : left; background-color: #F7F7F7; border: 0px #F0F0F0 solid; padding:0px 4px 0px 4px" class="hierarchy">[M] manufacturer</td></tr>
<tr style="border: 0px #F0F0F0 solid; padding:0px; vertical-align: top; background-color: white"><td style="vertical-align: top; text-align : left; background-color: white; border: 0px #F0F0F0 solid; padding:0px 4px 0px 4px; white-space: nowrap; background-image: url(tbl_bck00.png)" class="hierarchy"><img src="tbl_spacer.png" alt="." style="background-color: inherit" class="hierarchy"/><img src="tbl_vjoin_end.png" alt="." style="background-color: inherit" class="hierarchy"/><img src="icon_element.gif" alt="." style="background-color: white; background-color: inherit" title="Element" class="hierarchy"/> <a href="StructureDefinition-Product-uc2-definitions.html#Product.expiryDate">expiryDate</a><a name="Product.expiryDate"> </a></td><td style="vertical-align: top; text-align : left; background-color: white; border: 0px #F0F0F0 solid; padding:0px 4px 0px 4px" class="hierarchy"><span style="padding-left: 3px; padding-right: 3px; color: white; background-color: red" title="This element must be supported">S</span></td><td style="vertical-align: top; text-align : left; background-color: white; border: 0px #F0F0F0 solid; padding:0px 4px 0px 4px" class="hierarchy">1..1</td><td style="vertical-align: top; text-align : left; background-color: white; border: 0px #F0F0F0 solid; padding:0px 4px 0px 4px" class="hierarchy"><a style="opacity: 0.5" href="http://hl7.org/fhir/R4/datatypes.html#date">date</a></td><td style="vertical-align: top; text-align : left; background-color: white; border: 0px #F0F0F0 solid; padding:0px 4px 0px 4px" class="hierarchy">[M] Expiry Date</td></tr>
<tr><td colspan="5" class="hierarchy"><br/><a href="http://hl7.org/fhir/R4/formats.html#table" title="Legend for this format"><img src="http://hl7.org/fhir/R4/help16.png" alt="doco" style="background-color: inherit"/> Documentation for this format</a></td></tr></table></div></text><url value="http://iso.org/fhir/ts-5384/StructureDefinition/Product-uc2"/><version value="0.0.1"/><name value="ProductUcCurrentEvent"/><title value="Product: Record a Current immunization event"/><status value="draft"/><experimental value="true"/><date value="2021-05-04T17:36:20+00:00"/><publisher value="ISO"/><contact><telecom><system value="url"/><value value="https://www.iso.int"/></telecom></contact><description value="Product Model for the &#39;Record a Current immunization event&#39;"/><jurisdiction><coding><system value="http://unstats.un.org/unsd/methods/m49/m49.htm"/><code value="001"/></coding></jurisdiction><fhirVersion value="4.0.1"/><mapping><identity value="rim"/><uri value="http://hl7.org/v3"/><name value="RIM Mapping"/></mapping><kind value="logical"/><abstract value="false"/><type value="Product"/><baseDefinition value="http://iso.org/fhir/ts-5384/StructureDefinition/Product"/><derivation value="constraint"/><snapshot><element id="Product"><path value="Product"/><short value="Product"/><definition value="A product  that have or should have been administered to a subject that includes one or more specific antigen(s) aimed at developing an immune response in an individual to provide protection from a vaccine preventable disease(s)."/><min value="1"/><max value="1"/><base><path value="Element"/><min value="0"/><max value="*"/></base><condition value="ele-1"/><constraint><key value="ele-1"/><severity value="error"/><human value="All FHIR elements must have a @value or children"/><expression value="hasValue() or (children().count() &gt; id.count())"/><xpath value="@value|f:*|h:div"/><source value="http://hl7.org/fhir/StructureDefinition/Element"/></constraint><isModifier value="false"/><mapping><identity value="rim"/><map value="n/a"/></mapping></element><element id="Product.id"><path value="Product.id"/><representation value="xmlAttr"/><short value="Unique id for inter-element referencing"/><definition value="Unique id for the element within a resource (for internal references). This may be any string value that does not contain spaces."/><min value="0"/><max value="1"/><base><path value="Element.id"/><min value="0"/><max value="1"/></base><type><extension url="http://hl7.org/fhir/StructureDefinition/structuredefinition-fhir-type"><valueUrl value="string"/></extension><code value="http://hl7.org/fhirpath/System.String"/></type><isModifier value="false"/><isSummary value="false"/><mapping><identity value="rim"/><map value="n/a"/></mapping></element><element id="Product.extension"><path value="Product.extension"/><slicing><discriminator><type value="value"/><path value="url"/></discriminator><description value="Extensions are always sliced by (at least) url"/><rules value="open"/></slicing><short value="Additional content defined by implementations"/><definition value="May be used to represent additional information that is not part of the basic definition of the element. To make the use of extensions safe and manageable, there is a strict set of governance  applied to the definition and use of extensions. Though any implementer can define an extension, there is a set of requirements that SHALL be met as part of the definition of the extension."/><comment value="There can be no stigma associated with the use of extensions by any application, project, or standard - regardless of the institution or jurisdiction that uses or defines the extensions.  The use of extensions is what allows the FHIR specification to retain a core level of simplicity for everyone."/><alias value="extensions"/><alias value="user content"/><min value="0"/><max value="*"/><base><path value="Element.extension"/><min value="0"/><max value="*"/></base><type><code value="Extension"/></type><constraint><key value="ele-1"/><severity value="error"/><human value="All FHIR elements must have a @value or children"/><expression value="hasValue() or (children().count() &gt; id.count())"/><xpath value="@value|f:*|h:div"/><source value="http://hl7.org/fhir/StructureDefinition/Element"/></constraint><constraint><key value="ext-1"/><severity value="error"/><human value="Must have either extensions or value[x], not both"/><expression value="extension.exists() != value.exists()"/><xpath value="exists(f:extension)!=exists(f:*[starts-with(local-name(.), &quot;value&quot;)])"/><source value="http://hl7.org/fhir/StructureDefinition/Extension"/></constraint><isModifier value="false"/><isSummary value="false"/><mapping><identity value="rim"/><map value="n/a"/></mapping></element><element id="Product.codeSet"><path value="Product.codeSet"/><short value="[R] Set of product codes"/><definition value="Set of codes that are used to identify this product."/><min value="1"/><max value="1"/><base><path value="Product.codeSet"/><min value="0"/><max value="1"/></base><type><code value="BackboneElement"/></type></element><element id="Product.codeSet.productCode"><path value="Product.codeSet.productCode"/><short value="[R] Product code"/><definition value="Code identifying this product.&#xA;The code may represent different kinds of products: it might be an Authorized Packaged Medicinal Product, a Virtual Medicinal Product , a Pharmaceutical Product (PhP) , a cluster of products and so on.&#xA;It might be a jurisdictional (e.g. sub-national, national), cross-jurisdictional (e.g. regional) or a global product code."/><min value="1"/><max value="*"/><base><path value="Product.codeSet.productCode"/><min value="0"/><max value="*"/></base><type><code value="CodeableConcept"/></type></element><element id="Product.codeSet.PCID"><path value="Product.codeSet.PCID"/><short value="IDMP PCID"/><definition value="Code identifying the IDMP Packaged Medicinal Product.&#xA;A Packaged Medicinal Product is a &#39;Medicinal Product in a container being part of a package, representing the entirety that has been packaged for sale or supply&#39; [source ISO 11615:2017]"/><min value="0"/><max value="1"/><base><path value="Product.codeSet.PCID"/><min value="0"/><max value="1"/></base><type><code value="CodeableConcept"/></type></element><element id="Product.codeSet.MPID"><path value="Product.codeSet.MPID"/><short value="IDMP MPID"/><definition value="Code identifying the IDMP Medicinal Product.&#xA;A Medicinal Product is a &#39;pharmaceutical product or combination of pharmaceutical products that may be administered to human beings (or animals) for treating or preventing disease, with the aim/purpose of making a medical diagnosis or to restore, correct or modify physiological functions&#39;  [source ISO 11615:2017]"/><min value="0"/><max value="1"/><base><path value="Product.codeSet.MPID"/><min value="0"/><max value="1"/></base><type><code value="CodeableConcept"/></type></element><element id="Product.codeSet.PhPID"><path value="Product.codeSet.PhPID"/><short value="IDMP PhP"/><definition value="Code identifying the IDMP Pharmaceutical Product.&#xA;A Pharmaceutical Product is a &#39;qualitative and quantitative composition of a Medicinal Product in the dose form approved for administration&#39; [source ISO 11616:2017]"/><min value="0"/><max value="*"/><base><path value="Product.codeSet.PhPID"/><min value="0"/><max value="*"/></base><type><code value="CodeableConcept"/></type></element><element id="Product.packageIdentifiers"><path value="Product.packageIdentifiers"/><short value="Set of identifiers"/><definition value="Identifiers typically related to the supply chain management, but often used also for other purposes as the fight against falsified and counterfeit medicines; adverse event reporting, and so on."/><min value="0"/><max value="1"/><base><path value="Product.packageIdentifiers"/><min value="0"/><max value="1"/></base><type><code value="BackboneElement"/></type></element><element id="Product.packageIdentifiers.dataCarrierIdentifier"><path value="Product.packageIdentifiers.dataCarrierIdentifier"/><short value="Data Carrier Identifier (e.g. GTIN)"/><definition value="Set of identifiers associated to this instance of the product.&#xA;It could be a global (e.g. GTIN) or a national identifier. &#xA;The identifiers may refer to different package levels such as primary packaging or secondary packaging.&#xA;The identifier of the lowest packaging should be captured."/><min value="0"/><max value="*"/><base><path value="Product.packageIdentifiers.dataCarrierIdentifier"/><min value="0"/><max value="*"/></base><type><code value="Identifier"/></type></element><element id="Product.packageIdentifiers.lotNumber"><path value="Product.packageIdentifiers.lotNumber"/><short value="[M] Lot Number"/><definition value="The lot number of the Administrable Immunizing Agent, as assigned by the manufacturer."/><min value="1"/><max value="1"/><base><path value="Product.packageIdentifiers.lotNumber"/><min value="0"/><max value="1"/></base><type><code value="string"/></type><mustSupport value="true"/></element><element id="Product.name"><path value="Product.name"/><short value="[RK] Product Name"/><definition value="Product Name"/><min value="0"/><max value="*"/><base><path value="Product.name"/><min value="0"/><max value="*"/></base><type><code value="string"/></type><mustSupport value="true"/></element><element id="Product.composition"><path value="Product.composition"/><short value="Composition"/><definition value="Composition of this product"/><min value="0"/><max value="1"/><base><path value="Product.composition"/><min value="0"/><max value="1"/></base><type><code value="BackboneElement"/></type></element><element id="Product.composition.ingredient"><path value="Product.composition.ingredient"/><short value="Ingredient (e.g. antigen)"/><definition value="Information about the ingredients composing this product"/><min value="0"/><max value="*"/><base><path value="Product.composition.ingredient"/><min value="0"/><max value="*"/></base><type><code value="BackboneElement"/></type></element><element id="Product.composition.ingredient.substanceName"><path value="Product.composition.ingredient.substanceName"/><short value="Substance name"/><definition value="Name of the substance / specified substance"/><min value="0"/><max value="1"/><base><path value="Product.composition.ingredient.substanceName"/><min value="0"/><max value="1"/></base><type><code value="string"/></type></element><element id="Product.composition.ingredient.substanceCode"><path value="Product.composition.ingredient.substanceCode"/><short value="Substance code"/><definition value="Code identifying this substance / specified substance. &#xA;A susbtance is &#39;any matter of defined composition that has discrete existence, whose origin may be biological, mineral or chemical&#39; [source ISO 11616:2017]&#xA;When active it is the substance that triggers an immune response to a specific disease with a role of an antigen. &#xA;Derivable from vaccine product.&#xA;"/><min value="0"/><max value="*"/><base><path value="Product.composition.ingredient.substanceCode"/><min value="0"/><max value="*"/></base><type><code value="CodeableConcept"/></type></element><element id="Product.composition.ingredient.ingredientRole"><path value="Product.composition.ingredient.ingredientRole"/><short value="Ingredient role"/><definition value="Role of this ingredient"/><min value="0"/><max value="1"/><base><path value="Product.composition.ingredient.ingredientRole"/><min value="0"/><max value="1"/></base><type><code value="CodeableConcept"/></type></element><element id="Product.composition.ingredient.substanceQuantity"><path value="Product.composition.ingredient.substanceQuantity"/><short value="Substance quantity"/><definition value="Quantity of this substance / specified substance. It can be per unit of presentation or per concentration."/><min value="0"/><max value="1"/><base><path value="Product.composition.ingredient.substanceQuantity"/><min value="0"/><max value="1"/></base><type><code value="Ratio"/></type></element><element id="Product.composition.description"><path value="Product.composition.description"/><short value="Composition (textual tescription)"/><definition value="Textual description of the product composition"/><min value="0"/><max value="1"/><base><path value="Product.composition.description"/><min value="0"/><max value="1"/></base><type><code value="string"/></type><mustSupport value="true"/></element><element id="Product.marketAuthorizationHolder"><path value="Product.marketAuthorizationHolder"/><short value="[M] Market Authorization Holder (MAH)"/><definition value="the organisation that holds the authorisation for marketing a Medicinal Product in a region"/><min value="1"/><max value="1"/><base><path value="Product.marketAuthorizationHolder"/><min value="0"/><max value="1"/></base><type><code value="http://iso.org/fhir/ts-5384/StructureDefinition/SimpleOrganization"/></type><mustSupport value="true"/></element><element id="Product.manufacturer"><path value="Product.manufacturer"/><short value="[M] manufacturer"/><definition value="Organisation that holds the authorisation for the manufacturing process"/><min value="1"/><max value="1"/><base><path value="Product.manufacturer"/><min value="0"/><max value="1"/></base><type><code value="http://iso.org/fhir/ts-5384/StructureDefinition/SimpleOrganization"/></type><mustSupport value="true"/></element><element id="Product.expiryDate"><path value="Product.expiryDate"/><short value="[M] Expiry Date"/><definition value="Date, assigned to the Medicinal Immunizing Product by the manufacturer, after which the product should not be administered as product integrity cannot be guaranteed.  &#xA;The Medicinal Immunizing Product, along with the Medicinal Immunizing Product Lot Number and Medicinal Immunizing Product Expiry Date, uniquely identifies an immunizing product. &#xA;A key variable in vaccine recalls because each lot number may have more than one expiry date.  &#xA;Expiry date may be changed (reduced) due to a cold chain break. "/><min value="1"/><max value="1"/><base><path value="Product.expiryDate"/><min value="0"/><max value="1"/></base><type><code value="date"/></type><mustSupport value="true"/></element></snapshot><differential><element id="Product"><path value="Product"/></element><element id="Product.codeSet"><path value="Product.codeSet"/><short value="[R] Set of product codes"/><min value="1"/><max value="1"/><type><code value="BackboneElement"/></type></element><element id="Product.codeSet.productCode"><path value="Product.codeSet.productCode"/><short value="[R] Product code"/><min value="1"/><max value="*"/></element><element id="Product.packageIdentifiers.lotNumber"><path value="Product.packageIdentifiers.lotNumber"/><short value="[M] Lot Number"/><min value="1"/><max value="1"/><mustSupport value="true"/></element><element id="Product.name"><path value="Product.name"/><short value="[RK] Product Name"/><mustSupport value="true"/></element><element id="Product.composition.description"><path value="Product.composition.description"/><mustSupport value="true"/></element><element id="Product.marketAuthorizationHolder"><path value="Product.marketAuthorizationHolder"/><short value="[M] Market Authorization Holder (MAH)"/><min value="1"/><max value="1"/><mustSupport value="true"/></element><element id="Product.manufacturer"><path value="Product.manufacturer"/><short value="[M] manufacturer"/><min value="1"/><max value="1"/><mustSupport value="true"/></element><element id="Product.expiryDate"><path value="Product.expiryDate"/><short value="[M] Expiry Date"/><min value="1"/><max value="1"/><mustSupport value="true"/></element></differential></StructureDefinition>