<?xml version="1.0" encoding="UTF-8"?><StructureDefinition xmlns="http://hl7.org/fhir"><id value="Subject-uc1"/><text><status value="extensions"/><div xmlns="http://www.w3.org/1999/xhtml"><table border="0" cellpadding="0" cellspacing="0" style="border: 0px #F0F0F0 solid; font-size: 11px; font-family: verdana; vertical-align: top;"><tr style="border: 1px #F0F0F0 solid; font-size: 11px; font-family: verdana; vertical-align: top"><th style="vertical-align: top; text-align : left; background-color: white; border: 0px #F0F0F0 solid; padding:0px 4px 0px 4px" class="hierarchy"><a href="http://hl7.org/fhir/R4/formats.html#table" title="The logical name of the element">Name</a></th><th style="vertical-align: top; text-align : left; background-color: white; border: 0px #F0F0F0 solid; padding:0px 4px 0px 4px" class="hierarchy"><a href="http://hl7.org/fhir/R4/formats.html#table" title="Information about the use of the element">Flags</a></th><th style="vertical-align: top; text-align : left; background-color: white; border: 0px #F0F0F0 solid; padding:0px 4px 0px 4px" class="hierarchy"><a href="http://hl7.org/fhir/R4/formats.html#table" title="Minimum and Maximum # of times the the element can appear in the instance">Card.</a></th><th style="width: 100px" class="hierarchy"><a href="http://hl7.org/fhir/R4/formats.html#table" title="Reference to the type of the element">Type</a></th><th style="vertical-align: top; text-align : left; background-color: white; border: 0px #F0F0F0 solid; padding:0px 4px 0px 4px" class="hierarchy"><a href="http://hl7.org/fhir/R4/formats.html#table" title="Additional information about the element">Description &amp; Constraints</a><span style="float: right"><a href="http://hl7.org/fhir/R4/formats.html#table" title="Legend for this format"><img src="http://hl7.org/fhir/R4/help16.png" alt="doco" style="background-color: inherit"/></a></span></th></tr><tr style="border: 0px #F0F0F0 solid; padding:0px; vertical-align: top; background-color: white"><td style="vertical-align: top; text-align : left; background-color: white; border: 0px #F0F0F0 solid; padding:0px 4px 0px 4px; white-space: nowrap; background-image: url(tbl_bck1.png)" class="hierarchy"><img src="tbl_spacer.png" alt="." style="background-color: inherit" class="hierarchy"/><img src="icon_element.gif" alt="." style="background-color: white; background-color: inherit" title="Element" class="hierarchy"/> <a href="StructureDefinition-Subject-uc1-definitions.html#Subject">Subject</a><a name="Subject"> </a></td><td style="vertical-align: top; text-align : left; background-color: white; border: 0px #F0F0F0 solid; padding:0px 4px 0px 4px" class="hierarchy"/><td style="vertical-align: top; text-align : left; background-color: white; border: 0px #F0F0F0 solid; padding:0px 4px 0px 4px" class="hierarchy"><span style="opacity: 0.5">1</span><span style="opacity: 0.5">..</span><span style="opacity: 0.5">1</span></td><td style="vertical-align: top; text-align : left; background-color: white; border: 0px #F0F0F0 solid; padding:0px 4px 0px 4px" class="hierarchy"><a href="StructureDefinition-Subject.html">SubjectOfCare</a></td><td style="vertical-align: top; text-align : left; background-color: white; border: 0px #F0F0F0 solid; padding:0px 4px 0px 4px" class="hierarchy"><span style="opacity: 0.5">Subject of care</span></td></tr>
<tr style="border: 0px #F0F0F0 solid; padding:0px; vertical-align: top; background-color: #F7F7F7"><td style="vertical-align: top; text-align : left; background-color: #F7F7F7; border: 0px #F0F0F0 solid; padding:0px 4px 0px 4px; white-space: nowrap; background-image: url(tbl_bck10.png)" class="hierarchy"><img src="tbl_spacer.png" alt="." style="background-color: inherit" class="hierarchy"/><img src="tbl_vjoin.png" alt="." style="background-color: inherit" class="hierarchy"/><img src="icon_element.gif" alt="." style="background-color: #F7F7F7; background-color: inherit" title="Element" class="hierarchy"/> <a href="StructureDefinition-Subject-uc1-definitions.html#Subject.identifier">identifier</a><a name="Subject.identifier"> </a></td><td style="vertical-align: top; text-align : left; background-color: #F7F7F7; border: 0px #F0F0F0 solid; padding:0px 4px 0px 4px" class="hierarchy"><span style="padding-left: 3px; padding-right: 3px; color: white; background-color: red" title="This element must be supported">S</span></td><td style="vertical-align: top; text-align : left; background-color: #F7F7F7; border: 0px #F0F0F0 solid; padding:0px 4px 0px 4px" class="hierarchy">1..*</td><td style="vertical-align: top; text-align : left; background-color: #F7F7F7; border: 0px #F0F0F0 solid; padding:0px 4px 0px 4px" class="hierarchy"><a style="opacity: 0.5" href="http://hl7.org/fhir/R4/datatypes.html#Identifier">Identifier</a></td><td style="vertical-align: top; text-align : left; background-color: #F7F7F7; border: 0px #F0F0F0 solid; padding:0px 4px 0px 4px" class="hierarchy"><span style="opacity: 0.5">Person Identifier</span><br/></td></tr>
<tr style="border: 0px #F0F0F0 solid; padding:0px; vertical-align: top; background-color: white"><td style="vertical-align: top; text-align : left; background-color: white; border: 0px #F0F0F0 solid; padding:0px 4px 0px 4px; white-space: nowrap; background-image: url(tbl_bck10.png)" class="hierarchy"><img src="tbl_spacer.png" alt="." style="background-color: inherit" class="hierarchy"/><img src="tbl_vjoin.png" alt="." style="background-color: inherit" class="hierarchy"/><img src="icon_element.gif" alt="." style="background-color: white; background-color: inherit" title="Element" class="hierarchy"/> <a href="StructureDefinition-Subject-uc1-definitions.html#Subject.name">name</a><a name="Subject.name"> </a></td><td style="vertical-align: top; text-align : left; background-color: white; border: 0px #F0F0F0 solid; padding:0px 4px 0px 4px" class="hierarchy"><span style="padding-left: 3px; padding-right: 3px; color: white; background-color: red" title="This element must be supported">S</span></td><td style="vertical-align: top; text-align : left; background-color: white; border: 0px #F0F0F0 solid; padding:0px 4px 0px 4px" class="hierarchy">1..*</td><td style="vertical-align: top; text-align : left; background-color: white; border: 0px #F0F0F0 solid; padding:0px 4px 0px 4px" class="hierarchy"><a style="opacity: 0.5" href="http://hl7.org/fhir/R4/datatypes.html#BackboneElement">BackboneElement</a></td><td style="vertical-align: top; text-align : left; background-color: white; border: 0px #F0F0F0 solid; padding:0px 4px 0px 4px" class="hierarchy"><span style="opacity: 0.5">Person Name</span><br/></td></tr>
<tr style="border: 0px #F0F0F0 solid; padding:0px; vertical-align: top; background-color: #F7F7F7"><td style="vertical-align: top; text-align : left; background-color: #F7F7F7; border: 0px #F0F0F0 solid; padding:0px 4px 0px 4px; white-space: nowrap; background-image: url(tbl_bck10.png)" class="hierarchy"><img src="tbl_spacer.png" alt="." style="background-color: inherit" class="hierarchy"/><img src="tbl_vjoin.png" alt="." style="background-color: inherit" class="hierarchy"/><img src="icon_element.gif" alt="." style="background-color: #F7F7F7; background-color: inherit" title="Element" class="hierarchy"/> <a href="StructureDefinition-Subject-uc1-definitions.html#Subject.dateOfBirth">dateOfBirth</a><a name="Subject.dateOfBirth"> </a></td><td style="vertical-align: top; text-align : left; background-color: #F7F7F7; border: 0px #F0F0F0 solid; padding:0px 4px 0px 4px" class="hierarchy"><span style="padding-left: 3px; padding-right: 3px; color: white; background-color: red" title="This element must be supported">S</span></td><td style="vertical-align: top; text-align : left; background-color: #F7F7F7; border: 0px #F0F0F0 solid; padding:0px 4px 0px 4px" class="hierarchy">1..1</td><td style="vertical-align: top; text-align : left; background-color: #F7F7F7; border: 0px #F0F0F0 solid; padding:0px 4px 0px 4px" class="hierarchy"><a style="opacity: 0.5" href="http://hl7.org/fhir/R4/datatypes.html#dateTime">dateTime</a></td><td style="vertical-align: top; text-align : left; background-color: #F7F7F7; border: 0px #F0F0F0 solid; padding:0px 4px 0px 4px" class="hierarchy"><span style="opacity: 0.5">Date of birth</span></td></tr>
<tr style="border: 0px #F0F0F0 solid; padding:0px; vertical-align: top; background-color: white"><td style="vertical-align: top; text-align : left; background-color: white; border: 0px #F0F0F0 solid; padding:0px 4px 0px 4px; white-space: nowrap; background-image: url(tbl_bck00.png)" class="hierarchy"><img src="tbl_spacer.png" alt="." style="background-color: inherit" class="hierarchy"/><img src="tbl_vjoin_end.png" alt="." style="background-color: inherit" class="hierarchy"/><img src="icon_element.gif" alt="." style="background-color: white; background-color: inherit" title="Element" class="hierarchy"/> <a href="StructureDefinition-Subject-uc1-definitions.html#Subject.sex">sex</a><a name="Subject.sex"> </a></td><td style="vertical-align: top; text-align : left; background-color: white; border: 0px #F0F0F0 solid; padding:0px 4px 0px 4px" class="hierarchy"><span style="padding-left: 3px; padding-right: 3px; color: white; background-color: red" title="This element must be supported">S</span></td><td style="vertical-align: top; text-align : left; background-color: white; border: 0px #F0F0F0 solid; padding:0px 4px 0px 4px" class="hierarchy">1..1</td><td style="vertical-align: top; text-align : left; background-color: white; border: 0px #F0F0F0 solid; padding:0px 4px 0px 4px" class="hierarchy"><a style="opacity: 0.5" href="http://hl7.org/fhir/R4/datatypes.html#CodeableConcept">CodeableConcept</a></td><td style="vertical-align: top; text-align : left; background-color: white; border: 0px #F0F0F0 solid; padding:0px 4px 0px 4px" class="hierarchy"><span style="opacity: 0.5">Recorded Sex</span></td></tr>
<tr><td colspan="5" class="hierarchy"><br/><a href="http://hl7.org/fhir/R4/formats.html#table" title="Legend for this format"><img src="http://hl7.org/fhir/R4/help16.png" alt="doco" style="background-color: inherit"/> Documentation for this format</a></td></tr></table></div></text><url value="http://iso.org/fhir/ts-5384/StructureDefinition/Subject-uc1"/><version value="0.0.1"/><name value="SubjectOfCareRegistry"/><title value="Subject of Care - Registry Use Case"/><status value="draft"/><experimental value="true"/><date value="2021-04-22T20:24:18+00:00"/><publisher value="ISO"/><contact><telecom><system value="url"/><value value="https://www.iso.int"/></telecom></contact><description value="Data Model for the &#39;Populate an Immunization Registry&#39;"/><jurisdiction><coding><system value="http://unstats.un.org/unsd/methods/m49/m49.htm"/><code value="001"/></coding></jurisdiction><fhirVersion value="4.0.1"/><mapping><identity value="fhir"/><uri value="hl7.org/fhir/r4"/><name value="FHIR"/></mapping><mapping><identity value="rim"/><uri value="http://hl7.org/v3"/><name value="RIM Mapping"/></mapping><kind value="logical"/><abstract value="false"/><type value="Subject"/><baseDefinition value="http://iso.org/fhir/ts-5384/StructureDefinition/Subject"/><derivation value="constraint"/><snapshot><element id="Subject"><path value="Subject"/><short value="Subject of care"/><definition value="Subject of care"/><min value="1"/><max value="1"/><base><path value="Element"/><min value="0"/><max value="*"/></base><condition value="ele-1"/><constraint><key value="ele-1"/><severity value="error"/><human value="All FHIR elements must have a @value or children"/><expression value="hasValue() or (children().count() &gt; id.count())"/><xpath value="@value|f:*|h:div"/><source value="http://hl7.org/fhir/StructureDefinition/Element"/></constraint><isModifier value="false"/><mapping><identity value="rim"/><map value="n/a"/></mapping></element><element id="Subject.id"><path value="Subject.id"/><representation value="xmlAttr"/><short value="Unique id for inter-element referencing"/><definition value="Unique id for the element within a resource (for internal references). This may be any string value that does not contain spaces."/><min value="0"/><max value="1"/><base><path value="Element.id"/><min value="0"/><max value="1"/></base><type><extension url="http://hl7.org/fhir/StructureDefinition/structuredefinition-fhir-type"><valueUrl value="string"/></extension><code value="http://hl7.org/fhirpath/System.String"/></type><isModifier value="false"/><isSummary value="false"/><mapping><identity value="rim"/><map value="n/a"/></mapping></element><element id="Subject.extension"><path value="Subject.extension"/><slicing><discriminator><type value="value"/><path value="url"/></discriminator><description value="Extensions are always sliced by (at least) url"/><rules value="open"/></slicing><short value="Additional content defined by implementations"/><definition value="May be used to represent additional information that is not part of the basic definition of the element. To make the use of extensions safe and manageable, there is a strict set of governance  applied to the definition and use of extensions. Though any implementer can define an extension, there is a set of requirements that SHALL be met as part of the definition of the extension."/><comment value="There can be no stigma associated with the use of extensions by any application, project, or standard - regardless of the institution or jurisdiction that uses or defines the extensions.  The use of extensions is what allows the FHIR specification to retain a core level of simplicity for everyone."/><alias value="extensions"/><alias value="user content"/><min value="0"/><max value="*"/><base><path value="Element.extension"/><min value="0"/><max value="*"/></base><type><code value="Extension"/></type><constraint><key value="ele-1"/><severity value="error"/><human value="All FHIR elements must have a @value or children"/><expression value="hasValue() or (children().count() &gt; id.count())"/><xpath value="@value|f:*|h:div"/><source value="http://hl7.org/fhir/StructureDefinition/Element"/></constraint><constraint><key value="ext-1"/><severity value="error"/><human value="Must have either extensions or value[x], not both"/><expression value="extension.exists() != value.exists()"/><xpath value="exists(f:extension)!=exists(f:*[starts-with(local-name(.), &quot;value&quot;)])"/><source value="http://hl7.org/fhir/StructureDefinition/Extension"/></constraint><isModifier value="false"/><isSummary value="false"/><mapping><identity value="rim"/><map value="n/a"/></mapping></element><element id="Subject.identifier"><path value="Subject.identifier"/><short value="Person Identifier"/><definition value="The identifier used to identify the immunized person according to the policies applicable within the jurisdiction."/><min value="1"/><max value="*"/><base><path value="Subject.identifier"/><min value="0"/><max value="*"/></base><type><code value="Identifier"/></type><mustSupport value="true"/></element><element id="Subject.name"><path value="Subject.name"/><short value="Person Name"/><definition value="The legal name of the immunized person"/><min value="1"/><max value="*"/><base><path value="Subject.name"/><min value="0"/><max value="*"/></base><type><code value="BackboneElement"/></type><mustSupport value="true"/></element><element id="Subject.name.fullName"><path value="Subject.name.fullName"/><short value="Full Name"/><definition value="Full Name"/><min value="0"/><max value="*"/><base><path value="Subject.name.fullName"/><min value="0"/><max value="*"/></base><type><code value="string"/></type></element><element id="Subject.name.firstName"><path value="Subject.name.firstName"/><short value="First Name"/><definition value="Firstname"/><min value="0"/><max value="*"/><base><path value="Subject.name.firstName"/><min value="0"/><max value="*"/></base><type><code value="string"/></type></element><element id="Subject.name.lastname"><path value="Subject.name.lastname"/><short value="Last or Family Name"/><definition value="Last or Family Name"/><min value="0"/><max value="*"/><base><path value="Subject.name.lastname"/><min value="0"/><max value="*"/></base><type><code value="string"/></type></element><element id="Subject.gender"><path value="Subject.gender"/><short value="Gender"/><definition value="Gender"/><min value="0"/><max value="1"/><base><path value="Subject.gender"/><min value="0"/><max value="1"/></base><type><code value="CodeableConcept"/></type></element><element id="Subject.dateOfBirth"><path value="Subject.dateOfBirth"/><short value="Date of birth"/><definition value="The date of birth of the immunized person.&#xA;To include at a minimum the year of birth (which could be estimated)"/><min value="1"/><max value="1"/><base><path value="Subject.dateOfBirth"/><min value="0"/><max value="1"/></base><type><code value="dateTime"/></type><mustSupport value="true"/></element><element id="Subject.ethnicity"><path value="Subject.ethnicity"/><short value="Ethnicity"/><definition value="Represents the self-reported ethnic group of the immunized person.&#xA;This should not be confused with citizenship or nationality."/><min value="0"/><max value="1"/><base><path value="Subject.ethnicity"/><min value="0"/><max value="1"/></base><type><code value="CodeableConcept"/></type></element><element id="Subject.sex"><path value="Subject.sex"/><short value="Recorded Sex"/><definition value="Documentation of a specific instance of sex information. &#xA;Not to be confused with the client&#x2019;s gender identity (if present) which is an individual&#39;s personal sense of being a man, woman, boy, girl, or something else."/><min value="1"/><max value="1"/><base><path value="Subject.sex"/><min value="0"/><max value="1"/></base><type><code value="CodeableConcept"/></type><mustSupport value="true"/></element></snapshot><differential><element id="Subject"><path value="Subject"/></element><element id="Subject.identifier"><path value="Subject.identifier"/><min value="1"/><max value="*"/><mustSupport value="true"/></element><element id="Subject.name"><path value="Subject.name"/><min value="1"/><max value="*"/><mustSupport value="true"/></element><element id="Subject.dateOfBirth"><path value="Subject.dateOfBirth"/><min value="1"/><max value="1"/><mustSupport value="true"/></element><element id="Subject.sex"><path value="Subject.sex"/><min value="1"/><max value="1"/><mustSupport value="true"/></element></differential></StructureDefinition>