[
  {
    "id": "conformance-5384",
    "type": "CodeSystem",
    "url": "http://iso.org/fhir/ts-5384/CodeSystem/conformance-5384",
    "version": "0.0.1",
    "name": "CsConformance"
  },
  {
    "id": "iso.fhir.5384",
    "type": "ImplementationGuide",
    "url": "http://iso.org/fhir/ts-5384/ImplementationGuide/iso.fhir.5384",
    "version": "0.0.1",
    "name": "IsoTs5384"
  },
  {
    "id": "Forecast",
    "type": "StructureDefinition",
    "url": "http://iso.org/fhir/ts-5384/StructureDefinition/Forecast",
    "version": "0.0.1",
    "name": "ImmunizationForecast"
  },
  {
    "id": "HealthProfessional",
    "type": "StructureDefinition",
    "url": "http://iso.org/fhir/ts-5384/StructureDefinition/HealthProfessional",
    "version": "0.0.1",
    "name": "HealthProfessional"
  },
  {
    "id": "Immunization",
    "type": "StructureDefinition",
    "url": "http://iso.org/fhir/ts-5384/StructureDefinition/Immunization",
    "version": "0.0.1",
    "name": "Immunization"
  },
  {
    "id": "Product",
    "type": "StructureDefinition",
    "url": "http://iso.org/fhir/ts-5384/StructureDefinition/Product",
    "version": "0.0.1",
    "name": "Product"
  },
  {
    "id": "SimpleOrganization",
    "type": "StructureDefinition",
    "url": "http://iso.org/fhir/ts-5384/StructureDefinition/SimpleOrganization",
    "version": "0.0.1",
    "name": "SimpleOrganization"
  },
  {
    "id": "Subject",
    "type": "StructureDefinition",
    "url": "http://iso.org/fhir/ts-5384/StructureDefinition/Subject",
    "version": "0.0.1",
    "name": "SubjectOfCare"
  },
  {
    "id": "Vaccination",
    "type": "StructureDefinition",
    "url": "http://iso.org/fhir/ts-5384/StructureDefinition/Vaccination",
    "version": "0.0.1",
    "name": "Vaccination"
  },
  {
    "id": "conformance-5384",
    "type": "ValueSet",
    "url": "http://iso.org/fhir/ts-5384/ValueSet/conformance-5384",
    "version": "0.0.1",
    "name": "VsConformance"
  }
]