"Path","Slice Name","Alias(s)","Label","Min","Max","Must Support?","Is Modifier?","Is Summary?","Type(s)","Short","Definition","Comments","Requirements","Default Value","Meaning When Missing","Fixed Value","Pattern","Example","Minimum Value","Maximum Value","Maximum Length","Binding Strength","Binding Description","Binding Value Set","Code","Slicing Discriminator","Slicing Description","Slicing Ordered","Slicing Rules","Base Path","Base Min","Base Max","Condition(s)","Constraint(s)","Mapping: FHIR","Mapping: RIM Mapping"
"Immunization","","","",1,1,"","","","","Immunization","Immunization","","","","","","","","","",,,,,"",,,,"Element",0,*,"ele-1
","ele-1:All FHIR elements must have a @value or children {hasValue() or (children().count() > id.count())}
","n/a"
"Immunization.id","","","",0,1,"","","","string {[]} {[]}
","Unique id for inter-element referencing","Unique id for the element within a resource (for internal references). This may be any string value that does not contain spaces.","","","","","","","","","",,,,,"",,,,"Element.id",0,1,"","","n/a"
"Immunization.extension","","extensions
user content","",0,*,"","","","Extension {[]} {[]}
","Additional content defined by implementations","May be used to represent additional information that is not part of the basic definition of the element. To make the use of extensions safe and manageable, there is a strict set of governance  applied to the definition and use of extensions. Though any implementer can define an extension, there is a set of requirements that SHALL be met as part of the definition of the extension.","There can be no stigma associated with the use of extensions by any application, project, or standard - regardless of the institution or jurisdiction that uses or defines the extensions.  The use of extensions is what allows the FHIR specification to retain a core level of simplicity for everyone.","","","","","","","","",,,,,"","value:url}
","Extensions are always sliced by (at least) url",,"open","Element.extension",0,*,"","ele-1:All FHIR elements must have a @value or children {hasValue() or (children().count() > id.count())}
ext-1:Must have either extensions or value[x], not both {extension.exists() != value.exists()}","n/a"
"Immunization.recorded","","","",0,1,"","","","dateTime {[]} {[]}
","Recorded Date","When the immunization was first captured in the subject's record","","","","","","","","","",,,,,"",,,,"Immunization.recorded",0,1,"","","Immunization.recorded"
"Immunization.source","","","",1,*,"","","","BackboneElement {[]} {[]}
","[R] Immunization Reporting Source","Source of information regarding the reported immunization event.
Confidence in the accuracy of the immunization record is dependant on the source:  e.g., subject / parent documented; provider documented.  This is important in reviewing the subject history and the risk / benefit decision whether it is necessary to re-vaccinate a subject.","","","","","","","","","",,,,,"",,,,"Immunization.source",0,*,"",""
"Immunization.status","","","",0,1,"","","","CodeableConcept {[]} {[]}
","Immunization Administration Status","Provides the status of the immunization event, i.e., was the vaccine dose administered?
Metadata needed for an interoperability message. Not required at user interface.","","","","","","","","","",,,,,"",,,,"Immunization.status",0,1,"","","Immunization.status"
"Immunization.reasonNotGiven","","","",0,*,"","","","CodeableConcept {[]} {[]}
","Reason not done","Indicates the reason the immunization event was not performed.","","","","","","","","","",,,,,"",,,,"Immunization.reasonNotGiven",0,*,"","","Immunization.statusReason"
"Immunization.indication","","","",0,*,"","","","CodeableConcept {[]} {[]}
","Why immunization occurred","Indicates the reason the immunization event was performed.","","","","","","","","","",,,,,"",,,,"Immunization.indication",0,*,"","","Immunization.reasonCode"
"Immunization.targetDisease","","","",1,*,"","","","CodeableConcept {[]} {[]}
","[R] Vaccine Preventable Disease","The disease that the vaccination provides protection against.
The values used with this data element should be clear and understandable by health care workers and immunized persons.  Examples -COVID-19, Shingles, Hepatitis B.
The disease can be derived or inferred from the Immunizing Agent and/or Medicinal Immunizing Product, therefore optional","","","","","","","","","",,,,,"",,,,"Immunization.targetDisease",0,*,"","","Immunization.protocolApplied.targetDisease"
"Immunization.immunizingAgent","","","",0,*,"","","","CodeableConcept {[]} {[]}
","Generic immunizing Agent (Vaccine type, prophylaxis)","Generic representation of the formulation administered to a subject that includes one or more specific antigen(s) aimed at developing an immune response in an individual to provide protection from a vaccine preventable disease(s). 
The values to support this data element include both active immunizing agents/ vaccines (e.g. Hepatitis A +B Vaccine), and passive immunizing agents, (e.g., Rabies Immunoglobulin).   The values may be high level (COVID 19 Vaccine) or more detailed (COVID-19 mRNA Vaccine)
This data element is required when the trade name is not known (such as a recording of an immunizing event that took place in the past) Because the Immunizing Agent can be derived from Medicinal Immunizing Product it is optional IF the Administrable Immunizing Agent is provided.","","","","","","","","","",,,,,"",,,,"Immunization.immunizingAgent",0,*,"","","Immunization.vaccineCode"
"Immunization.subject","","","",1,1,"Y","","","http://iso.org/fhir/ts-5384/StructureDefinition/Subject-uc1 {[]} {[]}
","[R] Subject","Person that have or should have been vaccinated","","","","","","","","","",,,,,"",,,,"Immunization.subject",0,1,"","","Immunization.patient"
"Immunization.product","","","",1,*,"Y","","","http://iso.org/fhir/ts-5384/StructureDefinition/Product-uc2 {[]} {[]}
","[M] Medicinal Immunizing Product","A manufactured product that is a representation of a brand specific Immunizing Agent authorized for use in a jurisdiction.  
The values to support this data element include both active immunizing agents/ vaccines (e.g., Hepatitis A +B Vaccine, and passive immunizing agents, (e.g., Rabies Immunoglobulin). 
The values may include ONLY the trade name of the product or a complete description of the product that may include the immunizing agent+dose form+trade name (or other attributes to distinguish the product.","","","","","","","","","",,,,,"",,,,"Immunization.product",0,*,"","","Immunization.vaccineCode"
"Immunization.administration","","","",1,1,"","","","BackboneElement {[]} {[]}
","[M] Immunization Administration","Immunization Administration","","","","","","","","","",,,,,"",,,,"Immunization.administration",0,1,"","","Immunization"
"Immunization.administration.date","","","",1,1,"","","","BackboneElement {[]} {[]}
","[M] Date of Immunization Administration","The date the Medicinal Immunizing Product was administered to the person.","","","","","","","","","",,,,,"",,,,"Immunization.administration.date",0,1,"",""
"Immunization.administration.date.value","","","",1,1,"","","","dateTime {[]} {[]}
","[M] Date of Immunization Administration","The date the immunization was administered to the person. 
Used to assess whether the subject is protected against a particular disease. 
Jurisdictions may have different business rules for dealing with partial or estimated dates when complete dates are not known.","","","","","","","","","",,,,,"",,,,"Immunization.administration.date.value",0,1,"","","Immunization.occurrenceDateTime"
"Immunization.administration.date.estimated","","","",1,1,"","","","BackboneElement {[]} {[]}
","[R] Estimated Date Flag","A flag to indicate the Date of Immunization Administration was estimated.   
To be used in conjunction with the Date of Immunization Administration data element to indicate that an estimated date was recorded for an immunization event as part of the subject history.","","","","","","","","","",,,,,"",,,,"Immunization.administration.date.estimated",0,1,"",""
"Immunization.administration.dosage","","","",0,*,"","","","Quantity {[]} {[]}
","Quantity administered","Quantity of the dose administered; (e.g., influenza dose is 0.25 or 0.5).","","","","","","","","","",,,,,"",,,,"Immunization.administration.dosage",0,*,"","","Immunization.doseQuantity"
"Immunization.administration.routeOfAdministration","","","",1,1,"","","","CodeableConcept {[]} {[]}
","[R] Immunization Route of Administration","Route by which the Medicinal Immunizing Product was administered to the body.
Assists with management reporting such as adverse event management (e.g., was the correct route of administration used).  (intramuscular injection, subcutaneous injection, oral, etc.).","","","","","","","","","",,,,,"",,,,"Immunization.administration.routeOfAdministration",0,1,"","","Immunization.route"
"Immunization.administration.site","","","",1,1,"","","","CodeableConcept {[]} {[]}
","[R] Immunization Anatomical Site","The body location to or through which a Medicinal Immunizing Product was administered.
It is important to record where the Medicinal Immunizing Product was delivered to the body in the event of a reported local reaction to a vaccine.  When multiple agents are administered to multiple sites on the body, anatomical site helps determine which vaccine may have been responsible.","","","","","","","","","",,,,,"",,,,"Immunization.administration.site",0,1,"","","Immunization.site"
"Immunization.administration.performer","","","",1,1,"","","","http://iso.org/fhir/ts-5384/StructureDefinition/HealthProfessional {[]} {[]}
","[R] Health Care Worker Responsible for Immunization Administration","The person who is medically responsible for the decision to administer an immunization product.","","","","","","","","","",,,,,"",,,,"Immunization.administration.performer",0,1,"","","Immunization.performer"
"Immunization.administration.administrationCenter","","","",1,1,"","","","http://iso.org/fhir/ts-5384/StructureDefinition/SimpleOrganization {[]} {[]}
","[R] Organization responsible for Immunization Administration","The health authority responsible for the immunization event.","","","","","","","","","",,,,,"",,,,"Immunization.administration.administrationCenter",0,1,"","","Immunization.performer"
"Immunization.administration.location","","","",1,1,"","","","Location {[]} {[]}
","[R] Location of Immunization Administration","The location where the immunization occurred is a further specification of the Organization responsible for Immunization Administration.","","","","","","","","","",,,,,"",,,,"Immunization.administration.location",0,1,"","","Immunization.location"
"Immunization.administration.country","","","",1,1,"","","","CodeableConcept {[]} {[]}
","[R] Country of Immunization","The country in which the individual has been immunized person.","","","","","","","","","",,,,,"",,,,"Immunization.administration.country",0,1,"","","Immunization.location","Location.address.country"
"Immunization.protocol","","","",1,1,"","","","BackboneElement {[]} {[]}
","[R] Protocol applied","The protocol (set of recommendations) being followed by the provider who administered the dose.","","","","","","","","","",,,,,"",,,,"Immunization.protocol",0,1,"","","Immunization.protocolApplied"
"Immunization.protocol.doseNumber","","","",1,1,"","","","integer {[]} {[]}
","[R] Dose Number","Dose Number","","","","","","","","","",,,,,"",,,,"Immunization.protocol.doseNumber",0,1,"","","Immunization.protocolApplied.doseNumber[x]"
"Immunization.protocol.seriesDoseNumber","","","",0,1,"","","","integer {[]} {[]}
","Series Dose Number","Series Dose Number","","","","","","","","","",,,,,"",,,,"Immunization.protocol.seriesDoseNumber",0,1,"","","Immunization.protocolApplied.seriesDoses[x]"
"Immunization.reaction","","","",0,*,"","","","BackboneElement {[]} {[]}
","Adverse Reaction","Adverse Reaction","","","","","","","","","",,,,,"",,,,"Immunization.reaction",0,*,"","","Immunization.reaction"
"Immunization.reaction.reported","","","",1,1,"","","","boolean {[]} {[]}
","[R] Adverse Reaction Following Immunization","A flag to identify an adverse reaction was reported following administration of a Medicinal Immunizing Product. 
Used as a signal to practitioners that an adverse reaction was reported in relation to a particular immunization event. This field can also prompt the practitioner to send an Adverse Event report if an adverse reaction occurs in the office shortly after immunization or is reported at a future visit.","","","","","","","","","",,,,,"",,,,"Immunization.reaction.reported",0,1,"","","Immunization.reaction.reported"
"Immunization.reaction.date","","","",1,1,"","","","dateTime {[]} {[]}
","[R] Adverse Reaction date","The date the Adverse Reaction Following Immunization occurred.
Not to be confused with the date the reaction was reported","","","","","","","","","",,,,,"",,,,"Immunization.reaction.date",0,1,"","","Immunization.reaction.date"
"Immunization.reaction.manifestation","","","",1,1,"","","","BackboneElement {[]} {[]}
","[R] Adverse Reaction manifestation","Indicates the specific type of Adverse Reaction Following Immunization that occurred. 
Example: Rash, Hives","","","","","","","","","",,,,,"",,,,"Immunization.reaction.manifestation",0,1,"","","Immunization.reaction.detail"
"Immunization.forecast","","","",0,0,"","","","http://iso.org/fhir/ts-5384/StructureDefinition/Forecast {[]} {[]}
","[NR] Subject's immunization forecast","Subject's immunization forecast","","","","","","","","","",,,,,"",,,,"Immunization.forecast",0,1,"","","ImmunizationRecommendation"
"Immunization.notes","","","",0,1,"","","","markdown {[]} {[]}
","Additional information relevant to the immunization record.","The note is specific to the immunization event, agent or antigen.","","","","","","","","","",,,,,"",,,,"Immunization.notes",0,1,"","","Immunization.note"
