<?xml version="1.0" encoding="UTF-8"?>

<StructureDefinition xmlns="http://hl7.org/fhir">
  <id value="Immunization-uc1"/>
  <text>
    <status value="extensions"/><div xmlns="http://www.w3.org/1999/xhtml"><table border="0" cellpadding="0" cellspacing="0" style="border: 0px #F0F0F0 solid; font-size: 11px; font-family: verdana; vertical-align: top;"><tr style="border: 1px #F0F0F0 solid; font-size: 11px; font-family: verdana; vertical-align: top"><th style="vertical-align: top; text-align : left; background-color: white; border: 0px #F0F0F0 solid; padding:0px 4px 0px 4px" class="hierarchy"><a href="http://hl7.org/fhir/R4/formats.html#table" title="The logical name of the element">Name</a></th><th style="vertical-align: top; text-align : left; background-color: white; border: 0px #F0F0F0 solid; padding:0px 4px 0px 4px" class="hierarchy"><a href="http://hl7.org/fhir/R4/formats.html#table" title="Information about the use of the element">Flags</a></th><th style="vertical-align: top; text-align : left; background-color: white; border: 0px #F0F0F0 solid; padding:0px 4px 0px 4px" class="hierarchy"><a href="http://hl7.org/fhir/R4/formats.html#table" title="Minimum and Maximum # of times the the element can appear in the instance">Card.</a></th><th style="width: 100px" class="hierarchy"><a href="http://hl7.org/fhir/R4/formats.html#table" title="Reference to the type of the element">Type</a></th><th style="vertical-align: top; text-align : left; background-color: white; border: 0px #F0F0F0 solid; padding:0px 4px 0px 4px" class="hierarchy"><a href="http://hl7.org/fhir/R4/formats.html#table" title="Additional information about the element">Description &amp; Constraints</a><span style="float: right"><a href="http://hl7.org/fhir/R4/formats.html#table" title="Legend for this format"><img src="http://hl7.org/fhir/R4/help16.png" alt="doco" style="background-color: inherit"/></a></span></th></tr><tr style="border: 0px #F0F0F0 solid; padding:0px; vertical-align: top; background-color: white"><td style="vertical-align: top; text-align : left; background-color: white; border: 0px #F0F0F0 solid; padding:0px 4px 0px 4px; white-space: nowrap; background-image: url(tbl_bck1.png)" class="hierarchy"><img src="tbl_spacer.png" alt="." style="background-color: inherit" class="hierarchy"/><img src="icon_resource.png" alt="." style="background-color: white; background-color: inherit" title="Resource" class="hierarchy"/> <a href="StructureDefinition-Immunization-uc1-definitions.html#Immunization">Immunization</a><a name="Immunization"> </a></td><td style="vertical-align: top; text-align : left; background-color: white; border: 0px #F0F0F0 solid; padding:0px 4px 0px 4px" class="hierarchy"/><td style="vertical-align: top; text-align : left; background-color: white; border: 0px #F0F0F0 solid; padding:0px 4px 0px 4px" class="hierarchy"><span style="opacity: 0.5">1</span><span style="opacity: 0.5">..</span><span style="opacity: 0.5">1</span></td><td style="vertical-align: top; text-align : left; background-color: white; border: 0px #F0F0F0 solid; padding:0px 4px 0px 4px" class="hierarchy"><a href="StructureDefinition-Immunization.html">Immunization</a></td><td style="vertical-align: top; text-align : left; background-color: white; border: 0px #F0F0F0 solid; padding:0px 4px 0px 4px" class="hierarchy"><span style="opacity: 0.5">Immunization</span></td></tr>
<tr style="border: 0px #F0F0F0 solid; padding:0px; vertical-align: top; background-color: #F7F7F7"><td style="vertical-align: top; text-align : left; background-color: #F7F7F7; border: 0px #F0F0F0 solid; padding:0px 4px 0px 4px; white-space: nowrap; background-image: url(tbl_bck10.png)" class="hierarchy"><img src="tbl_spacer.png" alt="." style="background-color: inherit" class="hierarchy"/><img src="tbl_vjoin.png" alt="." style="background-color: inherit" class="hierarchy"/><img src="icon_datatype.gif" alt="." style="background-color: #F7F7F7; background-color: inherit" title="Data Type" class="hierarchy"/> <a href="StructureDefinition-Immunization-uc1-definitions.html#Immunization.source">source</a><a name="Immunization.source"> </a></td><td style="vertical-align: top; text-align : left; background-color: #F7F7F7; border: 0px #F0F0F0 solid; padding:0px 4px 0px 4px" class="hierarchy"/><td style="vertical-align: top; text-align : left; background-color: #F7F7F7; border: 0px #F0F0F0 solid; padding:0px 4px 0px 4px" class="hierarchy">1..*</td><td style="vertical-align: top; text-align : left; background-color: #F7F7F7; border: 0px #F0F0F0 solid; padding:0px 4px 0px 4px" class="hierarchy"><a href="http://hl7.org/fhir/R4/datatypes.html#BackboneElement">BackboneElement</a></td><td style="vertical-align: top; text-align : left; background-color: #F7F7F7; border: 0px #F0F0F0 solid; padding:0px 4px 0px 4px" class="hierarchy">[R] Immunization Reporting Source<br/></td></tr>
<tr style="border: 0px #F0F0F0 solid; padding:0px; vertical-align: top; background-color: white"><td style="vertical-align: top; text-align : left; background-color: white; border: 0px #F0F0F0 solid; padding:0px 4px 0px 4px; white-space: nowrap; background-image: url(tbl_bck10.png)" class="hierarchy"><img src="tbl_spacer.png" alt="." style="background-color: inherit" class="hierarchy"/><img src="tbl_vjoin.png" alt="." style="background-color: inherit" class="hierarchy"/><img src="icon_element.gif" alt="." style="background-color: white; background-color: inherit" title="Element" class="hierarchy"/> <a href="StructureDefinition-Immunization-uc1-definitions.html#Immunization.targetDisease">targetDisease</a><a name="Immunization.targetDisease"> </a></td><td style="vertical-align: top; text-align : left; background-color: white; border: 0px #F0F0F0 solid; padding:0px 4px 0px 4px" class="hierarchy"/><td style="vertical-align: top; text-align : left; background-color: white; border: 0px #F0F0F0 solid; padding:0px 4px 0px 4px" class="hierarchy">1..*</td><td style="vertical-align: top; text-align : left; background-color: white; border: 0px #F0F0F0 solid; padding:0px 4px 0px 4px" class="hierarchy"><a style="opacity: 0.5" href="http://hl7.org/fhir/R4/datatypes.html#CodeableConcept">CodeableConcept</a></td><td style="vertical-align: top; text-align : left; background-color: white; border: 0px #F0F0F0 solid; padding:0px 4px 0px 4px" class="hierarchy">[R] Vaccine Preventable Disease<br/></td></tr>
<tr style="border: 0px #F0F0F0 solid; padding:0px; vertical-align: top; background-color: #F7F7F7"><td style="vertical-align: top; text-align : left; background-color: #F7F7F7; border: 0px #F0F0F0 solid; padding:0px 4px 0px 4px; white-space: nowrap; background-image: url(tbl_bck10.png)" class="hierarchy"><img src="tbl_spacer.png" alt="." style="background-color: inherit" class="hierarchy"/><img src="tbl_vjoin.png" alt="." style="background-color: inherit" class="hierarchy"/><img src="icon_resource.png" alt="." style="background-color: #F7F7F7; background-color: inherit" title="Resource" class="hierarchy"/> <a href="StructureDefinition-Immunization-uc1-definitions.html#Immunization.subject">subject</a><a name="Immunization.subject"> </a></td><td style="vertical-align: top; text-align : left; background-color: #F7F7F7; border: 0px #F0F0F0 solid; padding:0px 4px 0px 4px" class="hierarchy"/><td style="vertical-align: top; text-align : left; background-color: #F7F7F7; border: 0px #F0F0F0 solid; padding:0px 4px 0px 4px" class="hierarchy"><span style="opacity: 0.5">0</span><span style="opacity: 0.5">..</span><span style="opacity: 0.5">1</span></td><td style="vertical-align: top; text-align : left; background-color: #F7F7F7; border: 0px #F0F0F0 solid; padding:0px 4px 0px 4px" class="hierarchy"><a href="StructureDefinition-Subject-uc1.html">Subject</a></td><td style="vertical-align: top; text-align : left; background-color: #F7F7F7; border: 0px #F0F0F0 solid; padding:0px 4px 0px 4px" class="hierarchy">[O] Subject</td></tr>
<tr style="border: 0px #F0F0F0 solid; padding:0px; vertical-align: top; background-color: white"><td style="vertical-align: top; text-align : left; background-color: white; border: 0px #F0F0F0 solid; padding:0px 4px 0px 4px; white-space: nowrap; background-image: url(tbl_bck10.png)" class="hierarchy"><img src="tbl_spacer.png" alt="." style="background-color: inherit" class="hierarchy"/><img src="tbl_vjoin.png" alt="." style="background-color: inherit" class="hierarchy"/><img src="icon_resource.png" alt="." style="background-color: white; background-color: inherit" title="Resource" class="hierarchy"/> <a href="StructureDefinition-Immunization-uc1-definitions.html#Immunization.product">product</a><a name="Immunization.product"> </a></td><td style="vertical-align: top; text-align : left; background-color: white; border: 0px #F0F0F0 solid; padding:0px 4px 0px 4px" class="hierarchy"><span style="padding-left: 3px; padding-right: 3px; color: white; background-color: red" title="This element must be supported">S</span></td><td style="vertical-align: top; text-align : left; background-color: white; border: 0px #F0F0F0 solid; padding:0px 4px 0px 4px" class="hierarchy">1..*</td><td style="vertical-align: top; text-align : left; background-color: white; border: 0px #F0F0F0 solid; padding:0px 4px 0px 4px" class="hierarchy"><a href="StructureDefinition-Product-uc1.html">Product</a></td><td style="vertical-align: top; text-align : left; background-color: white; border: 0px #F0F0F0 solid; padding:0px 4px 0px 4px" class="hierarchy">[O] Medicinal Immunizing Product<br/></td></tr>
<tr style="border: 0px #F0F0F0 solid; padding:0px; vertical-align: top; background-color: #F7F7F7"><td style="vertical-align: top; text-align : left; background-color: #F7F7F7; border: 0px #F0F0F0 solid; padding:0px 4px 0px 4px; white-space: nowrap; background-image: url(tbl_bck11.png)" class="hierarchy"><img src="tbl_spacer.png" alt="." style="background-color: inherit" class="hierarchy"/><img src="tbl_vjoin.png" alt="." style="background-color: inherit" class="hierarchy"/><img src="icon_element.gif" alt="." style="background-color: #F7F7F7; background-color: inherit" title="Element" class="hierarchy"/> <a href="StructureDefinition-Immunization-uc1-definitions.html#Immunization.administration">administration</a><a name="Immunization.administration"> </a></td><td style="vertical-align: top; text-align : left; background-color: #F7F7F7; border: 0px #F0F0F0 solid; padding:0px 4px 0px 4px" class="hierarchy"/><td style="vertical-align: top; text-align : left; background-color: #F7F7F7; border: 0px #F0F0F0 solid; padding:0px 4px 0px 4px" class="hierarchy"/><td style="vertical-align: top; text-align : left; background-color: #F7F7F7; border: 0px #F0F0F0 solid; padding:0px 4px 0px 4px" class="hierarchy"/><td style="vertical-align: top; text-align : left; background-color: #F7F7F7; border: 0px #F0F0F0 solid; padding:0px 4px 0px 4px" class="hierarchy"/></tr>
<tr style="border: 0px #F0F0F0 solid; padding:0px; vertical-align: top; background-color: white"><td style="vertical-align: top; text-align : left; background-color: white; border: 0px #F0F0F0 solid; padding:0px 4px 0px 4px; white-space: nowrap; background-image: url(tbl_bck110.png)" class="hierarchy"><img src="tbl_spacer.png" alt="." style="background-color: inherit" class="hierarchy"/><img src="tbl_vline.png" alt="." style="background-color: inherit" class="hierarchy"/><img src="tbl_vjoin.png" alt="." style="background-color: inherit" class="hierarchy"/><img src="icon_element.gif" alt="." style="background-color: white; background-color: inherit" title="Element" class="hierarchy"/> <a href="StructureDefinition-Immunization-uc1-definitions.html#Immunization.administration.routeOfAdministration">routeOfAdministration</a><a name="Immunization.administration.routeOfAdministration"> </a></td><td style="vertical-align: top; text-align : left; background-color: white; border: 0px #F0F0F0 solid; padding:0px 4px 0px 4px" class="hierarchy"/><td style="vertical-align: top; text-align : left; background-color: white; border: 0px #F0F0F0 solid; padding:0px 4px 0px 4px" class="hierarchy">1..1</td><td style="vertical-align: top; text-align : left; background-color: white; border: 0px #F0F0F0 solid; padding:0px 4px 0px 4px" class="hierarchy"><a style="opacity: 0.5" href="http://hl7.org/fhir/R4/datatypes.html#CodeableConcept">CodeableConcept</a></td><td style="vertical-align: top; text-align : left; background-color: white; border: 0px #F0F0F0 solid; padding:0px 4px 0px 4px" class="hierarchy">[R] Immunization Route of Administration</td></tr>
<tr style="border: 0px #F0F0F0 solid; padding:0px; vertical-align: top; background-color: #F7F7F7"><td style="vertical-align: top; text-align : left; background-color: #F7F7F7; border: 0px #F0F0F0 solid; padding:0px 4px 0px 4px; white-space: nowrap; background-image: url(tbl_bck110.png)" class="hierarchy"><img src="tbl_spacer.png" alt="." style="background-color: inherit" class="hierarchy"/><img src="tbl_vline.png" alt="." style="background-color: inherit" class="hierarchy"/><img src="tbl_vjoin.png" alt="." style="background-color: inherit" class="hierarchy"/><img src="icon_element.gif" alt="." style="background-color: #F7F7F7; background-color: inherit" title="Element" class="hierarchy"/> <a href="StructureDefinition-Immunization-uc1-definitions.html#Immunization.administration.site">site</a><a name="Immunization.administration.site"> </a></td><td style="vertical-align: top; text-align : left; background-color: #F7F7F7; border: 0px #F0F0F0 solid; padding:0px 4px 0px 4px" class="hierarchy"/><td style="vertical-align: top; text-align : left; background-color: #F7F7F7; border: 0px #F0F0F0 solid; padding:0px 4px 0px 4px" class="hierarchy">1..1</td><td style="vertical-align: top; text-align : left; background-color: #F7F7F7; border: 0px #F0F0F0 solid; padding:0px 4px 0px 4px" class="hierarchy"><a style="opacity: 0.5" href="http://hl7.org/fhir/R4/datatypes.html#CodeableConcept">CodeableConcept</a></td><td style="vertical-align: top; text-align : left; background-color: #F7F7F7; border: 0px #F0F0F0 solid; padding:0px 4px 0px 4px" class="hierarchy">[R] Immunization Anatomical Site</td></tr>
<tr style="border: 0px #F0F0F0 solid; padding:0px; vertical-align: top; background-color: white"><td style="vertical-align: top; text-align : left; background-color: white; border: 0px #F0F0F0 solid; padding:0px 4px 0px 4px; white-space: nowrap; background-image: url(tbl_bck110.png)" class="hierarchy"><img src="tbl_spacer.png" alt="." style="background-color: inherit" class="hierarchy"/><img src="tbl_vline.png" alt="." style="background-color: inherit" class="hierarchy"/><img src="tbl_vjoin.png" alt="." style="background-color: inherit" class="hierarchy"/><img src="icon_element.gif" alt="." style="background-color: white; background-color: inherit" title="Element" class="hierarchy"/> <a href="StructureDefinition-Immunization-uc1-definitions.html#Immunization.administration.performer">performer</a><a name="Immunization.administration.performer"> </a></td><td style="vertical-align: top; text-align : left; background-color: white; border: 0px #F0F0F0 solid; padding:0px 4px 0px 4px" class="hierarchy"/><td style="vertical-align: top; text-align : left; background-color: white; border: 0px #F0F0F0 solid; padding:0px 4px 0px 4px" class="hierarchy">1..1</td><td style="vertical-align: top; text-align : left; background-color: white; border: 0px #F0F0F0 solid; padding:0px 4px 0px 4px" class="hierarchy"><a style="opacity: 0.5" href="StructureDefinition-HealthProfessional.html">HealthProfessional</a></td><td style="vertical-align: top; text-align : left; background-color: white; border: 0px #F0F0F0 solid; padding:0px 4px 0px 4px" class="hierarchy">[R] Health Care Worker Responsible for Immunization Administration</td></tr>
<tr style="border: 0px #F0F0F0 solid; padding:0px; vertical-align: top; background-color: #F7F7F7"><td style="vertical-align: top; text-align : left; background-color: #F7F7F7; border: 0px #F0F0F0 solid; padding:0px 4px 0px 4px; white-space: nowrap; background-image: url(tbl_bck110.png)" class="hierarchy"><img src="tbl_spacer.png" alt="." style="background-color: inherit" class="hierarchy"/><img src="tbl_vline.png" alt="." style="background-color: inherit" class="hierarchy"/><img src="tbl_vjoin.png" alt="." style="background-color: inherit" class="hierarchy"/><img src="icon_element.gif" alt="." style="background-color: #F7F7F7; background-color: inherit" title="Element" class="hierarchy"/> <a href="StructureDefinition-Immunization-uc1-definitions.html#Immunization.administration.administrationCenter">administrationCenter</a><a name="Immunization.administration.administrationCenter"> </a></td><td style="vertical-align: top; text-align : left; background-color: #F7F7F7; border: 0px #F0F0F0 solid; padding:0px 4px 0px 4px" class="hierarchy"/><td style="vertical-align: top; text-align : left; background-color: #F7F7F7; border: 0px #F0F0F0 solid; padding:0px 4px 0px 4px" class="hierarchy">1..1</td><td style="vertical-align: top; text-align : left; background-color: #F7F7F7; border: 0px #F0F0F0 solid; padding:0px 4px 0px 4px" class="hierarchy"><a style="opacity: 0.5" href="StructureDefinition-SimpleOrganization.html">SimpleOrganization</a></td><td style="vertical-align: top; text-align : left; background-color: #F7F7F7; border: 0px #F0F0F0 solid; padding:0px 4px 0px 4px" class="hierarchy">[R] Organization responsible for Immunization Administration</td></tr>
<tr style="border: 0px #F0F0F0 solid; padding:0px; vertical-align: top; background-color: white"><td style="vertical-align: top; text-align : left; background-color: white; border: 0px #F0F0F0 solid; padding:0px 4px 0px 4px; white-space: nowrap; background-image: url(tbl_bck110.png)" class="hierarchy"><img src="tbl_spacer.png" alt="." style="background-color: inherit" class="hierarchy"/><img src="tbl_vline.png" alt="." style="background-color: inherit" class="hierarchy"/><img src="tbl_vjoin.png" alt="." style="background-color: inherit" class="hierarchy"/><img src="icon_element.gif" alt="." style="background-color: white; background-color: inherit" title="Element" class="hierarchy"/> <a href="StructureDefinition-Immunization-uc1-definitions.html#Immunization.administration.location">location</a><a name="Immunization.administration.location"> </a></td><td style="vertical-align: top; text-align : left; background-color: white; border: 0px #F0F0F0 solid; padding:0px 4px 0px 4px" class="hierarchy"/><td style="vertical-align: top; text-align : left; background-color: white; border: 0px #F0F0F0 solid; padding:0px 4px 0px 4px" class="hierarchy">1..1</td><td style="vertical-align: top; text-align : left; background-color: white; border: 0px #F0F0F0 solid; padding:0px 4px 0px 4px" class="hierarchy"><a style="opacity: 0.5" href="http://hl7.org/fhir/R4/location.html">Location</a></td><td style="vertical-align: top; text-align : left; background-color: white; border: 0px #F0F0F0 solid; padding:0px 4px 0px 4px" class="hierarchy">[R] Location of Immunization Administration</td></tr>
<tr style="border: 0px #F0F0F0 solid; padding:0px; vertical-align: top; background-color: #F7F7F7"><td style="vertical-align: top; text-align : left; background-color: #F7F7F7; border: 0px #F0F0F0 solid; padding:0px 4px 0px 4px; white-space: nowrap; background-image: url(tbl_bck100.png)" class="hierarchy"><img src="tbl_spacer.png" alt="." style="background-color: inherit" class="hierarchy"/><img src="tbl_vline.png" alt="." style="background-color: inherit" class="hierarchy"/><img src="tbl_vjoin_end.png" alt="." style="background-color: inherit" class="hierarchy"/><img src="icon_element.gif" alt="." style="background-color: #F7F7F7; background-color: inherit" title="Element" class="hierarchy"/> <a href="StructureDefinition-Immunization-uc1-definitions.html#Immunization.administration.country">country</a><a name="Immunization.administration.country"> </a></td><td style="vertical-align: top; text-align : left; background-color: #F7F7F7; border: 0px #F0F0F0 solid; padding:0px 4px 0px 4px" class="hierarchy"/><td style="vertical-align: top; text-align : left; background-color: #F7F7F7; border: 0px #F0F0F0 solid; padding:0px 4px 0px 4px" class="hierarchy">1..1</td><td style="vertical-align: top; text-align : left; background-color: #F7F7F7; border: 0px #F0F0F0 solid; padding:0px 4px 0px 4px" class="hierarchy"><a style="opacity: 0.5" href="http://hl7.org/fhir/R4/datatypes.html#CodeableConcept">CodeableConcept</a></td><td style="vertical-align: top; text-align : left; background-color: #F7F7F7; border: 0px #F0F0F0 solid; padding:0px 4px 0px 4px" class="hierarchy">[R] Country of Immunization</td></tr>
<tr style="border: 0px #F0F0F0 solid; padding:0px; vertical-align: top; background-color: white"><td style="vertical-align: top; text-align : left; background-color: white; border: 0px #F0F0F0 solid; padding:0px 4px 0px 4px; white-space: nowrap; background-image: url(tbl_bck11.png)" class="hierarchy"><img src="tbl_spacer.png" alt="." style="background-color: inherit" class="hierarchy"/><img src="tbl_vjoin.png" alt="." style="background-color: inherit" class="hierarchy"/><img src="icon_element.gif" alt="." style="background-color: white; background-color: inherit" title="Element" class="hierarchy"/> <a href="StructureDefinition-Immunization-uc1-definitions.html#Immunization.reaction">reaction</a><a name="Immunization.reaction"> </a></td><td style="vertical-align: top; text-align : left; background-color: white; border: 0px #F0F0F0 solid; padding:0px 4px 0px 4px" class="hierarchy"/><td style="vertical-align: top; text-align : left; background-color: white; border: 0px #F0F0F0 solid; padding:0px 4px 0px 4px" class="hierarchy"/><td style="vertical-align: top; text-align : left; background-color: white; border: 0px #F0F0F0 solid; padding:0px 4px 0px 4px" class="hierarchy"/><td style="vertical-align: top; text-align : left; background-color: white; border: 0px #F0F0F0 solid; padding:0px 4px 0px 4px" class="hierarchy"/></tr>
<tr style="border: 0px #F0F0F0 solid; padding:0px; vertical-align: top; background-color: #F7F7F7"><td style="vertical-align: top; text-align : left; background-color: #F7F7F7; border: 0px #F0F0F0 solid; padding:0px 4px 0px 4px; white-space: nowrap; background-image: url(tbl_bck110.png)" class="hierarchy"><img src="tbl_spacer.png" alt="." style="background-color: inherit" class="hierarchy"/><img src="tbl_vline.png" alt="." style="background-color: inherit" class="hierarchy"/><img src="tbl_vjoin.png" alt="." style="background-color: inherit" class="hierarchy"/><img src="icon_element.gif" alt="." style="background-color: #F7F7F7; background-color: inherit" title="Element" class="hierarchy"/> <a href="StructureDefinition-Immunization-uc1-definitions.html#Immunization.reaction.reported">reported</a><a name="Immunization.reaction.reported"> </a></td><td style="vertical-align: top; text-align : left; background-color: #F7F7F7; border: 0px #F0F0F0 solid; padding:0px 4px 0px 4px" class="hierarchy"/><td style="vertical-align: top; text-align : left; background-color: #F7F7F7; border: 0px #F0F0F0 solid; padding:0px 4px 0px 4px" class="hierarchy">1..1</td><td style="vertical-align: top; text-align : left; background-color: #F7F7F7; border: 0px #F0F0F0 solid; padding:0px 4px 0px 4px" class="hierarchy"><a style="opacity: 0.5" href="http://hl7.org/fhir/R4/datatypes.html#boolean">boolean</a></td><td style="vertical-align: top; text-align : left; background-color: #F7F7F7; border: 0px #F0F0F0 solid; padding:0px 4px 0px 4px" class="hierarchy">[R] Adverse Reaction Following Immunization</td></tr>
<tr style="border: 0px #F0F0F0 solid; padding:0px; vertical-align: top; background-color: white"><td style="vertical-align: top; text-align : left; background-color: white; border: 0px #F0F0F0 solid; padding:0px 4px 0px 4px; white-space: nowrap; background-image: url(tbl_bck110.png)" class="hierarchy"><img src="tbl_spacer.png" alt="." style="background-color: inherit" class="hierarchy"/><img src="tbl_vline.png" alt="." style="background-color: inherit" class="hierarchy"/><img src="tbl_vjoin.png" alt="." style="background-color: inherit" class="hierarchy"/><img src="icon_element.gif" alt="." style="background-color: white; background-color: inherit" title="Element" class="hierarchy"/> <a href="StructureDefinition-Immunization-uc1-definitions.html#Immunization.reaction.date">date</a><a name="Immunization.reaction.date"> </a></td><td style="vertical-align: top; text-align : left; background-color: white; border: 0px #F0F0F0 solid; padding:0px 4px 0px 4px" class="hierarchy"/><td style="vertical-align: top; text-align : left; background-color: white; border: 0px #F0F0F0 solid; padding:0px 4px 0px 4px" class="hierarchy">1..1</td><td style="vertical-align: top; text-align : left; background-color: white; border: 0px #F0F0F0 solid; padding:0px 4px 0px 4px" class="hierarchy"><a style="opacity: 0.5" href="http://hl7.org/fhir/R4/datatypes.html#dateTime">dateTime</a></td><td style="vertical-align: top; text-align : left; background-color: white; border: 0px #F0F0F0 solid; padding:0px 4px 0px 4px" class="hierarchy">[R] Adverse Reaction date</td></tr>
<tr style="border: 0px #F0F0F0 solid; padding:0px; vertical-align: top; background-color: #F7F7F7"><td style="vertical-align: top; text-align : left; background-color: #F7F7F7; border: 0px #F0F0F0 solid; padding:0px 4px 0px 4px; white-space: nowrap; background-image: url(tbl_bck100.png)" class="hierarchy"><img src="tbl_spacer.png" alt="." style="background-color: inherit" class="hierarchy"/><img src="tbl_vline.png" alt="." style="background-color: inherit" class="hierarchy"/><img src="tbl_vjoin_end.png" alt="." style="background-color: inherit" class="hierarchy"/><img src="icon_element.gif" alt="." style="background-color: #F7F7F7; background-color: inherit" title="Element" class="hierarchy"/> <a href="StructureDefinition-Immunization-uc1-definitions.html#Immunization.reaction.manifestation">manifestation</a><a name="Immunization.reaction.manifestation"> </a></td><td style="vertical-align: top; text-align : left; background-color: #F7F7F7; border: 0px #F0F0F0 solid; padding:0px 4px 0px 4px" class="hierarchy"/><td style="vertical-align: top; text-align : left; background-color: #F7F7F7; border: 0px #F0F0F0 solid; padding:0px 4px 0px 4px" class="hierarchy">1..1</td><td style="vertical-align: top; text-align : left; background-color: #F7F7F7; border: 0px #F0F0F0 solid; padding:0px 4px 0px 4px" class="hierarchy"><a style="opacity: 0.5" href="http://hl7.org/fhir/R4/datatypes.html#BackboneElement">BackboneElement</a></td><td style="vertical-align: top; text-align : left; background-color: #F7F7F7; border: 0px #F0F0F0 solid; padding:0px 4px 0px 4px" class="hierarchy">[R] Adverse Reaction manifestation</td></tr>
<tr style="border: 0px #F0F0F0 solid; padding:0px; vertical-align: top; background-color: white"><td style="vertical-align: top; text-align : left; background-color: white; border: 0px #F0F0F0 solid; padding:0px 4px 0px 4px; white-space: nowrap; background-image: url(tbl_bck00.png)" class="hierarchy"><img src="tbl_spacer.png" alt="." style="background-color: inherit" class="hierarchy"/><img src="tbl_vjoin_end.png" alt="." style="background-color: inherit" class="hierarchy"/><img src="icon_resource.png" alt="." style="background-color: white; background-color: inherit" title="Resource" class="hierarchy"/> <a href="StructureDefinition-Immunization-uc1-definitions.html#Immunization.forecast">forecast</a><a name="Immunization.forecast"> </a></td><td style="vertical-align: top; text-align : left; background-color: white; border: 0px #F0F0F0 solid; padding:0px 4px 0px 4px" class="hierarchy"><span style="padding-left: 3px; padding-right: 3px; color: white; background-color: red" title="This element must be supported">S</span></td><td style="vertical-align: top; text-align : left; background-color: white; border: 0px #F0F0F0 solid; padding:0px 4px 0px 4px" class="hierarchy">1..1</td><td style="vertical-align: top; text-align : left; background-color: white; border: 0px #F0F0F0 solid; padding:0px 4px 0px 4px" class="hierarchy"><a href="StructureDefinition-Forecast-uc1.html">Forecast</a></td><td style="vertical-align: top; text-align : left; background-color: white; border: 0px #F0F0F0 solid; padding:0px 4px 0px 4px" class="hierarchy">[M] Subject's immunization forecast</td></tr>
<tr><td colspan="5" class="hierarchy"><br/><a href="http://hl7.org/fhir/R4/formats.html#table" title="Legend for this format"><img src="http://hl7.org/fhir/R4/help16.png" alt="doco" style="background-color: inherit"/> Documentation for this format</a></td></tr></table></div>
  </text>
  <url value="http://iso.org/fhir/ts-5384/StructureDefinition/Immunization-uc1"/>
  <version value="0.0.1"/>
  <name value="ImmunizationUc1"/>
  <title value="UC1: Registry Use Case"/>
  <status value="draft"/>
  <experimental value="true"/>
  <date value="2021-04-22T20:24:18+00:00"/>
  <publisher value="ISO"/>
  <contact>
    <telecom>
      <system value="url"/>
      <value value="https://www.iso.int"/>
    </telecom>
  </contact>
  <description value="Data Model for the &#39;Populate an Immunization Registry&#39;"/>
  <jurisdiction>
    <coding>
      <system value="http://unstats.un.org/unsd/methods/m49/m49.htm"/>
      <code value="001"/>
    </coding>
  </jurisdiction>
  <fhirVersion value="4.0.1"/>
  <mapping>
    <identity value="fhir"/>
    <uri value="hl7.org/fhir/r4"/>
    <name value="FHIR"/>
  </mapping>
  <mapping>
    <identity value="rim"/>
    <uri value="http://hl7.org/v3"/>
    <name value="RIM Mapping"/>
  </mapping>
  <kind value="logical"/>
  <abstract value="false"/>
  <type value="Immunization"/>
  <baseDefinition value="http://iso.org/fhir/ts-5384/StructureDefinition/Immunization"/>
  <derivation value="constraint"/>
  <snapshot>
    <element id="Immunization">
      <path value="Immunization"/>
      <short value="Immunization"/>
      <definition value="Immunization"/>
      <min value="1"/>
      <max value="1"/>
      <base>
        <path value="Element"/>
        <min value="0"/>
        <max value="*"/>
      </base>
      <condition value="ele-1"/>
      <constraint>
        <key value="ele-1"/>
        <severity value="error"/>
        <human value="All FHIR elements must have a @value or children"/>
        <expression value="hasValue() or (children().count() &gt; id.count())"/>
        <xpath value="@value|f:*|h:div"/>
        <source value="http://hl7.org/fhir/StructureDefinition/Element"/>
      </constraint>
      <isModifier value="false"/>
      <mapping>
        <identity value="rim"/>
        <map value="n/a"/>
      </mapping>
    </element>
    <element id="Immunization.id">
      <path value="Immunization.id"/>
      <representation value="xmlAttr"/>
      <short value="Unique id for inter-element referencing"/>
      <definition value="Unique id for the element within a resource (for internal references). This may be any string value that does not contain spaces."/>
      <min value="0"/>
      <max value="1"/>
      <base>
        <path value="Element.id"/>
        <min value="0"/>
        <max value="1"/>
      </base>
      <type>
        <extension url="http://hl7.org/fhir/StructureDefinition/structuredefinition-fhir-type">
          <valueUrl value="string"/>
        </extension>
        <code value="http://hl7.org/fhirpath/System.String"/>
      </type>
      <isModifier value="false"/>
      <isSummary value="false"/>
      <mapping>
        <identity value="rim"/>
        <map value="n/a"/>
      </mapping>
    </element>
    <element id="Immunization.extension">
      <path value="Immunization.extension"/>
      <slicing>
        <discriminator>
          <type value="value"/>
          <path value="url"/>
        </discriminator>
        <description value="Extensions are always sliced by (at least) url"/>
        <rules value="open"/>
      </slicing>
      <short value="Additional content defined by implementations"/>
      <definition value="May be used to represent additional information that is not part of the basic definition of the element. To make the use of extensions safe and manageable, there is a strict set of governance  applied to the definition and use of extensions. Though any implementer can define an extension, there is a set of requirements that SHALL be met as part of the definition of the extension."/>
      <comment value="There can be no stigma associated with the use of extensions by any application, project, or standard - regardless of the institution or jurisdiction that uses or defines the extensions.  The use of extensions is what allows the FHIR specification to retain a core level of simplicity for everyone."/>
      <alias value="extensions"/>
      <alias value="user content"/>
      <min value="0"/>
      <max value="*"/>
      <base>
        <path value="Element.extension"/>
        <min value="0"/>
        <max value="*"/>
      </base>
      <type>
        <code value="Extension"/>
      </type>
      <constraint>
        <key value="ele-1"/>
        <severity value="error"/>
        <human value="All FHIR elements must have a @value or children"/>
        <expression value="hasValue() or (children().count() &gt; id.count())"/>
        <xpath value="@value|f:*|h:div"/>
        <source value="http://hl7.org/fhir/StructureDefinition/Element"/>
      </constraint>
      <constraint>
        <key value="ext-1"/>
        <severity value="error"/>
        <human value="Must have either extensions or value[x], not both"/>
        <expression value="extension.exists() != value.exists()"/>
        <xpath value="exists(f:extension)!=exists(f:*[starts-with(local-name(.), &quot;value&quot;)])"/>
        <source value="http://hl7.org/fhir/StructureDefinition/Extension"/>
      </constraint>
      <isModifier value="false"/>
      <isSummary value="false"/>
      <mapping>
        <identity value="rim"/>
        <map value="n/a"/>
      </mapping>
    </element>
    <element id="Immunization.recorded">
      <path value="Immunization.recorded"/>
      <short value="Recorded Date"/>
      <definition value="When the immunization was first captured in the subject&#39;s record"/>
      <min value="0"/>
      <max value="1"/>
      <base>
        <path value="Immunization.recorded"/>
        <min value="0"/>
        <max value="1"/>
      </base>
      <type>
        <code value="dateTime"/>
      </type>
      <mapping>
        <identity value="fhir"/>
        <map value="Immunization.recorded"/>
        <comment value="note"/>
      </mapping>
    </element>
    <element id="Immunization.source">
      <path value="Immunization.source"/>
      <short value="[R] Immunization Reporting Source"/>
      <definition value="Source of information regarding the reported immunization event.&#xA;Confidence in the accuracy of the immunization record is dependant on the source:  e.g., subject / parent documented; provider documented.  This is important in reviewing the subject history and the risk / benefit decision whether it is necessary to re-vaccinate a subject."/>
      <min value="1"/>
      <max value="*"/>
      <base>
        <path value="Immunization.source"/>
        <min value="0"/>
        <max value="*"/>
      </base>
      <type>
        <code value="BackboneElement"/>
      </type>
    </element>
    <element id="Immunization.status">
      <path value="Immunization.status"/>
      <short value="Immunization Administration Status"/>
      <definition value="Provides the status of the immunization event, i.e., was the vaccine dose administered?&#xA;Metadata needed for an interoperability message. Not required at user interface."/>
      <min value="0"/>
      <max value="1"/>
      <base>
        <path value="Immunization.status"/>
        <min value="0"/>
        <max value="1"/>
      </base>
      <type>
        <code value="CodeableConcept"/>
      </type>
      <mapping>
        <identity value="fhir"/>
        <map value="Immunization.status"/>
      </mapping>
    </element>
    <element id="Immunization.reasonNotGiven">
      <path value="Immunization.reasonNotGiven"/>
      <short value="Reason not done"/>
      <definition value="Indicates the reason the immunization event was not performed."/>
      <min value="0"/>
      <max value="*"/>
      <base>
        <path value="Immunization.reasonNotGiven"/>
        <min value="0"/>
        <max value="*"/>
      </base>
      <type>
        <code value="CodeableConcept"/>
      </type>
      <mapping>
        <identity value="fhir"/>
        <map value="Immunization.statusReason"/>
      </mapping>
    </element>
    <element id="Immunization.indication">
      <path value="Immunization.indication"/>
      <short value="Why immunization occurred"/>
      <definition value="Indicates the reason the immunization event was performed."/>
      <min value="0"/>
      <max value="*"/>
      <base>
        <path value="Immunization.indication"/>
        <min value="0"/>
        <max value="*"/>
      </base>
      <type>
        <code value="CodeableConcept"/>
      </type>
      <mapping>
        <identity value="fhir"/>
        <map value="Immunization.reasonCode"/>
      </mapping>
    </element>
    <element id="Immunization.targetDisease">
      <path value="Immunization.targetDisease"/>
      <short value="[R] Vaccine Preventable Disease"/>
      <definition value="The disease that the vaccination provides protection against.&#xA;The values used with this data element should be clear and understandable by health care workers and immunized persons.  Examples -COVID-19, Shingles, Hepatitis B.&#xA;The disease can be derived or inferred from the Immunizing Agent and/or Medicinal Immunizing Product, therefore optional"/>
      <min value="1"/>
      <max value="*"/>
      <base>
        <path value="Immunization.targetDisease"/>
        <min value="0"/>
        <max value="*"/>
      </base>
      <type>
        <code value="CodeableConcept"/>
      </type>
      <mapping>
        <identity value="fhir"/>
        <map value="Immunization.protocolApplied.targetDisease"/>
      </mapping>
    </element>
    <element id="Immunization.immunizingAgent">
      <path value="Immunization.immunizingAgent"/>
      <short value="Generic immunizing Agent (Vaccine type, prophylaxis)"/>
      <definition value="Generic representation of the formulation administered to a subject that includes one or more specific antigen(s) aimed at developing an immune response in an individual to provide protection from a vaccine preventable disease(s). &#xA;The values to support this data element include both active immunizing agents/ vaccines (e.g. Hepatitis A +B Vaccine), and passive immunizing agents, (e.g., Rabies Immunoglobulin).   The values may be high level (COVID 19 Vaccine) or more detailed (COVID-19 mRNA Vaccine)&#xA;This data element is required when the trade name is not known (such as a recording of an immunizing event that took place in the past) Because the Immunizing Agent can be derived from Medicinal Immunizing Product it is optional IF the Administrable Immunizing Agent is provided."/>
      <min value="0"/>
      <max value="*"/>
      <base>
        <path value="Immunization.immunizingAgent"/>
        <min value="0"/>
        <max value="*"/>
      </base>
      <type>
        <code value="CodeableConcept"/>
      </type>
      <mapping>
        <identity value="fhir"/>
        <map value="Immunization.vaccineCode"/>
      </mapping>
    </element>
    <element id="Immunization.subject">
      <path value="Immunization.subject"/>
      <short value="[O] Subject"/>
      <definition value="Person that have or should have been vaccinated"/>
      <min value="0"/>
      <max value="1"/>
      <base>
        <path value="Immunization.subject"/>
        <min value="0"/>
        <max value="1"/>
      </base>
      <type>
        <code value="http://iso.org/fhir/ts-5384/StructureDefinition/Subject-uc1"/>
      </type>
      <mapping>
        <identity value="fhir"/>
        <map value="Immunization.patient"/>
      </mapping>
    </element>
    <element id="Immunization.product">
      <path value="Immunization.product"/>
      <short value="[O] Medicinal Immunizing Product"/>
      <definition value="A manufactured product that is a representation of a brand specific Immunizing Agent authorized for use in a jurisdiction.  &#xA;The values to support this data element include both active immunizing agents/ vaccines (e.g., Hepatitis A +B Vaccine, and passive immunizing agents, (e.g., Rabies Immunoglobulin). &#xA;The values may include ONLY the trade name of the product or a complete description of the product that may include the immunizing agent+dose form+trade name (or other attributes to distinguish the product."/>
      <min value="1"/>
      <max value="*"/>
      <base>
        <path value="Immunization.product"/>
        <min value="0"/>
        <max value="*"/>
      </base>
      <type>
        <code value="http://iso.org/fhir/ts-5384/StructureDefinition/Product-uc1"/>
      </type>
      <mustSupport value="true"/>
      <mapping>
        <identity value="fhir"/>
        <map value="Immunization.vaccineCode"/>
      </mapping>
    </element>
    <element id="Immunization.administration">
      <path value="Immunization.administration"/>
      <short value="Immunization Administration"/>
      <definition value="Immunization Administration"/>
      <min value="0"/>
      <max value="1"/>
      <base>
        <path value="Immunization.administration"/>
        <min value="0"/>
        <max value="1"/>
      </base>
      <type>
        <code value="BackboneElement"/>
      </type>
      <mapping>
        <identity value="fhir"/>
        <map value="Immunization"/>
      </mapping>
    </element>
    <element id="Immunization.administration.date">
      <path value="Immunization.administration.date"/>
      <short value="Date of Immunization Administration"/>
      <definition value="The date the Medicinal Immunizing Product was administered to the person."/>
      <min value="0"/>
      <max value="1"/>
      <base>
        <path value="Immunization.administration.date"/>
        <min value="0"/>
        <max value="1"/>
      </base>
      <type>
        <code value="BackboneElement"/>
      </type>
    </element>
    <element id="Immunization.administration.date.value">
      <path value="Immunization.administration.date.value"/>
      <short value="Date of Immunization Administration"/>
      <definition value="The date the immunization was administered to the person. &#xA;Used to assess whether the subject is protected against a particular disease. &#xA;Jurisdictions may have different business rules for dealing with partial or estimated dates when complete dates are not known."/>
      <min value="0"/>
      <max value="1"/>
      <base>
        <path value="Immunization.administration.date.value"/>
        <min value="0"/>
        <max value="1"/>
      </base>
      <type>
        <code value="dateTime"/>
      </type>
      <mapping>
        <identity value="fhir"/>
        <map value="Immunization.occurrenceDateTime"/>
      </mapping>
    </element>
    <element id="Immunization.administration.date.estimated">
      <path value="Immunization.administration.date.estimated"/>
      <short value="Estimated Date Flag"/>
      <definition value="A flag to indicate the Date of Immunization Administration was estimated.   &#xA;To be used in conjunction with the Date of Immunization Administration data element to indicate that an estimated date was recorded for an immunization event as part of the subject history."/>
      <min value="0"/>
      <max value="1"/>
      <base>
        <path value="Immunization.administration.date.estimated"/>
        <min value="0"/>
        <max value="1"/>
      </base>
      <type>
        <code value="BackboneElement"/>
      </type>
    </element>
    <element id="Immunization.administration.dosage">
      <path value="Immunization.administration.dosage"/>
      <short value="Quantity administered"/>
      <definition value="Quantity of the dose administered; (e.g., influenza dose is 0.25 or 0.5)."/>
      <min value="0"/>
      <max value="*"/>
      <base>
        <path value="Immunization.administration.dosage"/>
        <min value="0"/>
        <max value="*"/>
      </base>
      <type>
        <code value="Quantity"/>
      </type>
      <mapping>
        <identity value="fhir"/>
        <map value="Immunization.doseQuantity"/>
      </mapping>
    </element>
    <element id="Immunization.administration.routeOfAdministration">
      <path value="Immunization.administration.routeOfAdministration"/>
      <short value="[R] Immunization Route of Administration"/>
      <definition value="Route by which the Medicinal Immunizing Product was administered to the body.&#xA;Assists with management reporting such as adverse event management (e.g., was the correct route of administration used).  (intramuscular injection, subcutaneous injection, oral, etc.)."/>
      <min value="1"/>
      <max value="1"/>
      <base>
        <path value="Immunization.administration.routeOfAdministration"/>
        <min value="0"/>
        <max value="1"/>
      </base>
      <type>
        <code value="CodeableConcept"/>
      </type>
      <mapping>
        <identity value="fhir"/>
        <map value="Immunization.route"/>
      </mapping>
    </element>
    <element id="Immunization.administration.site">
      <path value="Immunization.administration.site"/>
      <short value="[R] Immunization Anatomical Site"/>
      <definition value="The body location to or through which a Medicinal Immunizing Product was administered.&#xA;It is important to record where the Medicinal Immunizing Product was delivered to the body in the event of a reported local reaction to a vaccine.  When multiple agents are administered to multiple sites on the body, anatomical site helps determine which vaccine may have been responsible."/>
      <min value="1"/>
      <max value="1"/>
      <base>
        <path value="Immunization.administration.site"/>
        <min value="0"/>
        <max value="1"/>
      </base>
      <type>
        <code value="CodeableConcept"/>
      </type>
      <mapping>
        <identity value="fhir"/>
        <map value="Immunization.site"/>
      </mapping>
    </element>
    <element id="Immunization.administration.performer">
      <path value="Immunization.administration.performer"/>
      <short value="[R] Health Care Worker Responsible for Immunization Administration"/>
      <definition value="The person who is medically responsible for the decision to administer an immunization product."/>
      <min value="1"/>
      <max value="1"/>
      <base>
        <path value="Immunization.administration.performer"/>
        <min value="0"/>
        <max value="1"/>
      </base>
      <type>
        <code value="http://iso.org/fhir/ts-5384/StructureDefinition/HealthProfessional"/>
      </type>
      <mapping>
        <identity value="fhir"/>
        <map value="Immunization.performer"/>
      </mapping>
    </element>
    <element id="Immunization.administration.administrationCenter">
      <path value="Immunization.administration.administrationCenter"/>
      <short value="[R] Organization responsible for Immunization Administration"/>
      <definition value="The health authority responsible for the immunization event."/>
      <min value="1"/>
      <max value="1"/>
      <base>
        <path value="Immunization.administration.administrationCenter"/>
        <min value="0"/>
        <max value="1"/>
      </base>
      <type>
        <code value="http://iso.org/fhir/ts-5384/StructureDefinition/SimpleOrganization"/>
      </type>
      <mapping>
        <identity value="fhir"/>
        <map value="Immunization.performer"/>
      </mapping>
    </element>
    <element id="Immunization.administration.location">
      <path value="Immunization.administration.location"/>
      <short value="[R] Location of Immunization Administration"/>
      <definition value="The location where the immunization occurred is a further specification of the Organization responsible for Immunization Administration."/>
      <min value="1"/>
      <max value="1"/>
      <base>
        <path value="Immunization.administration.location"/>
        <min value="0"/>
        <max value="1"/>
      </base>
      <type>
        <code value="Location"/>
      </type>
      <mapping>
        <identity value="fhir"/>
        <map value="Immunization.location"/>
      </mapping>
    </element>
    <element id="Immunization.administration.country">
      <path value="Immunization.administration.country"/>
      <short value="[R] Country of Immunization"/>
      <definition value="The country in which the individual has been immunized person."/>
      <min value="1"/>
      <max value="1"/>
      <base>
        <path value="Immunization.administration.country"/>
        <min value="0"/>
        <max value="1"/>
      </base>
      <type>
        <code value="CodeableConcept"/>
      </type>
      <mapping>
        <identity value="fhir"/>
        <map value="Immunization.location"/>
      </mapping>
      <mapping>
        <identity value="fhir"/>
        <map value="Location.address.country"/>
      </mapping>
    </element>
    <element id="Immunization.protocol">
      <path value="Immunization.protocol"/>
      <short value="Protocol applied"/>
      <definition value="The protocol (set of recommendations) being followed by the provider who administered the dose."/>
      <min value="0"/>
      <max value="1"/>
      <base>
        <path value="Immunization.protocol"/>
        <min value="0"/>
        <max value="1"/>
      </base>
      <type>
        <code value="BackboneElement"/>
      </type>
      <mapping>
        <identity value="fhir"/>
        <map value="Immunization.protocolApplied"/>
      </mapping>
    </element>
    <element id="Immunization.protocol.doseNumber">
      <path value="Immunization.protocol.doseNumber"/>
      <short value="Dose Number"/>
      <definition value="Dose Number"/>
      <min value="0"/>
      <max value="1"/>
      <base>
        <path value="Immunization.protocol.doseNumber"/>
        <min value="0"/>
        <max value="1"/>
      </base>
      <type>
        <code value="integer"/>
      </type>
      <mapping>
        <identity value="fhir"/>
        <map value="Immunization.protocolApplied.doseNumber[x]"/>
      </mapping>
    </element>
    <element id="Immunization.protocol.seriesDoseNumber">
      <path value="Immunization.protocol.seriesDoseNumber"/>
      <short value="Series Dose Number"/>
      <definition value="Series Dose Number"/>
      <min value="0"/>
      <max value="1"/>
      <base>
        <path value="Immunization.protocol.seriesDoseNumber"/>
        <min value="0"/>
        <max value="1"/>
      </base>
      <type>
        <code value="integer"/>
      </type>
      <mapping>
        <identity value="fhir"/>
        <map value="Immunization.protocolApplied.seriesDoses[x]"/>
      </mapping>
    </element>
    <element id="Immunization.reaction">
      <path value="Immunization.reaction"/>
      <short value="Adverse Reaction"/>
      <definition value="Adverse Reaction"/>
      <min value="0"/>
      <max value="*"/>
      <base>
        <path value="Immunization.reaction"/>
        <min value="0"/>
        <max value="*"/>
      </base>
      <type>
        <code value="BackboneElement"/>
      </type>
      <mapping>
        <identity value="fhir"/>
        <map value="Immunization.reaction"/>
      </mapping>
    </element>
    <element id="Immunization.reaction.reported">
      <path value="Immunization.reaction.reported"/>
      <short value="[R] Adverse Reaction Following Immunization"/>
      <definition value="A flag to identify an adverse reaction was reported following administration of a Medicinal Immunizing Product. &#xA;Used as a signal to practitioners that an adverse reaction was reported in relation to a particular immunization event. This field can also prompt the practitioner to send an Adverse Event report if an adverse reaction occurs in the office shortly after immunization or is reported at a future visit."/>
      <min value="1"/>
      <max value="1"/>
      <base>
        <path value="Immunization.reaction.reported"/>
        <min value="0"/>
        <max value="1"/>
      </base>
      <type>
        <code value="boolean"/>
      </type>
      <mapping>
        <identity value="fhir"/>
        <map value="Immunization.reaction.reported"/>
      </mapping>
    </element>
    <element id="Immunization.reaction.date">
      <path value="Immunization.reaction.date"/>
      <short value="[R] Adverse Reaction date"/>
      <definition value="The date the Adverse Reaction Following Immunization occurred.&#xA;Not to be confused with the date the reaction was reported"/>
      <min value="1"/>
      <max value="1"/>
      <base>
        <path value="Immunization.reaction.date"/>
        <min value="0"/>
        <max value="1"/>
      </base>
      <type>
        <code value="dateTime"/>
      </type>
      <mapping>
        <identity value="fhir"/>
        <map value="Immunization.reaction.date"/>
      </mapping>
    </element>
    <element id="Immunization.reaction.manifestation">
      <path value="Immunization.reaction.manifestation"/>
      <short value="[R] Adverse Reaction manifestation"/>
      <definition value="Indicates the specific type of Adverse Reaction Following Immunization that occurred. &#xA;Example: Rash, Hives"/>
      <min value="1"/>
      <max value="1"/>
      <base>
        <path value="Immunization.reaction.manifestation"/>
        <min value="0"/>
        <max value="1"/>
      </base>
      <type>
        <code value="BackboneElement"/>
      </type>
      <mapping>
        <identity value="fhir"/>
        <map value="Immunization.reaction.detail"/>
      </mapping>
    </element>
    <element id="Immunization.forecast">
      <path value="Immunization.forecast"/>
      <short value="[M] Subject&#39;s immunization forecast"/>
      <definition value="Subject&#39;s immunization forecast"/>
      <min value="1"/>
      <max value="1"/>
      <base>
        <path value="Immunization.forecast"/>
        <min value="0"/>
        <max value="1"/>
      </base>
      <type>
        <code value="http://iso.org/fhir/ts-5384/StructureDefinition/Forecast-uc1"/>
      </type>
      <mustSupport value="true"/>
      <mapping>
        <identity value="fhir"/>
        <map value="ImmunizationRecommendation"/>
      </mapping>
    </element>
    <element id="Immunization.notes">
      <path value="Immunization.notes"/>
      <short value="Additional information relevant to the immunization record."/>
      <definition value="The note is specific to the immunization event, agent or antigen."/>
      <min value="0"/>
      <max value="1"/>
      <base>
        <path value="Immunization.notes"/>
        <min value="0"/>
        <max value="1"/>
      </base>
      <type>
        <code value="markdown"/>
      </type>
      <mapping>
        <identity value="fhir"/>
        <map value="Immunization.note"/>
      </mapping>
    </element>
  </snapshot>
  <differential>
    <element id="Immunization">
      <path value="Immunization"/>
    </element>
    <element id="Immunization.source">
      <path value="Immunization.source"/>
      <short value="[R] Immunization Reporting Source"/>
      <min value="1"/>
      <max value="*"/>
      <type>
        <code value="BackboneElement"/>
      </type>
    </element>
    <element id="Immunization.targetDisease">
      <path value="Immunization.targetDisease"/>
      <short value="[R] Vaccine Preventable Disease"/>
      <min value="1"/>
      <max value="*"/>
    </element>
    <element id="Immunization.subject">
      <path value="Immunization.subject"/>
      <short value="[O] Subject"/>
      <type>
        <code value="http://iso.org/fhir/ts-5384/StructureDefinition/Subject-uc1"/>
      </type>
    </element>
    <element id="Immunization.product">
      <path value="Immunization.product"/>
      <short value="[O] Medicinal Immunizing Product"/>
      <min value="1"/>
      <max value="*"/>
      <type>
        <code value="http://iso.org/fhir/ts-5384/StructureDefinition/Product-uc1"/>
      </type>
      <mustSupport value="true"/>
    </element>
    <element id="Immunization.administration.routeOfAdministration">
      <path value="Immunization.administration.routeOfAdministration"/>
      <short value="[R] Immunization Route of Administration"/>
      <min value="1"/>
      <max value="1"/>
    </element>
    <element id="Immunization.administration.site">
      <path value="Immunization.administration.site"/>
      <short value="[R] Immunization Anatomical Site"/>
      <min value="1"/>
      <max value="1"/>
    </element>
    <element id="Immunization.administration.performer">
      <path value="Immunization.administration.performer"/>
      <short value="[R] Health Care Worker Responsible for Immunization Administration"/>
      <min value="1"/>
      <max value="1"/>
    </element>
    <element id="Immunization.administration.administrationCenter">
      <path value="Immunization.administration.administrationCenter"/>
      <short value="[R] Organization responsible for Immunization Administration"/>
      <min value="1"/>
      <max value="1"/>
    </element>
    <element id="Immunization.administration.location">
      <path value="Immunization.administration.location"/>
      <short value="[R] Location of Immunization Administration"/>
      <min value="1"/>
      <max value="1"/>
    </element>
    <element id="Immunization.administration.country">
      <path value="Immunization.administration.country"/>
      <short value="[R] Country of Immunization"/>
      <min value="1"/>
      <max value="1"/>
    </element>
    <element id="Immunization.reaction.reported">
      <path value="Immunization.reaction.reported"/>
      <short value="[R] Adverse Reaction Following Immunization"/>
      <min value="1"/>
      <max value="1"/>
    </element>
    <element id="Immunization.reaction.date">
      <path value="Immunization.reaction.date"/>
      <short value="[R] Adverse Reaction date"/>
      <min value="1"/>
      <max value="1"/>
    </element>
    <element id="Immunization.reaction.manifestation">
      <path value="Immunization.reaction.manifestation"/>
      <short value="[R] Adverse Reaction manifestation"/>
      <min value="1"/>
      <max value="1"/>
    </element>
    <element id="Immunization.forecast">
      <path value="Immunization.forecast"/>
      <short value="[M] Subject&#39;s immunization forecast"/>
      <min value="1"/>
      <max value="1"/>
      <type>
        <code value="http://iso.org/fhir/ts-5384/StructureDefinition/Forecast-uc1"/>
      </type>
      <mustSupport value="true"/>
    </element>
  </differential>
</StructureDefinition>