"Path","Slice Name","Alias(s)","Label","Min","Max","Must Support?","Is Modifier?","Is Summary?","Type(s)","Short","Definition","Comments","Requirements","Default Value","Meaning When Missing","Fixed Value","Pattern","Example","Minimum Value","Maximum Value","Maximum Length","Binding Strength","Binding Description","Binding Value Set","Code","Slicing Discriminator","Slicing Description","Slicing Ordered","Slicing Rules","Base Path","Base Min","Base Max","Condition(s)","Constraint(s)","Mapping: RIM Mapping"
"Product","","","",1,1,"","","","","Product","A product  that have or should have been administered to a subject that includes one or more specific antigen(s) aimed at developing an immune response in an individual to provide protection from a vaccine preventable disease(s).","","","","","","","","","",,,,,"",,,,"Element",0,*,"ele-1
","ele-1:All FHIR elements must have a @value or children {hasValue() or (children().count() > id.count())}
","n/a"
"Product.id","","","",0,1,"","","","string {[]} {[]}
","Unique id for inter-element referencing","Unique id for the element within a resource (for internal references). This may be any string value that does not contain spaces.","","","","","","","","","",,,,,"",,,,"Element.id",0,1,"","","n/a"
"Product.extension","","extensions
user content","",0,*,"","","","Extension {[]} {[]}
","Additional content defined by implementations","May be used to represent additional information that is not part of the basic definition of the element. To make the use of extensions safe and manageable, there is a strict set of governance  applied to the definition and use of extensions. Though any implementer can define an extension, there is a set of requirements that SHALL be met as part of the definition of the extension.","There can be no stigma associated with the use of extensions by any application, project, or standard - regardless of the institution or jurisdiction that uses or defines the extensions.  The use of extensions is what allows the FHIR specification to retain a core level of simplicity for everyone.","","","","","","","","",,,,,"","value:url}
","Extensions are always sliced by (at least) url",,"open","Element.extension",0,*,"","ele-1:All FHIR elements must have a @value or children {hasValue() or (children().count() > id.count())}
ext-1:Must have either extensions or value[x], not both {extension.exists() != value.exists()}","n/a"
"Product.codeSet","","","",1,1,"","","","BackboneElement {[]} {[]}
","[R] Set of product codes","Set of codes that are used to identify this product.","","","","","","","","","",,,,,"",,,,"Product.codeSet",0,1,"",""
"Product.codeSet.productCode","","","",1,*,"","","","CodeableConcept {[]} {[]}
","[R] Product code","Code identifying this product.
The code may represent different kinds of products: it might be an Authorized Packaged Medicinal Product, a Virtual Medicinal Product , a Pharmaceutical Product (PhP) , a cluster of products and so on.
It might be a jurisdictional (e.g. sub-national, national), cross-jurisdictional (e.g. regional) or a global product code.","","","","","","","","","",,,,,"",,,,"Product.codeSet.productCode",0,*,"",""
"Product.codeSet.PCID","","","",0,1,"","","","CodeableConcept {[]} {[]}
","[O] IDMP PCID","Code identifying the IDMP Packaged Medicinal Product.
A Packaged Medicinal Product is a 'Medicinal Product in a container being part of a package, representing the entirety that has been packaged for sale or supply' [source ISO 11615:2017]","","","","","","","","","",,,,,"",,,,"Product.codeSet.PCID",0,1,"",""
"Product.codeSet.MPID","","","",0,1,"","","","CodeableConcept {[]} {[]}
","[O] IDMP MPID","Code identifying the IDMP Medicinal Product.
A Medicinal Product is a 'pharmaceutical product or combination of pharmaceutical products that may be administered to human beings (or animals) for treating or preventing disease, with the aim/purpose of making a medical diagnosis or to restore, correct or modify physiological functions'  [source ISO 11615:2017]","","","","","","","","","",,,,,"",,,,"Product.codeSet.MPID",0,1,"",""
"Product.codeSet.PhPID","","","",0,*,"","","","CodeableConcept {[]} {[]}
","[O] IDMP PhP","Code identifying the IDMP Pharmaceutical Product.
A Pharmaceutical Product is a 'qualitative and quantitative composition of a Medicinal Product in the dose form approved for administration' [source ISO 11616:2017]","","","","","","","","","",,,,,"",,,,"Product.codeSet.PhPID",0,*,"",""
"Product.packageIdentifiers","","","",0,1,"","","","BackboneElement {[]} {[]}
","[O] Set of identifiers","Identifiers typically related to the supply chain management, but often used also for other purposes as the fight against falsified and counterfeit medicines; adverse event reporting, and so on.","","","","","","","","","",,,,,"",,,,"Product.packageIdentifiers",0,1,"",""
"Product.packageIdentifiers.dataCarrierIdentifier","","","",0,*,"","","","Identifier {[]} {[]}
","[O] Data Carrier Identifier (e.g. GTIN)","Set of identifiers associated to this instance of the product.
It could be a global (e.g. GTIN) or a national identifier. 
The identifiers may refer to different package levels such as primary packaging or secondary packaging.
The identifier of the lowest packaging should be captured.","","","","","","","","","",,,,,"",,,,"Product.packageIdentifiers.dataCarrierIdentifier",0,*,"",""
"Product.packageIdentifiers.lotNumber","","","",0,1,"","","","string {[]} {[]}
","[O] Lot Number","The lot number of the Administrable Immunizing Agent, as assigned by the manufacturer.","","","","","","","","","",,,,,"",,,,"Product.packageIdentifiers.lotNumber",0,1,"",""
"Product.name","","","",0,*,"Y","","","string {[]} {[]}
","[RK] Product Name","Product Name","","","","","","","","","",,,,,"",,,,"Product.name",0,*,"",""
"Product.composition","","","",1,1,"Y","","","BackboneElement {[]} {[]}
","[M] Composition","Composition of this product","","","","","","","","","",,,,,"",,,,"Product.composition",0,1,"",""
"Product.composition.ingredient","","","",1,*,"Y","","","BackboneElement {[]} {[]}
","[M] Ingredient (e.g. antigen)","Information about the ingredients composing this product","","","","","","","","","",,,,,"",,,,"Product.composition.ingredient",0,*,"",""
"Product.composition.ingredient.substanceName","","","",1,1,"Y","","","string {[]} {[]}
","[M] Substance name","Name of the substance / specified substance","","","","","","","","","",,,,,"",,,,"Product.composition.ingredient.substanceName",0,1,"",""
"Product.composition.ingredient.substanceCode","","","",0,*,"Y","","","CodeableConcept {[]} {[]}
","[RK] Substance code","Code identifying this substance / specified substance. 
A susbtance is 'any matter of defined composition that has discrete existence, whose origin may be biological, mineral or chemical' [source ISO 11616:2017]
When active it is the substance that triggers an immune response to a specific disease with a role of an antigen. 
Derivable from vaccine product.
","","","","","","","","","",,,,,"",,,,"Product.composition.ingredient.substanceCode",0,*,"",""
"Product.composition.ingredient.ingredientRole","","","",0,1,"","","","CodeableConcept {[]} {[]}
","[O] Ingredient role","Role of this ingredient","","","","","","","","","",,,,,"",,,,"Product.composition.ingredient.ingredientRole",0,1,"",""
"Product.composition.ingredient.substanceQuantity","","","",0,1,"","","","Ratio {[]} {[]}
","[O] Substance quantity","Quantity of this substance / specified substance. It can be per unit of presentation or per concentration.","","","","","","","","","",,,,,"",,,,"Product.composition.ingredient.substanceQuantity",0,1,"",""
"Product.composition.description","","","",0,1,"","","","string {[]} {[]}
","[O] Composition (textual tescription)","Textual description of the product composition","","","","","","","","","",,,,,"",,,,"Product.composition.description",0,1,"",""
"Product.marketAuthorizationHolder","","","",0,1,"Y","","","http://iso.org/fhir/ts-5384/StructureDefinition/SimpleOrganization {[]} {[]}
","[RK] Market Authorization Holder (MAH)","the organisation that holds the authorisation for marketing a Medicinal Product in a region","","","","","","","","","",,,,,"",,,,"Product.marketAuthorizationHolder",0,1,"",""
"Product.manufacturer","","","",0,1,"Y","","","http://iso.org/fhir/ts-5384/StructureDefinition/SimpleOrganization {[]} {[]}
","[RK] manufacturer","Organisation that holds the authorisation for the manufacturing process","","","","","","","","","",,,,,"",,,,"Product.manufacturer",0,1,"",""
"Product.expiryDate","","","",0,1,"Y","","","date {[]} {[]}
","[RK] Expiry Date","Date, assigned to the Medicinal Immunizing Product by the manufacturer, after which the product should not be administered as product integrity cannot be guaranteed.  
The Medicinal Immunizing Product, along with the Medicinal Immunizing Product Lot Number and Medicinal Immunizing Product Expiry Date, uniquely identifies an immunizing product. 
A key variable in vaccine recalls because each lot number may have more than one expiry date.  
Expiry date may be changed (reduced) due to a cold chain break. ","","","","","","","","","",,,,,"",,,,"Product.expiryDate",0,1,"",""
