{"resourceType":"StructureDefinition","id":"Forecast","text":{"status":"extensions","div":"<div xmlns=\"http://www.w3.org/1999/xhtml\"><table border=\"0\" cellpadding=\"0\" cellspacing=\"0\" style=\"border: 0px #F0F0F0 solid; font-size: 11px; font-family: verdana; vertical-align: top;\"><tr style=\"border: 1px #F0F0F0 solid; font-size: 11px; font-family: verdana; vertical-align: top\"><th style=\"vertical-align: top; text-align : left; background-color: white; border: 0px #F0F0F0 solid; padding:0px 4px 0px 4px\" class=\"hierarchy\"><a href=\"http://hl7.org/fhir/R4/formats.html#table\" title=\"The logical name of the element\">Name</a></th><th style=\"vertical-align: top; text-align : left; background-color: white; border: 0px #F0F0F0 solid; padding:0px 4px 0px 4px\" class=\"hierarchy\"><a href=\"http://hl7.org/fhir/R4/formats.html#table\" title=\"Information about the use of the element\">Flags</a></th><th style=\"vertical-align: top; text-align : left; background-color: white; border: 0px #F0F0F0 solid; padding:0px 4px 0px 4px\" class=\"hierarchy\"><a href=\"http://hl7.org/fhir/R4/formats.html#table\" title=\"Minimum and Maximum # of times the the element can appear in the instance\">Card.</a></th><th style=\"width: 100px\" class=\"hierarchy\"><a href=\"http://hl7.org/fhir/R4/formats.html#table\" title=\"Reference to the type of the element\">Type</a></th><th style=\"vertical-align: top; text-align : left; background-color: white; border: 0px #F0F0F0 solid; padding:0px 4px 0px 4px\" class=\"hierarchy\"><a href=\"http://hl7.org/fhir/R4/formats.html#table\" title=\"Additional information about the element\">Description &amp; Constraints</a><span style=\"float: right\"><a href=\"http://hl7.org/fhir/R4/formats.html#table\" title=\"Legend for this format\"><img src=\"http://hl7.org/fhir/R4/help16.png\" alt=\"doco\" style=\"background-color: inherit\"/></a></span></th></tr><tr style=\"border: 0px #F0F0F0 solid; padding:0px; vertical-align: top; background-color: white\"><td style=\"vertical-align: top; text-align : left; background-color: white; border: 0px #F0F0F0 solid; padding:0px 4px 0px 4px; white-space: nowrap; background-image: url(tbl_bck1.png)\" class=\"hierarchy\"><img src=\"tbl_spacer.png\" alt=\".\" style=\"background-color: inherit\" class=\"hierarchy\"/><img src=\"icon_element.gif\" alt=\".\" style=\"background-color: white; background-color: inherit\" title=\"Element\" class=\"hierarchy\"/> <a href=\"StructureDefinition-Forecast-definitions.html#Forecast\" title=\"Subject's immunization forecast\">Forecast</a><a name=\"Forecast\"> </a></td><td style=\"vertical-align: top; text-align : left; background-color: white; border: 0px #F0F0F0 solid; padding:0px 4px 0px 4px\" class=\"hierarchy\"/><td style=\"vertical-align: top; text-align : left; background-color: white; border: 0px #F0F0F0 solid; padding:0px 4px 0px 4px\" class=\"hierarchy\">1..1</td><td style=\"vertical-align: top; text-align : left; background-color: white; border: 0px #F0F0F0 solid; padding:0px 4px 0px 4px\" class=\"hierarchy\"><a href=\"http://hl7.org/fhir/R4/datatypes.html#Element\">Element</a></td><td style=\"vertical-align: top; text-align : left; background-color: white; border: 0px #F0F0F0 solid; padding:0px 4px 0px 4px\" class=\"hierarchy\">Subject's immunization forecast</td></tr>\r\n<tr style=\"border: 0px #F0F0F0 solid; padding:0px; vertical-align: top; background-color: #F7F7F7\"><td style=\"vertical-align: top; text-align : left; background-color: #F7F7F7; border: 0px #F0F0F0 solid; padding:0px 4px 0px 4px; white-space: nowrap; background-image: url(tbl_bck10.png)\" class=\"hierarchy\"><img src=\"tbl_spacer.png\" alt=\".\" style=\"background-color: inherit\" class=\"hierarchy\"/><img src=\"tbl_vjoin.png\" alt=\".\" style=\"background-color: inherit\" class=\"hierarchy\"/><img src=\"icon_primitive.png\" alt=\".\" style=\"background-color: #F7F7F7; background-color: inherit\" title=\"Primitive Data Type\" class=\"hierarchy\"/> <a href=\"StructureDefinition-Forecast-definitions.html#Forecast.creationDate\" title=\"The date the subject's Immunization Forecast Status was generated\nThe date the subject's Immunization Forecast Status was generated may not be the same as the Immunization Forecast Date.\">creationDate</a><a name=\"Forecast.creationDate\"> </a></td><td style=\"vertical-align: top; text-align : left; background-color: #F7F7F7; border: 0px #F0F0F0 solid; padding:0px 4px 0px 4px\" class=\"hierarchy\"/><td style=\"vertical-align: top; text-align : left; background-color: #F7F7F7; border: 0px #F0F0F0 solid; padding:0px 4px 0px 4px\" class=\"hierarchy\">0..1</td><td style=\"vertical-align: top; text-align : left; background-color: #F7F7F7; border: 0px #F0F0F0 solid; padding:0px 4px 0px 4px\" class=\"hierarchy\"><a href=\"http://hl7.org/fhir/R4/datatypes.html#dateTime\">dateTime</a></td><td style=\"vertical-align: top; text-align : left; background-color: #F7F7F7; border: 0px #F0F0F0 solid; padding:0px 4px 0px 4px\" class=\"hierarchy\">Immunization Forecast Status Generated Date</td></tr>\r\n<tr style=\"border: 0px #F0F0F0 solid; padding:0px; vertical-align: top; background-color: white\"><td style=\"vertical-align: top; text-align : left; background-color: white; border: 0px #F0F0F0 solid; padding:0px 4px 0px 4px; white-space: nowrap; background-image: url(tbl_bck10.png)\" class=\"hierarchy\"><img src=\"tbl_spacer.png\" alt=\".\" style=\"background-color: inherit\" class=\"hierarchy\"/><img src=\"tbl_vjoin.png\" alt=\".\" style=\"background-color: inherit\" class=\"hierarchy\"/><img src=\"icon_datatype.gif\" alt=\".\" style=\"background-color: white; background-color: inherit\" title=\"Data Type\" class=\"hierarchy\"/> <a href=\"StructureDefinition-Forecast-definitions.html#Forecast.status\" title=\"Represents the subject's requirement type for a particular Medicinal Immunizing Product.\nProvides the status of a subject towards immunity against a Vaccine Preventable Disease.  Values may include due, overdue, no longer recommended etc.)  A subject's immunization forecast status changes over time and is dependent on the interval of time between immunizations, the subject's age and other risk factors (e.g. pregnancy).  \">status</a><a name=\"Forecast.status\"> </a></td><td style=\"vertical-align: top; text-align : left; background-color: white; border: 0px #F0F0F0 solid; padding:0px 4px 0px 4px\" class=\"hierarchy\"/><td style=\"vertical-align: top; text-align : left; background-color: white; border: 0px #F0F0F0 solid; padding:0px 4px 0px 4px\" class=\"hierarchy\">0..1</td><td style=\"vertical-align: top; text-align : left; background-color: white; border: 0px #F0F0F0 solid; padding:0px 4px 0px 4px\" class=\"hierarchy\"><a href=\"http://hl7.org/fhir/R4/datatypes.html#CodeableConcept\">CodeableConcept</a></td><td style=\"vertical-align: top; text-align : left; background-color: white; border: 0px #F0F0F0 solid; padding:0px 4px 0px 4px\" class=\"hierarchy\">Immunization Forecast Status</td></tr>\r\n<tr style=\"border: 0px #F0F0F0 solid; padding:0px; vertical-align: top; background-color: #F7F7F7\"><td style=\"vertical-align: top; text-align : left; background-color: #F7F7F7; border: 0px #F0F0F0 solid; padding:0px 4px 0px 4px; white-space: nowrap; background-image: url(tbl_bck10.png)\" class=\"hierarchy\"><img src=\"tbl_spacer.png\" alt=\".\" style=\"background-color: inherit\" class=\"hierarchy\"/><img src=\"tbl_vjoin.png\" alt=\".\" style=\"background-color: inherit\" class=\"hierarchy\"/><img src=\"icon_primitive.png\" alt=\".\" style=\"background-color: #F7F7F7; background-color: inherit\" title=\"Primitive Data Type\" class=\"hierarchy\"/> <a href=\"StructureDefinition-Forecast-definitions.html#Forecast.description\" title=\"Represents the description of the protocol as determined by the Organization Responsible for Immunization Administration that pertains to the subject.\nThis information assists the clinician and subject in understanding the Immunization Forecast Status.  (e.g., Recommend 3 doses of the HPV vaccine starting at age 15 years)\">description</a><a name=\"Forecast.description\"> </a></td><td style=\"vertical-align: top; text-align : left; background-color: #F7F7F7; border: 0px #F0F0F0 solid; padding:0px 4px 0px 4px\" class=\"hierarchy\"/><td style=\"vertical-align: top; text-align : left; background-color: #F7F7F7; border: 0px #F0F0F0 solid; padding:0px 4px 0px 4px\" class=\"hierarchy\">0..1</td><td style=\"vertical-align: top; text-align : left; background-color: #F7F7F7; border: 0px #F0F0F0 solid; padding:0px 4px 0px 4px\" class=\"hierarchy\"><a href=\"http://hl7.org/fhir/R4/datatypes.html#string\">string</a></td><td style=\"vertical-align: top; text-align : left; background-color: #F7F7F7; border: 0px #F0F0F0 solid; padding:0px 4px 0px 4px\" class=\"hierarchy\">Immunization Forecast Description</td></tr>\r\n<tr style=\"border: 0px #F0F0F0 solid; padding:0px; vertical-align: top; background-color: white\"><td style=\"vertical-align: top; text-align : left; background-color: white; border: 0px #F0F0F0 solid; padding:0px 4px 0px 4px; white-space: nowrap; background-image: url(tbl_bck10.png)\" class=\"hierarchy\"><img src=\"tbl_spacer.png\" alt=\".\" style=\"background-color: inherit\" class=\"hierarchy\"/><img src=\"tbl_vjoin.png\" alt=\".\" style=\"background-color: inherit\" class=\"hierarchy\"/><img src=\"icon_primitive.png\" alt=\".\" style=\"background-color: white; background-color: inherit\" title=\"Primitive Data Type\" class=\"hierarchy\"/> <a href=\"StructureDefinition-Forecast-definitions.html#Forecast.supportingInformation\" title=\"Represents subject information that supports requirements related to a forecasted immunization event.\nThis includes elaboration of the Immunization Forecast Status, Immunization Forecast Description, observations, adverse reactions etc..\">supportingInformation</a><a name=\"Forecast.supportingInformation\"> </a></td><td style=\"vertical-align: top; text-align : left; background-color: white; border: 0px #F0F0F0 solid; padding:0px 4px 0px 4px\" class=\"hierarchy\"/><td style=\"vertical-align: top; text-align : left; background-color: white; border: 0px #F0F0F0 solid; padding:0px 4px 0px 4px\" class=\"hierarchy\">0..1</td><td style=\"vertical-align: top; text-align : left; background-color: white; border: 0px #F0F0F0 solid; padding:0px 4px 0px 4px\" class=\"hierarchy\"><a href=\"http://hl7.org/fhir/R4/datatypes.html#string\">string</a></td><td style=\"vertical-align: top; text-align : left; background-color: white; border: 0px #F0F0F0 solid; padding:0px 4px 0px 4px\" class=\"hierarchy\">Immunization Forecast Supporting Information</td></tr>\r\n<tr style=\"border: 0px #F0F0F0 solid; padding:0px; vertical-align: top; background-color: #F7F7F7\"><td style=\"vertical-align: top; text-align : left; background-color: #F7F7F7; border: 0px #F0F0F0 solid; padding:0px 4px 0px 4px; white-space: nowrap; background-image: url(tbl_bck01.png)\" class=\"hierarchy\"><img src=\"tbl_spacer.png\" alt=\".\" style=\"background-color: inherit\" class=\"hierarchy\"/><img src=\"tbl_vjoin_end.png\" alt=\".\" style=\"background-color: inherit\" class=\"hierarchy\"/><img src=\"icon_datatype.gif\" alt=\".\" style=\"background-color: #F7F7F7; background-color: inherit\" title=\"Data Type\" class=\"hierarchy\"/> <a href=\"StructureDefinition-Forecast-definitions.html#Forecast.date\" title=\"Represents the description of the protocol as determined by the Organization Responsible for Immunization Administration that pertains to the subject.\">date</a><a name=\"Forecast.date\"> </a></td><td style=\"vertical-align: top; text-align : left; background-color: #F7F7F7; border: 0px #F0F0F0 solid; padding:0px 4px 0px 4px\" class=\"hierarchy\"/><td style=\"vertical-align: top; text-align : left; background-color: #F7F7F7; border: 0px #F0F0F0 solid; padding:0px 4px 0px 4px\" class=\"hierarchy\">0..*</td><td style=\"vertical-align: top; text-align : left; background-color: #F7F7F7; border: 0px #F0F0F0 solid; padding:0px 4px 0px 4px\" class=\"hierarchy\"><a href=\"http://hl7.org/fhir/R4/datatypes.html#BackboneElement\">BackboneElement</a></td><td style=\"vertical-align: top; text-align : left; background-color: #F7F7F7; border: 0px #F0F0F0 solid; padding:0px 4px 0px 4px\" class=\"hierarchy\">Immunization Forecast Date<br/></td></tr>\r\n<tr style=\"border: 0px #F0F0F0 solid; padding:0px; vertical-align: top; background-color: white\"><td style=\"vertical-align: top; text-align : left; background-color: white; border: 0px #F0F0F0 solid; padding:0px 4px 0px 4px; white-space: nowrap; background-image: url(tbl_bck010.png)\" class=\"hierarchy\"><img src=\"tbl_spacer.png\" alt=\".\" style=\"background-color: inherit\" class=\"hierarchy\"/><img src=\"tbl_blank.png\" alt=\".\" style=\"background-color: inherit\" class=\"hierarchy\"/><img src=\"tbl_vjoin.png\" alt=\".\" style=\"background-color: inherit\" class=\"hierarchy\"/><img src=\"icon_datatype.gif\" alt=\".\" style=\"background-color: white; background-color: inherit\" title=\"Data Type\" class=\"hierarchy\"/> <a href=\"StructureDefinition-Forecast-definitions.html#Forecast.date.type\" title=\"Type of date classification pertinent to the administration of the forecasted immunization event.  \nThis data element must align and be used with Immunization Forecast Date data element.  Examples of values to support this data element include: the earliest due date, latest due date (the recommended date) for administration of the vaccine.\">type</a><a name=\"Forecast.date.type\"> </a></td><td style=\"vertical-align: top; text-align : left; background-color: white; border: 0px #F0F0F0 solid; padding:0px 4px 0px 4px\" class=\"hierarchy\"/><td style=\"vertical-align: top; text-align : left; background-color: white; border: 0px #F0F0F0 solid; padding:0px 4px 0px 4px\" class=\"hierarchy\">0..1</td><td style=\"vertical-align: top; text-align : left; background-color: white; border: 0px #F0F0F0 solid; padding:0px 4px 0px 4px\" class=\"hierarchy\"><a href=\"http://hl7.org/fhir/R4/datatypes.html#CodeableConcept\">CodeableConcept</a></td><td style=\"vertical-align: top; text-align : left; background-color: white; border: 0px #F0F0F0 solid; padding:0px 4px 0px 4px\" class=\"hierarchy\">Immunization Forecast Date Type</td></tr>\r\n<tr style=\"border: 0px #F0F0F0 solid; padding:0px; vertical-align: top; background-color: #F7F7F7\"><td style=\"vertical-align: top; text-align : left; background-color: #F7F7F7; border: 0px #F0F0F0 solid; padding:0px 4px 0px 4px; white-space: nowrap; background-image: url(tbl_bck000.png)\" class=\"hierarchy\"><img src=\"tbl_spacer.png\" alt=\".\" style=\"background-color: inherit\" class=\"hierarchy\"/><img src=\"tbl_blank.png\" alt=\".\" style=\"background-color: inherit\" class=\"hierarchy\"/><img src=\"tbl_vjoin_end.png\" alt=\".\" style=\"background-color: inherit\" class=\"hierarchy\"/><img src=\"icon_primitive.png\" alt=\".\" style=\"background-color: #F7F7F7; background-color: inherit\" title=\"Primitive Data Type\" class=\"hierarchy\"/> <a href=\"StructureDefinition-Forecast-definitions.html#Forecast.date.value\" title=\"The date provided in the subject's immunization forecast whose meaning relates to the Immunization Forecast Date Type.\nThis data element must align and be used with the Immunization Forecast Date Type data element.\">value</a><a name=\"Forecast.date.value\"> </a></td><td style=\"vertical-align: top; text-align : left; background-color: #F7F7F7; border: 0px #F0F0F0 solid; padding:0px 4px 0px 4px\" class=\"hierarchy\"/><td style=\"vertical-align: top; text-align : left; background-color: #F7F7F7; border: 0px #F0F0F0 solid; padding:0px 4px 0px 4px\" class=\"hierarchy\">0..1</td><td style=\"vertical-align: top; text-align : left; background-color: #F7F7F7; border: 0px #F0F0F0 solid; padding:0px 4px 0px 4px\" class=\"hierarchy\"><a href=\"http://hl7.org/fhir/R4/datatypes.html#dateTime\">dateTime</a></td><td style=\"vertical-align: top; text-align : left; background-color: #F7F7F7; border: 0px #F0F0F0 solid; padding:0px 4px 0px 4px\" class=\"hierarchy\">Immunization Forecast Date</td></tr>\r\n<tr><td colspan=\"5\" class=\"hierarchy\"><br/><a href=\"http://hl7.org/fhir/R4/formats.html#table\" title=\"Legend for this format\"><img src=\"http://hl7.org/fhir/R4/help16.png\" alt=\"doco\" style=\"background-color: inherit\"/> Documentation for this format</a></td></tr></table></div>"},"url":"http://iso.org/fhir/ts-5384/StructureDefinition/Forecast","version":"0.0.1","name":"ImmunizationForecast","title":"Immunization Forecast","status":"draft","experimental":true,"date":"2021-05-04T07:17:50+00:00","publisher":"ISO","contact":[{"telecom":[{"system":"url","value":"https://www.iso.int"}]}],"description":"ISO TS 5384 data model","jurisdiction":[{"coding":[{"system":"http://unstats.un.org/unsd/methods/m49/m49.htm","code":"001"}]}],"fhirVersion":"4.0.1","mapping":[{"identity":"fhir","uri":"hl7.org/fhir/r4","name":"FHIR"},{"identity":"rim","uri":"http://hl7.org/v3","name":"RIM Mapping"}],"kind":"logical","abstract":false,"type":"Forecast","baseDefinition":"http://hl7.org/fhir/StructureDefinition/Element","derivation":"specialization","snapshot":{"element":[{"id":"Forecast","path":"Forecast","short":"Subject's immunization forecast","definition":"Subject's immunization forecast","min":1,"max":"1","base":{"path":"Element","min":0,"max":"*"},"condition":["ele-1"],"constraint":[{"key":"ele-1","severity":"error","human":"All FHIR elements must have a @value or children","expression":"hasValue() or (children().count() > id.count())","xpath":"@value|f:*|h:div","source":"http://hl7.org/fhir/StructureDefinition/Element"}],"isModifier":false,"mapping":[{"identity":"rim","map":"n/a"}]},{"id":"Forecast.id","path":"Forecast.id","representation":["xmlAttr"],"short":"Unique id for inter-element referencing","definition":"Unique id for the element within a resource (for internal references). This may be any string value that does not contain spaces.","min":0,"max":"1","base":{"path":"Element.id","min":0,"max":"1"},"type":[{"extension":[{"url":"http://hl7.org/fhir/StructureDefinition/structuredefinition-fhir-type","valueUrl":"string"}],"code":"http://hl7.org/fhirpath/System.String"}],"isModifier":false,"isSummary":false,"mapping":[{"identity":"rim","map":"n/a"}]},{"id":"Forecast.extension","path":"Forecast.extension","slicing":{"discriminator":[{"type":"value","path":"url"}],"description":"Extensions are always sliced by (at least) url","rules":"open"},"short":"Additional content defined by implementations","definition":"May be used to represent additional information that is not part of the basic definition of the element. To make the use of extensions safe and manageable, there is a strict set of governance  applied to the definition and use of extensions. Though any implementer can define an extension, there is a set of requirements that SHALL be met as part of the definition of the extension.","comment":"There can be no stigma associated with the use of extensions by any application, project, or standard - regardless of the institution or jurisdiction that uses or defines the extensions.  The use of extensions is what allows the FHIR specification to retain a core level of simplicity for everyone.","alias":["extensions","user content"],"min":0,"max":"*","base":{"path":"Element.extension","min":0,"max":"*"},"type":[{"code":"Extension"}],"constraint":[{"key":"ele-1","severity":"error","human":"All FHIR elements must have a @value or children","expression":"hasValue() or (children().count() > id.count())","xpath":"@value|f:*|h:div","source":"http://hl7.org/fhir/StructureDefinition/Element"},{"key":"ext-1","severity":"error","human":"Must have either extensions or value[x], not both","expression":"extension.exists() != value.exists()","xpath":"exists(f:extension)!=exists(f:*[starts-with(local-name(.), \"value\")])","source":"http://hl7.org/fhir/StructureDefinition/Extension"}],"isModifier":false,"isSummary":false,"mapping":[{"identity":"rim","map":"n/a"}]},{"id":"Forecast.creationDate","path":"Forecast.creationDate","short":"Immunization Forecast Status Generated Date","definition":"The date the subject's Immunization Forecast Status was generated\nThe date the subject's Immunization Forecast Status was generated may not be the same as the Immunization Forecast Date.","min":0,"max":"1","base":{"path":"Forecast.creationDate","min":0,"max":"1"},"type":[{"code":"dateTime"}],"mapping":[{"identity":"fhir","map":"ImmunizationRecommendation.date","comment":"note"}]},{"id":"Forecast.status","path":"Forecast.status","short":"Immunization Forecast Status","definition":"Represents the subject's requirement type for a particular Medicinal Immunizing Product.\nProvides the status of a subject towards immunity against a Vaccine Preventable Disease.  Values may include due, overdue, no longer recommended etc.)  A subject's immunization forecast status changes over time and is dependent on the interval of time between immunizations, the subject's age and other risk factors (e.g. pregnancy).  ","min":0,"max":"1","base":{"path":"Forecast.status","min":0,"max":"1"},"type":[{"code":"CodeableConcept"}],"mapping":[{"identity":"fhir","map":"ImmunizationRecommendation.recommendation.forecastStatus"}]},{"id":"Forecast.description","path":"Forecast.description","short":"Immunization Forecast Description","definition":"Represents the description of the protocol as determined by the Organization Responsible for Immunization Administration that pertains to the subject.\nThis information assists the clinician and subject in understanding the Immunization Forecast Status.  (e.g., Recommend 3 doses of the HPV vaccine starting at age 15 years)","min":0,"max":"1","base":{"path":"Forecast.description","min":0,"max":"1"},"type":[{"code":"string"}],"mapping":[{"identity":"fhir","map":"ImmunizationRecommendation.description"}]},{"id":"Forecast.supportingInformation","path":"Forecast.supportingInformation","short":"Immunization Forecast Supporting Information","definition":"Represents subject information that supports requirements related to a forecasted immunization event.\nThis includes elaboration of the Immunization Forecast Status, Immunization Forecast Description, observations, adverse reactions etc..","min":0,"max":"1","base":{"path":"Forecast.supportingInformation","min":0,"max":"1"},"type":[{"code":"string"}],"mapping":[{"identity":"fhir","map":"ImmunizationRecommendation.supportingPatientInformation"},{"identity":"fhir","map":"ImmunizationRecommendation.supportingImmunization"}]},{"id":"Forecast.date","path":"Forecast.date","short":"Immunization Forecast Date","definition":"Represents the description of the protocol as determined by the Organization Responsible for Immunization Administration that pertains to the subject.","min":0,"max":"*","base":{"path":"Forecast.date","min":0,"max":"*"},"type":[{"code":"BackboneElement"}],"mapping":[{"identity":"fhir","map":"ImmunizationRecommendation.recommendation.dateCriterion"}]},{"id":"Forecast.date.type","path":"Forecast.date.type","short":"Immunization Forecast Date Type","definition":"Type of date classification pertinent to the administration of the forecasted immunization event.  \nThis data element must align and be used with Immunization Forecast Date data element.  Examples of values to support this data element include: the earliest due date, latest due date (the recommended date) for administration of the vaccine.","min":0,"max":"1","base":{"path":"Forecast.date.type","min":0,"max":"1"},"type":[{"code":"CodeableConcept"}],"mapping":[{"identity":"fhir","map":"ImmunizationRecommendation.recommendation.dateCriterion.code"}]},{"id":"Forecast.date.value","path":"Forecast.date.value","short":"Immunization Forecast Date","definition":"The date provided in the subject's immunization forecast whose meaning relates to the Immunization Forecast Date Type.\nThis data element must align and be used with the Immunization Forecast Date Type data element.","min":0,"max":"1","base":{"path":"Forecast.date.value","min":0,"max":"1"},"type":[{"code":"dateTime"}],"mapping":[{"identity":"fhir","map":"ImmunizationRecommendation.recommendation.dateCriterion.value"}]}]},"differential":{"element":[{"id":"Forecast","path":"Forecast","short":"Subject's immunization forecast","definition":"Subject's immunization forecast","min":1,"max":"1"},{"id":"Forecast.creationDate","path":"Forecast.creationDate","short":"Immunization Forecast Status Generated Date","definition":"The date the subject's Immunization Forecast Status was generated\nThe date the subject's Immunization Forecast Status was generated may not be the same as the Immunization Forecast Date.","min":0,"max":"1","type":[{"code":"dateTime"}],"mapping":[{"identity":"fhir","map":"ImmunizationRecommendation.date","comment":"note"}]},{"id":"Forecast.status","path":"Forecast.status","short":"Immunization Forecast Status","definition":"Represents the subject's requirement type for a particular Medicinal Immunizing Product.\nProvides the status of a subject towards immunity against a Vaccine Preventable Disease.  Values may include due, overdue, no longer recommended etc.)  A subject's immunization forecast status changes over time and is dependent on the interval of time between immunizations, the subject's age and other risk factors (e.g. pregnancy).  ","min":0,"max":"1","type":[{"code":"CodeableConcept"}],"mapping":[{"identity":"fhir","map":"ImmunizationRecommendation.recommendation.forecastStatus"}]},{"id":"Forecast.description","path":"Forecast.description","short":"Immunization Forecast Description","definition":"Represents the description of the protocol as determined by the Organization Responsible for Immunization Administration that pertains to the subject.\nThis information assists the clinician and subject in understanding the Immunization Forecast Status.  (e.g., Recommend 3 doses of the HPV vaccine starting at age 15 years)","min":0,"max":"1","type":[{"code":"string"}],"mapping":[{"identity":"fhir","map":"ImmunizationRecommendation.description"}]},{"id":"Forecast.supportingInformation","path":"Forecast.supportingInformation","short":"Immunization Forecast Supporting Information","definition":"Represents subject information that supports requirements related to a forecasted immunization event.\nThis includes elaboration of the Immunization Forecast Status, Immunization Forecast Description, observations, adverse reactions etc..","min":0,"max":"1","type":[{"code":"string"}],"mapping":[{"identity":"fhir","map":"ImmunizationRecommendation.supportingPatientInformation"},{"identity":"fhir","map":"ImmunizationRecommendation.supportingImmunization"}]},{"id":"Forecast.date","path":"Forecast.date","short":"Immunization Forecast Date","definition":"Represents the description of the protocol as determined by the Organization Responsible for Immunization Administration that pertains to the subject.","min":0,"max":"*","type":[{"code":"BackboneElement"}],"mapping":[{"identity":"fhir","map":"ImmunizationRecommendation.recommendation.dateCriterion"}]},{"id":"Forecast.date.type","path":"Forecast.date.type","short":"Immunization Forecast Date Type","definition":"Type of date classification pertinent to the administration of the forecasted immunization event.  \nThis data element must align and be used with Immunization Forecast Date data element.  Examples of values to support this data element include: the earliest due date, latest due date (the recommended date) for administration of the vaccine.","min":0,"max":"1","type":[{"code":"CodeableConcept"}],"mapping":[{"identity":"fhir","map":"ImmunizationRecommendation.recommendation.dateCriterion.code"}]},{"id":"Forecast.date.value","path":"Forecast.date.value","short":"Immunization Forecast Date","definition":"The date provided in the subject's immunization forecast whose meaning relates to the Immunization Forecast Date Type.\nThis data element must align and be used with the Immunization Forecast Date Type data element.","min":0,"max":"1","type":[{"code":"dateTime"}],"mapping":[{"identity":"fhir","map":"ImmunizationRecommendation.recommendation.dateCriterion.value"}]}]}}