{"resourceType":"StructureDefinition","id":"Product","text":{"status":"extensions","div":"<div xmlns=\"http://www.w3.org/1999/xhtml\"><table border=\"0\" cellpadding=\"0\" cellspacing=\"0\" style=\"border: 0px #F0F0F0 solid; font-size: 11px; font-family: verdana; vertical-align: top;\"><tr style=\"border: 1px #F0F0F0 solid; font-size: 11px; font-family: verdana; vertical-align: top\"><th style=\"vertical-align: top; text-align : left; background-color: white; border: 0px #F0F0F0 solid; padding:0px 4px 0px 4px\" class=\"hierarchy\"><a href=\"http://hl7.org/fhir/R4/formats.html#table\" title=\"The logical name of the element\">Name</a></th><th style=\"vertical-align: top; text-align : left; background-color: white; border: 0px #F0F0F0 solid; padding:0px 4px 0px 4px\" class=\"hierarchy\"><a href=\"http://hl7.org/fhir/R4/formats.html#table\" title=\"Information about the use of the element\">Flags</a></th><th style=\"vertical-align: top; text-align : left; background-color: white; border: 0px #F0F0F0 solid; padding:0px 4px 0px 4px\" class=\"hierarchy\"><a href=\"http://hl7.org/fhir/R4/formats.html#table\" title=\"Minimum and Maximum # of times the the element can appear in the instance\">Card.</a></th><th style=\"width: 100px\" class=\"hierarchy\"><a href=\"http://hl7.org/fhir/R4/formats.html#table\" title=\"Reference to the type of the element\">Type</a></th><th style=\"vertical-align: top; text-align : left; background-color: white; border: 0px #F0F0F0 solid; padding:0px 4px 0px 4px\" class=\"hierarchy\"><a href=\"http://hl7.org/fhir/R4/formats.html#table\" title=\"Additional information about the element\">Description &amp; Constraints</a><span style=\"float: right\"><a href=\"http://hl7.org/fhir/R4/formats.html#table\" title=\"Legend for this format\"><img src=\"http://hl7.org/fhir/R4/help16.png\" alt=\"doco\" style=\"background-color: inherit\"/></a></span></th></tr><tr style=\"border: 0px #F0F0F0 solid; padding:0px; vertical-align: top; background-color: white\"><td style=\"vertical-align: top; text-align : left; background-color: white; border: 0px #F0F0F0 solid; padding:0px 4px 0px 4px; white-space: nowrap; background-image: url(tbl_bck1.png)\" class=\"hierarchy\"><img src=\"tbl_spacer.png\" alt=\".\" style=\"background-color: inherit\" class=\"hierarchy\"/><img src=\"icon_element.gif\" alt=\".\" style=\"background-color: white; background-color: inherit\" title=\"Element\" class=\"hierarchy\"/> <a href=\"StructureDefinition-Product-definitions.html#Product\" title=\"A product  that have or should have been administered to a subject that includes one or more specific antigen(s) aimed at developing an immune response in an individual to provide protection from a vaccine preventable disease(s).\">Product</a><a name=\"Product\"> </a></td><td style=\"vertical-align: top; text-align : left; background-color: white; border: 0px #F0F0F0 solid; padding:0px 4px 0px 4px\" class=\"hierarchy\"/><td style=\"vertical-align: top; text-align : left; background-color: white; border: 0px #F0F0F0 solid; padding:0px 4px 0px 4px\" class=\"hierarchy\">1..1</td><td style=\"vertical-align: top; text-align : left; background-color: white; border: 0px #F0F0F0 solid; padding:0px 4px 0px 4px\" class=\"hierarchy\"><a href=\"http://hl7.org/fhir/R4/datatypes.html#Element\">Element</a></td><td style=\"vertical-align: top; text-align : left; background-color: white; border: 0px #F0F0F0 solid; padding:0px 4px 0px 4px\" class=\"hierarchy\">Product</td></tr>\r\n<tr style=\"border: 0px #F0F0F0 solid; padding:0px; vertical-align: top; background-color: #F7F7F7\"><td style=\"vertical-align: top; text-align : left; background-color: #F7F7F7; border: 0px #F0F0F0 solid; padding:0px 4px 0px 4px; white-space: nowrap; background-image: url(tbl_bck11.png)\" class=\"hierarchy\"><img src=\"tbl_spacer.png\" alt=\".\" style=\"background-color: inherit\" class=\"hierarchy\"/><img src=\"tbl_vjoin.png\" alt=\".\" style=\"background-color: inherit\" class=\"hierarchy\"/><img src=\"icon_datatype.gif\" alt=\".\" style=\"background-color: #F7F7F7; background-color: inherit\" title=\"Data Type\" class=\"hierarchy\"/> <a href=\"StructureDefinition-Product-definitions.html#Product.codeSet\" title=\"Set of codes that are used to identify this product.\">codeSet</a><a name=\"Product.codeSet\"> </a></td><td style=\"vertical-align: top; text-align : left; background-color: #F7F7F7; border: 0px #F0F0F0 solid; padding:0px 4px 0px 4px\" class=\"hierarchy\"/><td style=\"vertical-align: top; text-align : left; background-color: #F7F7F7; border: 0px #F0F0F0 solid; padding:0px 4px 0px 4px\" class=\"hierarchy\">0..1</td><td style=\"vertical-align: top; text-align : left; background-color: #F7F7F7; border: 0px #F0F0F0 solid; padding:0px 4px 0px 4px\" class=\"hierarchy\"><a href=\"http://hl7.org/fhir/R4/datatypes.html#BackboneElement\">BackboneElement</a></td><td style=\"vertical-align: top; text-align : left; background-color: #F7F7F7; border: 0px #F0F0F0 solid; padding:0px 4px 0px 4px\" class=\"hierarchy\">Set of product codes</td></tr>\r\n<tr style=\"border: 0px #F0F0F0 solid; padding:0px; vertical-align: top; background-color: white\"><td style=\"vertical-align: top; text-align : left; background-color: white; border: 0px #F0F0F0 solid; padding:0px 4px 0px 4px; white-space: nowrap; background-image: url(tbl_bck110.png)\" class=\"hierarchy\"><img src=\"tbl_spacer.png\" alt=\".\" style=\"background-color: inherit\" class=\"hierarchy\"/><img src=\"tbl_vline.png\" alt=\".\" style=\"background-color: inherit\" class=\"hierarchy\"/><img src=\"tbl_vjoin.png\" alt=\".\" style=\"background-color: inherit\" class=\"hierarchy\"/><img src=\"icon_datatype.gif\" alt=\".\" style=\"background-color: white; background-color: inherit\" title=\"Data Type\" class=\"hierarchy\"/> <a href=\"StructureDefinition-Product-definitions.html#Product.codeSet.productCode\" title=\"Code identifying this product.\nThe code may represent different kinds of products: it might be an Authorized Packaged Medicinal Product, a Virtual Medicinal Product , a Pharmaceutical Product (PhP) , a cluster of products and so on.\nIt might be a jurisdictional (e.g. sub-national, national), cross-jurisdictional (e.g. regional) or a global product code.\">productCode</a><a name=\"Product.codeSet.productCode\"> </a></td><td style=\"vertical-align: top; text-align : left; background-color: white; border: 0px #F0F0F0 solid; padding:0px 4px 0px 4px\" class=\"hierarchy\"/><td style=\"vertical-align: top; text-align : left; background-color: white; border: 0px #F0F0F0 solid; padding:0px 4px 0px 4px\" class=\"hierarchy\">0..*</td><td style=\"vertical-align: top; text-align : left; background-color: white; border: 0px #F0F0F0 solid; padding:0px 4px 0px 4px\" class=\"hierarchy\"><a href=\"http://hl7.org/fhir/R4/datatypes.html#CodeableConcept\">CodeableConcept</a></td><td style=\"vertical-align: top; text-align : left; background-color: white; border: 0px #F0F0F0 solid; padding:0px 4px 0px 4px\" class=\"hierarchy\">Product code<br/></td></tr>\r\n<tr style=\"border: 0px #F0F0F0 solid; padding:0px; vertical-align: top; background-color: #F7F7F7\"><td style=\"vertical-align: top; text-align : left; background-color: #F7F7F7; border: 0px #F0F0F0 solid; padding:0px 4px 0px 4px; white-space: nowrap; background-image: url(tbl_bck110.png)\" class=\"hierarchy\"><img src=\"tbl_spacer.png\" alt=\".\" style=\"background-color: inherit\" class=\"hierarchy\"/><img src=\"tbl_vline.png\" alt=\".\" style=\"background-color: inherit\" class=\"hierarchy\"/><img src=\"tbl_vjoin.png\" alt=\".\" style=\"background-color: inherit\" class=\"hierarchy\"/><img src=\"icon_datatype.gif\" alt=\".\" style=\"background-color: #F7F7F7; background-color: inherit\" title=\"Data Type\" class=\"hierarchy\"/> <a href=\"StructureDefinition-Product-definitions.html#Product.codeSet.PCID\" title=\"Code identifying the IDMP Packaged Medicinal Product.\nA Packaged Medicinal Product is a 'Medicinal Product in a container being part of a package, representing the entirety that has been packaged for sale or supply' [source ISO 11615:2017]\">PCID</a><a name=\"Product.codeSet.PCID\"> </a></td><td style=\"vertical-align: top; text-align : left; background-color: #F7F7F7; border: 0px #F0F0F0 solid; padding:0px 4px 0px 4px\" class=\"hierarchy\"/><td style=\"vertical-align: top; text-align : left; background-color: #F7F7F7; border: 0px #F0F0F0 solid; padding:0px 4px 0px 4px\" class=\"hierarchy\">0..1</td><td style=\"vertical-align: top; text-align : left; background-color: #F7F7F7; border: 0px #F0F0F0 solid; padding:0px 4px 0px 4px\" class=\"hierarchy\"><a href=\"http://hl7.org/fhir/R4/datatypes.html#CodeableConcept\">CodeableConcept</a></td><td style=\"vertical-align: top; text-align : left; background-color: #F7F7F7; border: 0px #F0F0F0 solid; padding:0px 4px 0px 4px\" class=\"hierarchy\">IDMP PCID</td></tr>\r\n<tr style=\"border: 0px #F0F0F0 solid; padding:0px; vertical-align: top; background-color: white\"><td style=\"vertical-align: top; text-align : left; background-color: white; border: 0px #F0F0F0 solid; padding:0px 4px 0px 4px; white-space: nowrap; background-image: url(tbl_bck110.png)\" class=\"hierarchy\"><img src=\"tbl_spacer.png\" alt=\".\" style=\"background-color: inherit\" class=\"hierarchy\"/><img src=\"tbl_vline.png\" alt=\".\" style=\"background-color: inherit\" class=\"hierarchy\"/><img src=\"tbl_vjoin.png\" alt=\".\" style=\"background-color: inherit\" class=\"hierarchy\"/><img src=\"icon_datatype.gif\" alt=\".\" style=\"background-color: white; background-color: inherit\" title=\"Data Type\" class=\"hierarchy\"/> <a href=\"StructureDefinition-Product-definitions.html#Product.codeSet.MPID\" title=\"Code identifying the IDMP Medicinal Product.\nA Medicinal Product is a 'pharmaceutical product or combination of pharmaceutical products that may be administered to human beings (or animals) for treating or preventing disease, with the aim/purpose of making a medical diagnosis or to restore, correct or modify physiological functions'  [source ISO 11615:2017]\">MPID</a><a name=\"Product.codeSet.MPID\"> </a></td><td style=\"vertical-align: top; text-align : left; background-color: white; border: 0px #F0F0F0 solid; padding:0px 4px 0px 4px\" class=\"hierarchy\"/><td style=\"vertical-align: top; text-align : left; background-color: white; border: 0px #F0F0F0 solid; padding:0px 4px 0px 4px\" class=\"hierarchy\">0..1</td><td style=\"vertical-align: top; text-align : left; background-color: white; border: 0px #F0F0F0 solid; padding:0px 4px 0px 4px\" class=\"hierarchy\"><a href=\"http://hl7.org/fhir/R4/datatypes.html#CodeableConcept\">CodeableConcept</a></td><td style=\"vertical-align: top; text-align : left; background-color: white; border: 0px #F0F0F0 solid; padding:0px 4px 0px 4px\" class=\"hierarchy\">IDMP MPID</td></tr>\r\n<tr style=\"border: 0px #F0F0F0 solid; padding:0px; vertical-align: top; background-color: #F7F7F7\"><td style=\"vertical-align: top; text-align : left; background-color: #F7F7F7; border: 0px #F0F0F0 solid; padding:0px 4px 0px 4px; white-space: nowrap; background-image: url(tbl_bck100.png)\" class=\"hierarchy\"><img src=\"tbl_spacer.png\" alt=\".\" style=\"background-color: inherit\" class=\"hierarchy\"/><img src=\"tbl_vline.png\" alt=\".\" style=\"background-color: inherit\" class=\"hierarchy\"/><img src=\"tbl_vjoin_end.png\" alt=\".\" style=\"background-color: inherit\" class=\"hierarchy\"/><img src=\"icon_datatype.gif\" alt=\".\" style=\"background-color: #F7F7F7; background-color: inherit\" title=\"Data Type\" class=\"hierarchy\"/> <a href=\"StructureDefinition-Product-definitions.html#Product.codeSet.PhPID\" title=\"Code identifying the IDMP Pharmaceutical Product.\nA Pharmaceutical Product is a 'qualitative and quantitative composition of a Medicinal Product in the dose form approved for administration' [source ISO 11616:2017]\">PhPID</a><a name=\"Product.codeSet.PhPID\"> </a></td><td style=\"vertical-align: top; text-align : left; background-color: #F7F7F7; border: 0px #F0F0F0 solid; padding:0px 4px 0px 4px\" class=\"hierarchy\"/><td style=\"vertical-align: top; text-align : left; background-color: #F7F7F7; border: 0px #F0F0F0 solid; padding:0px 4px 0px 4px\" class=\"hierarchy\">0..*</td><td style=\"vertical-align: top; text-align : left; background-color: #F7F7F7; border: 0px #F0F0F0 solid; padding:0px 4px 0px 4px\" class=\"hierarchy\"><a href=\"http://hl7.org/fhir/R4/datatypes.html#CodeableConcept\">CodeableConcept</a></td><td style=\"vertical-align: top; text-align : left; background-color: #F7F7F7; border: 0px #F0F0F0 solid; padding:0px 4px 0px 4px\" class=\"hierarchy\">IDMP PhP<br/></td></tr>\r\n<tr style=\"border: 0px #F0F0F0 solid; padding:0px; vertical-align: top; background-color: white\"><td style=\"vertical-align: top; text-align : left; background-color: white; border: 0px #F0F0F0 solid; padding:0px 4px 0px 4px; white-space: nowrap; background-image: url(tbl_bck11.png)\" class=\"hierarchy\"><img src=\"tbl_spacer.png\" alt=\".\" style=\"background-color: inherit\" class=\"hierarchy\"/><img src=\"tbl_vjoin.png\" alt=\".\" style=\"background-color: inherit\" class=\"hierarchy\"/><img src=\"icon_datatype.gif\" alt=\".\" style=\"background-color: white; background-color: inherit\" title=\"Data Type\" class=\"hierarchy\"/> <a href=\"StructureDefinition-Product-definitions.html#Product.packageIdentifiers\" title=\"Identifiers typically related to the supply chain management, but often used also for other purposes as the fight against falsified and counterfeit medicines; adverse event reporting, and so on.\">packageIdentifiers</a><a name=\"Product.packageIdentifiers\"> </a></td><td style=\"vertical-align: top; text-align : left; background-color: white; border: 0px #F0F0F0 solid; padding:0px 4px 0px 4px\" class=\"hierarchy\"/><td style=\"vertical-align: top; text-align : left; background-color: white; border: 0px #F0F0F0 solid; padding:0px 4px 0px 4px\" class=\"hierarchy\">0..1</td><td style=\"vertical-align: top; text-align : left; background-color: white; border: 0px #F0F0F0 solid; padding:0px 4px 0px 4px\" class=\"hierarchy\"><a href=\"http://hl7.org/fhir/R4/datatypes.html#BackboneElement\">BackboneElement</a></td><td style=\"vertical-align: top; text-align : left; background-color: white; border: 0px #F0F0F0 solid; padding:0px 4px 0px 4px\" class=\"hierarchy\">Set of identifiers</td></tr>\r\n<tr style=\"border: 0px #F0F0F0 solid; padding:0px; vertical-align: top; background-color: #F7F7F7\"><td style=\"vertical-align: top; text-align : left; background-color: #F7F7F7; border: 0px #F0F0F0 solid; padding:0px 4px 0px 4px; white-space: nowrap; background-image: url(tbl_bck110.png)\" class=\"hierarchy\"><img src=\"tbl_spacer.png\" alt=\".\" style=\"background-color: inherit\" class=\"hierarchy\"/><img src=\"tbl_vline.png\" alt=\".\" style=\"background-color: inherit\" class=\"hierarchy\"/><img src=\"tbl_vjoin.png\" alt=\".\" style=\"background-color: inherit\" class=\"hierarchy\"/><img src=\"icon_datatype.gif\" alt=\".\" style=\"background-color: #F7F7F7; background-color: inherit\" title=\"Data Type\" class=\"hierarchy\"/> <a href=\"StructureDefinition-Product-definitions.html#Product.packageIdentifiers.dataCarrierIdentifier\" title=\"Set of identifiers associated to this instance of the product.\nIt could be a global (e.g. GTIN) or a national identifier. \nThe identifiers may refer to different package levels such as primary packaging or secondary packaging.\nThe identifier of the lowest packaging should be captured.\">dataCarrierIdentifier</a><a name=\"Product.packageIdentifiers.dataCarrierIdentifier\"> </a></td><td style=\"vertical-align: top; text-align : left; background-color: #F7F7F7; border: 0px #F0F0F0 solid; padding:0px 4px 0px 4px\" class=\"hierarchy\"/><td style=\"vertical-align: top; text-align : left; background-color: #F7F7F7; border: 0px #F0F0F0 solid; padding:0px 4px 0px 4px\" class=\"hierarchy\">0..*</td><td style=\"vertical-align: top; text-align : left; background-color: #F7F7F7; border: 0px #F0F0F0 solid; padding:0px 4px 0px 4px\" class=\"hierarchy\"><a href=\"http://hl7.org/fhir/R4/datatypes.html#Identifier\">Identifier</a></td><td style=\"vertical-align: top; text-align : left; background-color: #F7F7F7; border: 0px #F0F0F0 solid; padding:0px 4px 0px 4px\" class=\"hierarchy\">Data Carrier Identifier (e.g. GTIN)<br/></td></tr>\r\n<tr style=\"border: 0px #F0F0F0 solid; padding:0px; vertical-align: top; background-color: white\"><td style=\"vertical-align: top; text-align : left; background-color: white; border: 0px #F0F0F0 solid; padding:0px 4px 0px 4px; white-space: nowrap; background-image: url(tbl_bck100.png)\" class=\"hierarchy\"><img src=\"tbl_spacer.png\" alt=\".\" style=\"background-color: inherit\" class=\"hierarchy\"/><img src=\"tbl_vline.png\" alt=\".\" style=\"background-color: inherit\" class=\"hierarchy\"/><img src=\"tbl_vjoin_end.png\" alt=\".\" style=\"background-color: inherit\" class=\"hierarchy\"/><img src=\"icon_primitive.png\" alt=\".\" style=\"background-color: white; background-color: inherit\" title=\"Primitive Data Type\" class=\"hierarchy\"/> <a href=\"StructureDefinition-Product-definitions.html#Product.packageIdentifiers.lotNumber\" title=\"The lot number of the Administrable Immunizing Agent, as assigned by the manufacturer.\">lotNumber</a><a name=\"Product.packageIdentifiers.lotNumber\"> </a></td><td style=\"vertical-align: top; text-align : left; background-color: white; border: 0px #F0F0F0 solid; padding:0px 4px 0px 4px\" class=\"hierarchy\"/><td style=\"vertical-align: top; text-align : left; background-color: white; border: 0px #F0F0F0 solid; padding:0px 4px 0px 4px\" class=\"hierarchy\">0..1</td><td style=\"vertical-align: top; text-align : left; background-color: white; border: 0px #F0F0F0 solid; padding:0px 4px 0px 4px\" class=\"hierarchy\"><a href=\"http://hl7.org/fhir/R4/datatypes.html#string\">string</a></td><td style=\"vertical-align: top; text-align : left; background-color: white; border: 0px #F0F0F0 solid; padding:0px 4px 0px 4px\" class=\"hierarchy\">Lot/Batch Number</td></tr>\r\n<tr style=\"border: 0px #F0F0F0 solid; padding:0px; vertical-align: top; background-color: #F7F7F7\"><td style=\"vertical-align: top; text-align : left; background-color: #F7F7F7; border: 0px #F0F0F0 solid; padding:0px 4px 0px 4px; white-space: nowrap; background-image: url(tbl_bck10.png)\" class=\"hierarchy\"><img src=\"tbl_spacer.png\" alt=\".\" style=\"background-color: inherit\" class=\"hierarchy\"/><img src=\"tbl_vjoin.png\" alt=\".\" style=\"background-color: inherit\" class=\"hierarchy\"/><img src=\"icon_primitive.png\" alt=\".\" style=\"background-color: #F7F7F7; background-color: inherit\" title=\"Primitive Data Type\" class=\"hierarchy\"/> <a href=\"StructureDefinition-Product-definitions.html#Product.name\" title=\"Product Name\">name</a><a name=\"Product.name\"> </a></td><td style=\"vertical-align: top; text-align : left; background-color: #F7F7F7; border: 0px #F0F0F0 solid; padding:0px 4px 0px 4px\" class=\"hierarchy\"/><td style=\"vertical-align: top; text-align : left; background-color: #F7F7F7; border: 0px #F0F0F0 solid; padding:0px 4px 0px 4px\" class=\"hierarchy\">0..*</td><td style=\"vertical-align: top; text-align : left; background-color: #F7F7F7; border: 0px #F0F0F0 solid; padding:0px 4px 0px 4px\" class=\"hierarchy\"><a href=\"http://hl7.org/fhir/R4/datatypes.html#string\">string</a></td><td style=\"vertical-align: top; text-align : left; background-color: #F7F7F7; border: 0px #F0F0F0 solid; padding:0px 4px 0px 4px\" class=\"hierarchy\">Product Name<br/></td></tr>\r\n<tr style=\"border: 0px #F0F0F0 solid; padding:0px; vertical-align: top; background-color: white\"><td style=\"vertical-align: top; text-align : left; background-color: white; border: 0px #F0F0F0 solid; padding:0px 4px 0px 4px; white-space: nowrap; background-image: url(tbl_bck11.png)\" class=\"hierarchy\"><img src=\"tbl_spacer.png\" alt=\".\" style=\"background-color: inherit\" class=\"hierarchy\"/><img src=\"tbl_vjoin.png\" alt=\".\" style=\"background-color: inherit\" class=\"hierarchy\"/><img src=\"icon_datatype.gif\" alt=\".\" style=\"background-color: white; background-color: inherit\" title=\"Data Type\" class=\"hierarchy\"/> <a href=\"StructureDefinition-Product-definitions.html#Product.composition\" title=\"Composition of this product\">composition</a><a name=\"Product.composition\"> </a></td><td style=\"vertical-align: top; text-align : left; background-color: white; border: 0px #F0F0F0 solid; padding:0px 4px 0px 4px\" class=\"hierarchy\"/><td style=\"vertical-align: top; text-align : left; background-color: white; border: 0px #F0F0F0 solid; padding:0px 4px 0px 4px\" class=\"hierarchy\">0..1</td><td style=\"vertical-align: top; text-align : left; background-color: white; border: 0px #F0F0F0 solid; padding:0px 4px 0px 4px\" class=\"hierarchy\"><a href=\"http://hl7.org/fhir/R4/datatypes.html#BackboneElement\">BackboneElement</a></td><td style=\"vertical-align: top; text-align : left; background-color: white; border: 0px #F0F0F0 solid; padding:0px 4px 0px 4px\" class=\"hierarchy\">Composition</td></tr>\r\n<tr style=\"border: 0px #F0F0F0 solid; padding:0px; vertical-align: top; background-color: #F7F7F7\"><td style=\"vertical-align: top; text-align : left; background-color: #F7F7F7; border: 0px #F0F0F0 solid; padding:0px 4px 0px 4px; white-space: nowrap; background-image: url(tbl_bck111.png)\" class=\"hierarchy\"><img src=\"tbl_spacer.png\" alt=\".\" style=\"background-color: inherit\" class=\"hierarchy\"/><img src=\"tbl_vline.png\" alt=\".\" style=\"background-color: inherit\" class=\"hierarchy\"/><img src=\"tbl_vjoin.png\" alt=\".\" style=\"background-color: inherit\" class=\"hierarchy\"/><img src=\"icon_datatype.gif\" alt=\".\" style=\"background-color: #F7F7F7; background-color: inherit\" title=\"Data Type\" class=\"hierarchy\"/> <a href=\"StructureDefinition-Product-definitions.html#Product.composition.ingredient\" title=\"Information about the ingredients composing this product\">ingredient</a><a name=\"Product.composition.ingredient\"> </a></td><td style=\"vertical-align: top; text-align : left; background-color: #F7F7F7; border: 0px #F0F0F0 solid; padding:0px 4px 0px 4px\" class=\"hierarchy\"/><td style=\"vertical-align: top; text-align : left; background-color: #F7F7F7; border: 0px #F0F0F0 solid; padding:0px 4px 0px 4px\" class=\"hierarchy\">0..*</td><td style=\"vertical-align: top; text-align : left; background-color: #F7F7F7; border: 0px #F0F0F0 solid; padding:0px 4px 0px 4px\" class=\"hierarchy\"><a href=\"http://hl7.org/fhir/R4/datatypes.html#BackboneElement\">BackboneElement</a></td><td style=\"vertical-align: top; text-align : left; background-color: #F7F7F7; border: 0px #F0F0F0 solid; padding:0px 4px 0px 4px\" class=\"hierarchy\">Ingredient (e.g. antigen)<br/></td></tr>\r\n<tr style=\"border: 0px #F0F0F0 solid; padding:0px; vertical-align: top; background-color: white\"><td style=\"vertical-align: top; text-align : left; background-color: white; border: 0px #F0F0F0 solid; padding:0px 4px 0px 4px; white-space: nowrap; background-image: url(tbl_bck1110.png)\" class=\"hierarchy\"><img src=\"tbl_spacer.png\" alt=\".\" style=\"background-color: inherit\" class=\"hierarchy\"/><img src=\"tbl_vline.png\" alt=\".\" style=\"background-color: inherit\" class=\"hierarchy\"/><img src=\"tbl_vline.png\" alt=\".\" style=\"background-color: inherit\" class=\"hierarchy\"/><img src=\"tbl_vjoin.png\" alt=\".\" style=\"background-color: inherit\" class=\"hierarchy\"/><img src=\"icon_primitive.png\" alt=\".\" style=\"background-color: white; background-color: inherit\" title=\"Primitive Data Type\" class=\"hierarchy\"/> <a href=\"StructureDefinition-Product-definitions.html#Product.composition.ingredient.substanceName\" title=\"Name of the substance / specified substance\">substanceName</a><a name=\"Product.composition.ingredient.substanceName\"> </a></td><td style=\"vertical-align: top; text-align : left; background-color: white; border: 0px #F0F0F0 solid; padding:0px 4px 0px 4px\" class=\"hierarchy\"/><td style=\"vertical-align: top; text-align : left; background-color: white; border: 0px #F0F0F0 solid; padding:0px 4px 0px 4px\" class=\"hierarchy\">0..1</td><td style=\"vertical-align: top; text-align : left; background-color: white; border: 0px #F0F0F0 solid; padding:0px 4px 0px 4px\" class=\"hierarchy\"><a href=\"http://hl7.org/fhir/R4/datatypes.html#string\">string</a></td><td style=\"vertical-align: top; text-align : left; background-color: white; border: 0px #F0F0F0 solid; padding:0px 4px 0px 4px\" class=\"hierarchy\">Substance name</td></tr>\r\n<tr style=\"border: 0px #F0F0F0 solid; padding:0px; vertical-align: top; background-color: #F7F7F7\"><td style=\"vertical-align: top; text-align : left; background-color: #F7F7F7; border: 0px #F0F0F0 solid; padding:0px 4px 0px 4px; white-space: nowrap; background-image: url(tbl_bck1110.png)\" class=\"hierarchy\"><img src=\"tbl_spacer.png\" alt=\".\" style=\"background-color: inherit\" class=\"hierarchy\"/><img src=\"tbl_vline.png\" alt=\".\" style=\"background-color: inherit\" class=\"hierarchy\"/><img src=\"tbl_vline.png\" alt=\".\" style=\"background-color: inherit\" class=\"hierarchy\"/><img src=\"tbl_vjoin.png\" alt=\".\" style=\"background-color: inherit\" class=\"hierarchy\"/><img src=\"icon_datatype.gif\" alt=\".\" style=\"background-color: #F7F7F7; background-color: inherit\" title=\"Data Type\" class=\"hierarchy\"/> <a href=\"StructureDefinition-Product-definitions.html#Product.composition.ingredient.substanceCode\" title=\"Code identifying this substance / specified substance. \nA susbtance is 'any matter of defined composition that has discrete existence, whose origin may be biological, mineral or chemical' [source ISO 11616:2017]\nWhen active it is the substance that triggers an immune response to a specific disease with a role of an antigen. \nDerivable from vaccine product.\n\">substanceCode</a><a name=\"Product.composition.ingredient.substanceCode\"> </a></td><td style=\"vertical-align: top; text-align : left; background-color: #F7F7F7; border: 0px #F0F0F0 solid; padding:0px 4px 0px 4px\" class=\"hierarchy\"/><td style=\"vertical-align: top; text-align : left; background-color: #F7F7F7; border: 0px #F0F0F0 solid; padding:0px 4px 0px 4px\" class=\"hierarchy\">0..*</td><td style=\"vertical-align: top; text-align : left; background-color: #F7F7F7; border: 0px #F0F0F0 solid; padding:0px 4px 0px 4px\" class=\"hierarchy\"><a href=\"http://hl7.org/fhir/R4/datatypes.html#CodeableConcept\">CodeableConcept</a></td><td style=\"vertical-align: top; text-align : left; background-color: #F7F7F7; border: 0px #F0F0F0 solid; padding:0px 4px 0px 4px\" class=\"hierarchy\">Substance code<br/></td></tr>\r\n<tr style=\"border: 0px #F0F0F0 solid; padding:0px; vertical-align: top; background-color: white\"><td style=\"vertical-align: top; text-align : left; background-color: white; border: 0px #F0F0F0 solid; padding:0px 4px 0px 4px; white-space: nowrap; background-image: url(tbl_bck1110.png)\" class=\"hierarchy\"><img src=\"tbl_spacer.png\" alt=\".\" style=\"background-color: inherit\" class=\"hierarchy\"/><img src=\"tbl_vline.png\" alt=\".\" style=\"background-color: inherit\" class=\"hierarchy\"/><img src=\"tbl_vline.png\" alt=\".\" style=\"background-color: inherit\" class=\"hierarchy\"/><img src=\"tbl_vjoin.png\" alt=\".\" style=\"background-color: inherit\" class=\"hierarchy\"/><img src=\"icon_datatype.gif\" alt=\".\" style=\"background-color: white; background-color: inherit\" title=\"Data Type\" class=\"hierarchy\"/> <a href=\"StructureDefinition-Product-definitions.html#Product.composition.ingredient.ingredientRole\" title=\"Role of this ingredient\">ingredientRole</a><a name=\"Product.composition.ingredient.ingredientRole\"> </a></td><td style=\"vertical-align: top; text-align : left; background-color: white; border: 0px #F0F0F0 solid; padding:0px 4px 0px 4px\" class=\"hierarchy\"/><td style=\"vertical-align: top; text-align : left; background-color: white; border: 0px #F0F0F0 solid; padding:0px 4px 0px 4px\" class=\"hierarchy\">0..1</td><td style=\"vertical-align: top; text-align : left; background-color: white; border: 0px #F0F0F0 solid; padding:0px 4px 0px 4px\" class=\"hierarchy\"><a href=\"http://hl7.org/fhir/R4/datatypes.html#CodeableConcept\">CodeableConcept</a></td><td style=\"vertical-align: top; text-align : left; background-color: white; border: 0px #F0F0F0 solid; padding:0px 4px 0px 4px\" class=\"hierarchy\">Ingredient role</td></tr>\r\n<tr style=\"border: 0px #F0F0F0 solid; padding:0px; vertical-align: top; background-color: #F7F7F7\"><td style=\"vertical-align: top; text-align : left; background-color: #F7F7F7; border: 0px #F0F0F0 solid; padding:0px 4px 0px 4px; white-space: nowrap; background-image: url(tbl_bck1100.png)\" class=\"hierarchy\"><img src=\"tbl_spacer.png\" alt=\".\" style=\"background-color: inherit\" class=\"hierarchy\"/><img src=\"tbl_vline.png\" alt=\".\" style=\"background-color: inherit\" class=\"hierarchy\"/><img src=\"tbl_vline.png\" alt=\".\" style=\"background-color: inherit\" class=\"hierarchy\"/><img src=\"tbl_vjoin_end.png\" alt=\".\" style=\"background-color: inherit\" class=\"hierarchy\"/><img src=\"icon_datatype.gif\" alt=\".\" style=\"background-color: #F7F7F7; background-color: inherit\" title=\"Data Type\" class=\"hierarchy\"/> <a href=\"StructureDefinition-Product-definitions.html#Product.composition.ingredient.substanceQuantity\" title=\"Quantity of this substance / specified substance. It can be per unit of presentation or per concentration.\">substanceQuantity</a><a name=\"Product.composition.ingredient.substanceQuantity\"> </a></td><td style=\"vertical-align: top; text-align : left; background-color: #F7F7F7; border: 0px #F0F0F0 solid; padding:0px 4px 0px 4px\" class=\"hierarchy\"/><td style=\"vertical-align: top; text-align : left; background-color: #F7F7F7; border: 0px #F0F0F0 solid; padding:0px 4px 0px 4px\" class=\"hierarchy\">0..1</td><td style=\"vertical-align: top; text-align : left; background-color: #F7F7F7; border: 0px #F0F0F0 solid; padding:0px 4px 0px 4px\" class=\"hierarchy\"><a href=\"http://hl7.org/fhir/R4/datatypes.html#Ratio\">Ratio</a></td><td style=\"vertical-align: top; text-align : left; background-color: #F7F7F7; border: 0px #F0F0F0 solid; padding:0px 4px 0px 4px\" class=\"hierarchy\">Substance quantity</td></tr>\r\n<tr style=\"border: 0px #F0F0F0 solid; padding:0px; vertical-align: top; background-color: white\"><td style=\"vertical-align: top; text-align : left; background-color: white; border: 0px #F0F0F0 solid; padding:0px 4px 0px 4px; white-space: nowrap; background-image: url(tbl_bck100.png)\" class=\"hierarchy\"><img src=\"tbl_spacer.png\" alt=\".\" style=\"background-color: inherit\" class=\"hierarchy\"/><img src=\"tbl_vline.png\" alt=\".\" style=\"background-color: inherit\" class=\"hierarchy\"/><img src=\"tbl_vjoin_end.png\" alt=\".\" style=\"background-color: inherit\" class=\"hierarchy\"/><img src=\"icon_primitive.png\" alt=\".\" style=\"background-color: white; background-color: inherit\" title=\"Primitive Data Type\" class=\"hierarchy\"/> <a href=\"StructureDefinition-Product-definitions.html#Product.composition.description\" title=\"Textual description of the product composition\">description</a><a name=\"Product.composition.description\"> </a></td><td style=\"vertical-align: top; text-align : left; background-color: white; border: 0px #F0F0F0 solid; padding:0px 4px 0px 4px\" class=\"hierarchy\"/><td style=\"vertical-align: top; text-align : left; background-color: white; border: 0px #F0F0F0 solid; padding:0px 4px 0px 4px\" class=\"hierarchy\">0..1</td><td style=\"vertical-align: top; text-align : left; background-color: white; border: 0px #F0F0F0 solid; padding:0px 4px 0px 4px\" class=\"hierarchy\"><a href=\"http://hl7.org/fhir/R4/datatypes.html#string\">string</a></td><td style=\"vertical-align: top; text-align : left; background-color: white; border: 0px #F0F0F0 solid; padding:0px 4px 0px 4px\" class=\"hierarchy\">Composition (textual tescription)</td></tr>\r\n<tr style=\"border: 0px #F0F0F0 solid; padding:0px; vertical-align: top; background-color: #F7F7F7\"><td style=\"vertical-align: top; text-align : left; background-color: #F7F7F7; border: 0px #F0F0F0 solid; padding:0px 4px 0px 4px; white-space: nowrap; background-image: url(tbl_bck10.png)\" class=\"hierarchy\"><img src=\"tbl_spacer.png\" alt=\".\" style=\"background-color: inherit\" class=\"hierarchy\"/><img src=\"tbl_vjoin.png\" alt=\".\" style=\"background-color: inherit\" class=\"hierarchy\"/><img src=\"icon_resource.png\" alt=\".\" style=\"background-color: #F7F7F7; background-color: inherit\" title=\"Resource\" class=\"hierarchy\"/> <a href=\"StructureDefinition-Product-definitions.html#Product.marketAuthorizationHolder\" title=\"the organisation that holds the authorisation for marketing a Medicinal Product in a region\">marketAuthorizationHolder</a><a name=\"Product.marketAuthorizationHolder\"> </a></td><td style=\"vertical-align: top; text-align : left; background-color: #F7F7F7; border: 0px #F0F0F0 solid; padding:0px 4px 0px 4px\" class=\"hierarchy\"/><td style=\"vertical-align: top; text-align : left; background-color: #F7F7F7; border: 0px #F0F0F0 solid; padding:0px 4px 0px 4px\" class=\"hierarchy\">0..1</td><td style=\"vertical-align: top; text-align : left; background-color: #F7F7F7; border: 0px #F0F0F0 solid; padding:0px 4px 0px 4px\" class=\"hierarchy\"><a href=\"StructureDefinition-SimpleOrganization.html\">SimpleOrganization</a></td><td style=\"vertical-align: top; text-align : left; background-color: #F7F7F7; border: 0px #F0F0F0 solid; padding:0px 4px 0px 4px\" class=\"hierarchy\">Market Authorization Holder (MAH)</td></tr>\r\n<tr style=\"border: 0px #F0F0F0 solid; padding:0px; vertical-align: top; background-color: white\"><td style=\"vertical-align: top; text-align : left; background-color: white; border: 0px #F0F0F0 solid; padding:0px 4px 0px 4px; white-space: nowrap; background-image: url(tbl_bck10.png)\" class=\"hierarchy\"><img src=\"tbl_spacer.png\" alt=\".\" style=\"background-color: inherit\" class=\"hierarchy\"/><img src=\"tbl_vjoin.png\" alt=\".\" style=\"background-color: inherit\" class=\"hierarchy\"/><img src=\"icon_resource.png\" alt=\".\" style=\"background-color: white; background-color: inherit\" title=\"Resource\" class=\"hierarchy\"/> <a href=\"StructureDefinition-Product-definitions.html#Product.manufacturer\" title=\"Organisation that holds the authorisation for the manufacturing process\">manufacturer</a><a name=\"Product.manufacturer\"> </a></td><td style=\"vertical-align: top; text-align : left; background-color: white; border: 0px #F0F0F0 solid; padding:0px 4px 0px 4px\" class=\"hierarchy\"/><td style=\"vertical-align: top; text-align : left; background-color: white; border: 0px #F0F0F0 solid; padding:0px 4px 0px 4px\" class=\"hierarchy\">0..1</td><td style=\"vertical-align: top; text-align : left; background-color: white; border: 0px #F0F0F0 solid; padding:0px 4px 0px 4px\" class=\"hierarchy\"><a href=\"StructureDefinition-SimpleOrganization.html\">SimpleOrganization</a></td><td style=\"vertical-align: top; text-align : left; background-color: white; border: 0px #F0F0F0 solid; padding:0px 4px 0px 4px\" class=\"hierarchy\">manufacturer</td></tr>\r\n<tr style=\"border: 0px #F0F0F0 solid; padding:0px; vertical-align: top; background-color: #F7F7F7\"><td style=\"vertical-align: top; text-align : left; background-color: #F7F7F7; border: 0px #F0F0F0 solid; padding:0px 4px 0px 4px; white-space: nowrap; background-image: url(tbl_bck00.png)\" class=\"hierarchy\"><img src=\"tbl_spacer.png\" alt=\".\" style=\"background-color: inherit\" class=\"hierarchy\"/><img src=\"tbl_vjoin_end.png\" alt=\".\" style=\"background-color: inherit\" class=\"hierarchy\"/><img src=\"icon_primitive.png\" alt=\".\" style=\"background-color: #F7F7F7; background-color: inherit\" title=\"Primitive Data Type\" class=\"hierarchy\"/> <a href=\"StructureDefinition-Product-definitions.html#Product.expiryDate\" title=\"Date, assigned to the Medicinal Immunizing Product by the manufacturer, after which the product should not be administered as product integrity cannot be guaranteed.  \nThe Medicinal Immunizing Product, along with the Medicinal Immunizing Product Lot Number and Medicinal Immunizing Product Expiry Date, uniquely identifies an immunizing product. \nA key variable in vaccine recalls because each lot number may have more than one expiry date.  \nExpiry date may be changed (reduced) due to a cold chain break. \">expiryDate</a><a name=\"Product.expiryDate\"> </a></td><td style=\"vertical-align: top; text-align : left; background-color: #F7F7F7; border: 0px #F0F0F0 solid; padding:0px 4px 0px 4px\" class=\"hierarchy\"/><td style=\"vertical-align: top; text-align : left; background-color: #F7F7F7; border: 0px #F0F0F0 solid; padding:0px 4px 0px 4px\" class=\"hierarchy\">0..1</td><td style=\"vertical-align: top; text-align : left; background-color: #F7F7F7; border: 0px #F0F0F0 solid; padding:0px 4px 0px 4px\" class=\"hierarchy\"><a href=\"http://hl7.org/fhir/R4/datatypes.html#date\">date</a></td><td style=\"vertical-align: top; text-align : left; background-color: #F7F7F7; border: 0px #F0F0F0 solid; padding:0px 4px 0px 4px\" class=\"hierarchy\">Expiry Date</td></tr>\r\n<tr><td colspan=\"5\" class=\"hierarchy\"><br/><a href=\"http://hl7.org/fhir/R4/formats.html#table\" title=\"Legend for this format\"><img src=\"http://hl7.org/fhir/R4/help16.png\" alt=\"doco\" style=\"background-color: inherit\"/> Documentation for this format</a></td></tr></table></div>"},"url":"http://iso.org/fhir/ts-5384/StructureDefinition/Product","version":"0.0.1","name":"Product","title":"Product","status":"draft","experimental":true,"date":"2021-05-04T17:36:20+00:00","publisher":"ISO","contact":[{"telecom":[{"system":"url","value":"https://www.iso.int"}]}],"description":"A product  that have or should have been administered to a subject that includes one or more specific antigen(s) aimed at developing an immune response in an individual to provide protection from a vaccine preventable disease(s).","jurisdiction":[{"coding":[{"system":"http://unstats.un.org/unsd/methods/m49/m49.htm","code":"001"}]}],"fhirVersion":"4.0.1","mapping":[{"identity":"rim","uri":"http://hl7.org/v3","name":"RIM Mapping"}],"kind":"logical","abstract":false,"type":"Product","baseDefinition":"http://hl7.org/fhir/StructureDefinition/Element","derivation":"specialization","snapshot":{"element":[{"id":"Product","path":"Product","short":"Product","definition":"A product  that have or should have been administered to a subject that includes one or more specific antigen(s) aimed at developing an immune response in an individual to provide protection from a vaccine preventable disease(s).","min":1,"max":"1","base":{"path":"Element","min":0,"max":"*"},"condition":["ele-1"],"constraint":[{"key":"ele-1","severity":"error","human":"All FHIR elements must have a @value or children","expression":"hasValue() or (children().count() > id.count())","xpath":"@value|f:*|h:div","source":"http://hl7.org/fhir/StructureDefinition/Element"}],"isModifier":false,"mapping":[{"identity":"rim","map":"n/a"}]},{"id":"Product.id","path":"Product.id","representation":["xmlAttr"],"short":"Unique id for inter-element referencing","definition":"Unique id for the element within a resource (for internal references). This may be any string value that does not contain spaces.","min":0,"max":"1","base":{"path":"Element.id","min":0,"max":"1"},"type":[{"extension":[{"url":"http://hl7.org/fhir/StructureDefinition/structuredefinition-fhir-type","valueUrl":"string"}],"code":"http://hl7.org/fhirpath/System.String"}],"isModifier":false,"isSummary":false,"mapping":[{"identity":"rim","map":"n/a"}]},{"id":"Product.extension","path":"Product.extension","slicing":{"discriminator":[{"type":"value","path":"url"}],"description":"Extensions are always sliced by (at least) url","rules":"open"},"short":"Additional content defined by implementations","definition":"May be used to represent additional information that is not part of the basic definition of the element. To make the use of extensions safe and manageable, there is a strict set of governance  applied to the definition and use of extensions. Though any implementer can define an extension, there is a set of requirements that SHALL be met as part of the definition of the extension.","comment":"There can be no stigma associated with the use of extensions by any application, project, or standard - regardless of the institution or jurisdiction that uses or defines the extensions.  The use of extensions is what allows the FHIR specification to retain a core level of simplicity for everyone.","alias":["extensions","user content"],"min":0,"max":"*","base":{"path":"Element.extension","min":0,"max":"*"},"type":[{"code":"Extension"}],"constraint":[{"key":"ele-1","severity":"error","human":"All FHIR elements must have a @value or children","expression":"hasValue() or (children().count() > id.count())","xpath":"@value|f:*|h:div","source":"http://hl7.org/fhir/StructureDefinition/Element"},{"key":"ext-1","severity":"error","human":"Must have either extensions or value[x], not both","expression":"extension.exists() != value.exists()","xpath":"exists(f:extension)!=exists(f:*[starts-with(local-name(.), \"value\")])","source":"http://hl7.org/fhir/StructureDefinition/Extension"}],"isModifier":false,"isSummary":false,"mapping":[{"identity":"rim","map":"n/a"}]},{"id":"Product.codeSet","path":"Product.codeSet","short":"Set of product codes","definition":"Set of codes that are used to identify this product.","min":0,"max":"1","base":{"path":"Product.codeSet","min":0,"max":"1"},"type":[{"code":"BackboneElement"}]},{"id":"Product.codeSet.productCode","path":"Product.codeSet.productCode","short":"Product code","definition":"Code identifying this product.\nThe code may represent different kinds of products: it might be an Authorized Packaged Medicinal Product, a Virtual Medicinal Product , a Pharmaceutical Product (PhP) , a cluster of products and so on.\nIt might be a jurisdictional (e.g. sub-national, national), cross-jurisdictional (e.g. regional) or a global product code.","min":0,"max":"*","base":{"path":"Product.codeSet.productCode","min":0,"max":"*"},"type":[{"code":"CodeableConcept"}]},{"id":"Product.codeSet.PCID","path":"Product.codeSet.PCID","short":"IDMP PCID","definition":"Code identifying the IDMP Packaged Medicinal Product.\nA Packaged Medicinal Product is a 'Medicinal Product in a container being part of a package, representing the entirety that has been packaged for sale or supply' [source ISO 11615:2017]","min":0,"max":"1","base":{"path":"Product.codeSet.PCID","min":0,"max":"1"},"type":[{"code":"CodeableConcept"}]},{"id":"Product.codeSet.MPID","path":"Product.codeSet.MPID","short":"IDMP MPID","definition":"Code identifying the IDMP Medicinal Product.\nA Medicinal Product is a 'pharmaceutical product or combination of pharmaceutical products that may be administered to human beings (or animals) for treating or preventing disease, with the aim/purpose of making a medical diagnosis or to restore, correct or modify physiological functions'  [source ISO 11615:2017]","min":0,"max":"1","base":{"path":"Product.codeSet.MPID","min":0,"max":"1"},"type":[{"code":"CodeableConcept"}]},{"id":"Product.codeSet.PhPID","path":"Product.codeSet.PhPID","short":"IDMP PhP","definition":"Code identifying the IDMP Pharmaceutical Product.\nA Pharmaceutical Product is a 'qualitative and quantitative composition of a Medicinal Product in the dose form approved for administration' [source ISO 11616:2017]","min":0,"max":"*","base":{"path":"Product.codeSet.PhPID","min":0,"max":"*"},"type":[{"code":"CodeableConcept"}]},{"id":"Product.packageIdentifiers","path":"Product.packageIdentifiers","short":"Set of identifiers","definition":"Identifiers typically related to the supply chain management, but often used also for other purposes as the fight against falsified and counterfeit medicines; adverse event reporting, and so on.","min":0,"max":"1","base":{"path":"Product.packageIdentifiers","min":0,"max":"1"},"type":[{"code":"BackboneElement"}]},{"id":"Product.packageIdentifiers.dataCarrierIdentifier","path":"Product.packageIdentifiers.dataCarrierIdentifier","short":"Data Carrier Identifier (e.g. GTIN)","definition":"Set of identifiers associated to this instance of the product.\nIt could be a global (e.g. GTIN) or a national identifier. \nThe identifiers may refer to different package levels such as primary packaging or secondary packaging.\nThe identifier of the lowest packaging should be captured.","min":0,"max":"*","base":{"path":"Product.packageIdentifiers.dataCarrierIdentifier","min":0,"max":"*"},"type":[{"code":"Identifier"}]},{"id":"Product.packageIdentifiers.lotNumber","path":"Product.packageIdentifiers.lotNumber","short":"Lot/Batch Number","definition":"The lot number of the Administrable Immunizing Agent, as assigned by the manufacturer.","min":0,"max":"1","base":{"path":"Product.packageIdentifiers.lotNumber","min":0,"max":"1"},"type":[{"code":"string"}]},{"id":"Product.name","path":"Product.name","short":"Product Name","definition":"Product Name","min":0,"max":"*","base":{"path":"Product.name","min":0,"max":"*"},"type":[{"code":"string"}]},{"id":"Product.composition","path":"Product.composition","short":"Composition","definition":"Composition of this product","min":0,"max":"1","base":{"path":"Product.composition","min":0,"max":"1"},"type":[{"code":"BackboneElement"}]},{"id":"Product.composition.ingredient","path":"Product.composition.ingredient","short":"Ingredient (e.g. antigen)","definition":"Information about the ingredients composing this product","min":0,"max":"*","base":{"path":"Product.composition.ingredient","min":0,"max":"*"},"type":[{"code":"BackboneElement"}]},{"id":"Product.composition.ingredient.substanceName","path":"Product.composition.ingredient.substanceName","short":"Substance name","definition":"Name of the substance / specified substance","min":0,"max":"1","base":{"path":"Product.composition.ingredient.substanceName","min":0,"max":"1"},"type":[{"code":"string"}]},{"id":"Product.composition.ingredient.substanceCode","path":"Product.composition.ingredient.substanceCode","short":"Substance code","definition":"Code identifying this substance / specified substance. \nA susbtance is 'any matter of defined composition that has discrete existence, whose origin may be biological, mineral or chemical' [source ISO 11616:2017]\nWhen active it is the substance that triggers an immune response to a specific disease with a role of an antigen. \nDerivable from vaccine product.\n","min":0,"max":"*","base":{"path":"Product.composition.ingredient.substanceCode","min":0,"max":"*"},"type":[{"code":"CodeableConcept"}]},{"id":"Product.composition.ingredient.ingredientRole","path":"Product.composition.ingredient.ingredientRole","short":"Ingredient role","definition":"Role of this ingredient","min":0,"max":"1","base":{"path":"Product.composition.ingredient.ingredientRole","min":0,"max":"1"},"type":[{"code":"CodeableConcept"}]},{"id":"Product.composition.ingredient.substanceQuantity","path":"Product.composition.ingredient.substanceQuantity","short":"Substance quantity","definition":"Quantity of this substance / specified substance. It can be per unit of presentation or per concentration.","min":0,"max":"1","base":{"path":"Product.composition.ingredient.substanceQuantity","min":0,"max":"1"},"type":[{"code":"Ratio"}]},{"id":"Product.composition.description","path":"Product.composition.description","short":"Composition (textual tescription)","definition":"Textual description of the product composition","min":0,"max":"1","base":{"path":"Product.composition.description","min":0,"max":"1"},"type":[{"code":"string"}]},{"id":"Product.marketAuthorizationHolder","path":"Product.marketAuthorizationHolder","short":"Market Authorization Holder (MAH)","definition":"the organisation that holds the authorisation for marketing a Medicinal Product in a region","min":0,"max":"1","base":{"path":"Product.marketAuthorizationHolder","min":0,"max":"1"},"type":[{"code":"http://iso.org/fhir/ts-5384/StructureDefinition/SimpleOrganization"}]},{"id":"Product.manufacturer","path":"Product.manufacturer","short":"manufacturer","definition":"Organisation that holds the authorisation for the manufacturing process","min":0,"max":"1","base":{"path":"Product.manufacturer","min":0,"max":"1"},"type":[{"code":"http://iso.org/fhir/ts-5384/StructureDefinition/SimpleOrganization"}]},{"id":"Product.expiryDate","path":"Product.expiryDate","short":"Expiry Date","definition":"Date, assigned to the Medicinal Immunizing Product by the manufacturer, after which the product should not be administered as product integrity cannot be guaranteed.  \nThe Medicinal Immunizing Product, along with the Medicinal Immunizing Product Lot Number and Medicinal Immunizing Product Expiry Date, uniquely identifies an immunizing product. \nA key variable in vaccine recalls because each lot number may have more than one expiry date.  \nExpiry date may be changed (reduced) due to a cold chain break. ","min":0,"max":"1","base":{"path":"Product.expiryDate","min":0,"max":"1"},"type":[{"code":"date"}]}]},"differential":{"element":[{"id":"Product","path":"Product","short":"Product","definition":"A product  that have or should have been administered to a subject that includes one or more specific antigen(s) aimed at developing an immune response in an individual to provide protection from a vaccine preventable disease(s).","min":1,"max":"1"},{"id":"Product.codeSet","path":"Product.codeSet","short":"Set of product codes","definition":"Set of codes that are used to identify this product.","min":0,"max":"1","type":[{"code":"BackboneElement"}]},{"id":"Product.codeSet.productCode","path":"Product.codeSet.productCode","short":"Product code","definition":"Code identifying this product.\nThe code may represent different kinds of products: it might be an Authorized Packaged Medicinal Product, a Virtual Medicinal Product , a Pharmaceutical Product (PhP) , a cluster of products and so on.\nIt might be a jurisdictional (e.g. sub-national, national), cross-jurisdictional (e.g. regional) or a global product code.","min":0,"max":"*","type":[{"code":"CodeableConcept"}]},{"id":"Product.codeSet.PCID","path":"Product.codeSet.PCID","short":"IDMP PCID","definition":"Code identifying the IDMP Packaged Medicinal Product.\nA Packaged Medicinal Product is a 'Medicinal Product in a container being part of a package, representing the entirety that has been packaged for sale or supply' [source ISO 11615:2017]","min":0,"max":"1","type":[{"code":"CodeableConcept"}]},{"id":"Product.codeSet.MPID","path":"Product.codeSet.MPID","short":"IDMP MPID","definition":"Code identifying the IDMP Medicinal Product.\nA Medicinal Product is a 'pharmaceutical product or combination of pharmaceutical products that may be administered to human beings (or animals) for treating or preventing disease, with the aim/purpose of making a medical diagnosis or to restore, correct or modify physiological functions'  [source ISO 11615:2017]","min":0,"max":"1","type":[{"code":"CodeableConcept"}]},{"id":"Product.codeSet.PhPID","path":"Product.codeSet.PhPID","short":"IDMP PhP","definition":"Code identifying the IDMP Pharmaceutical Product.\nA Pharmaceutical Product is a 'qualitative and quantitative composition of a Medicinal Product in the dose form approved for administration' [source ISO 11616:2017]","min":0,"max":"*","type":[{"code":"CodeableConcept"}]},{"id":"Product.packageIdentifiers","path":"Product.packageIdentifiers","short":"Set of identifiers","definition":"Identifiers typically related to the supply chain management, but often used also for other purposes as the fight against falsified and counterfeit medicines; adverse event reporting, and so on.","min":0,"max":"1","type":[{"code":"BackboneElement"}]},{"id":"Product.packageIdentifiers.dataCarrierIdentifier","path":"Product.packageIdentifiers.dataCarrierIdentifier","short":"Data Carrier Identifier (e.g. GTIN)","definition":"Set of identifiers associated to this instance of the product.\nIt could be a global (e.g. GTIN) or a national identifier. \nThe identifiers may refer to different package levels such as primary packaging or secondary packaging.\nThe identifier of the lowest packaging should be captured.","min":0,"max":"*","type":[{"code":"Identifier"}]},{"id":"Product.packageIdentifiers.lotNumber","path":"Product.packageIdentifiers.lotNumber","short":"Lot/Batch Number","definition":"The lot number of the Administrable Immunizing Agent, as assigned by the manufacturer.","min":0,"max":"1","type":[{"code":"string"}]},{"id":"Product.name","path":"Product.name","short":"Product Name","definition":"Product Name","min":0,"max":"*","type":[{"code":"string"}]},{"id":"Product.composition","path":"Product.composition","short":"Composition","definition":"Composition of this product","min":0,"max":"1","type":[{"code":"BackboneElement"}]},{"id":"Product.composition.ingredient","path":"Product.composition.ingredient","short":"Ingredient (e.g. antigen)","definition":"Information about the ingredients composing this product","min":0,"max":"*","type":[{"code":"BackboneElement"}]},{"id":"Product.composition.ingredient.substanceName","path":"Product.composition.ingredient.substanceName","short":"Substance name","definition":"Name of the substance / specified substance","min":0,"max":"1","type":[{"code":"string"}]},{"id":"Product.composition.ingredient.substanceCode","path":"Product.composition.ingredient.substanceCode","short":"Substance code","definition":"Code identifying this substance / specified substance. \nA susbtance is 'any matter of defined composition that has discrete existence, whose origin may be biological, mineral or chemical' [source ISO 11616:2017]\nWhen active it is the substance that triggers an immune response to a specific disease with a role of an antigen. \nDerivable from vaccine product.\n","min":0,"max":"*","type":[{"code":"CodeableConcept"}]},{"id":"Product.composition.ingredient.ingredientRole","path":"Product.composition.ingredient.ingredientRole","short":"Ingredient role","definition":"Role of this ingredient","min":0,"max":"1","type":[{"code":"CodeableConcept"}]},{"id":"Product.composition.ingredient.substanceQuantity","path":"Product.composition.ingredient.substanceQuantity","short":"Substance quantity","definition":"Quantity of this substance / specified substance. It can be per unit of presentation or per concentration.","min":0,"max":"1","type":[{"code":"Ratio"}]},{"id":"Product.composition.description","path":"Product.composition.description","short":"Composition (textual tescription)","definition":"Textual description of the product composition","min":0,"max":"1","type":[{"code":"string"}]},{"id":"Product.marketAuthorizationHolder","path":"Product.marketAuthorizationHolder","short":"Market Authorization Holder (MAH)","definition":"the organisation that holds the authorisation for marketing a Medicinal Product in a region","min":0,"max":"1","type":[{"code":"http://iso.org/fhir/ts-5384/StructureDefinition/SimpleOrganization"}]},{"id":"Product.manufacturer","path":"Product.manufacturer","short":"manufacturer","definition":"Organisation that holds the authorisation for the manufacturing process","min":0,"max":"1","type":[{"code":"http://iso.org/fhir/ts-5384/StructureDefinition/SimpleOrganization"}]},{"id":"Product.expiryDate","path":"Product.expiryDate","short":"Expiry Date","definition":"Date, assigned to the Medicinal Immunizing Product by the manufacturer, after which the product should not be administered as product integrity cannot be guaranteed.  \nThe Medicinal Immunizing Product, along with the Medicinal Immunizing Product Lot Number and Medicinal Immunizing Product Expiry Date, uniquely identifies an immunizing product. \nA key variable in vaccine recalls because each lot number may have more than one expiry date.  \nExpiry date may be changed (reduced) due to a cold chain break. ","min":0,"max":"1","type":[{"code":"date"}]}]}}