{
  "resourceType": "StructureDefinition",
  "id": "Immunization-uc3",
  "text": {
    "status": "extensions",
    "div": "<div xmlns=\"http://www.w3.org/1999/xhtml\"><table border=\"0\" cellpadding=\"0\" cellspacing=\"0\" style=\"border: 0px #F0F0F0 solid; font-size: 11px; font-family: verdana; vertical-align: top;\"><tr style=\"border: 1px #F0F0F0 solid; font-size: 11px; font-family: verdana; vertical-align: top\"><th style=\"vertical-align: top; text-align : left; background-color: white; border: 0px #F0F0F0 solid; padding:0px 4px 0px 4px\" class=\"hierarchy\"><a href=\"http://hl7.org/fhir/R4/formats.html#table\" title=\"The logical name of the element\">Name</a></th><th style=\"vertical-align: top; text-align : left; background-color: white; border: 0px #F0F0F0 solid; padding:0px 4px 0px 4px\" class=\"hierarchy\"><a href=\"http://hl7.org/fhir/R4/formats.html#table\" title=\"Information about the use of the element\">Flags</a></th><th style=\"vertical-align: top; text-align : left; background-color: white; border: 0px #F0F0F0 solid; padding:0px 4px 0px 4px\" class=\"hierarchy\"><a href=\"http://hl7.org/fhir/R4/formats.html#table\" title=\"Minimum and Maximum # of times the the element can appear in the instance\">Card.</a></th><th style=\"width: 100px\" class=\"hierarchy\"><a href=\"http://hl7.org/fhir/R4/formats.html#table\" title=\"Reference to the type of the element\">Type</a></th><th style=\"vertical-align: top; text-align : left; background-color: white; border: 0px #F0F0F0 solid; padding:0px 4px 0px 4px\" class=\"hierarchy\"><a href=\"http://hl7.org/fhir/R4/formats.html#table\" title=\"Additional information about the element\">Description &amp; Constraints</a><span style=\"float: right\"><a href=\"http://hl7.org/fhir/R4/formats.html#table\" title=\"Legend for this format\"><img src=\"http://hl7.org/fhir/R4/help16.png\" alt=\"doco\" style=\"background-color: inherit\"/></a></span></th></tr><tr style=\"border: 0px #F0F0F0 solid; padding:0px; vertical-align: top; background-color: white\"><td style=\"vertical-align: top; text-align : left; background-color: white; border: 0px #F0F0F0 solid; padding:0px 4px 0px 4px; white-space: nowrap; background-image: url(tbl_bck1.png)\" class=\"hierarchy\"><img src=\"tbl_spacer.png\" alt=\".\" style=\"background-color: inherit\" class=\"hierarchy\"/><img src=\"icon_resource.png\" alt=\".\" style=\"background-color: white; background-color: inherit\" title=\"Resource\" class=\"hierarchy\"/> <a href=\"StructureDefinition-Immunization-uc3-definitions.html#Immunization\">Immunization</a><a name=\"Immunization\"> </a></td><td style=\"vertical-align: top; text-align : left; background-color: white; border: 0px #F0F0F0 solid; padding:0px 4px 0px 4px\" class=\"hierarchy\"/><td style=\"vertical-align: top; text-align : left; background-color: white; border: 0px #F0F0F0 solid; padding:0px 4px 0px 4px\" class=\"hierarchy\"><span style=\"opacity: 0.5\">1</span><span style=\"opacity: 0.5\">..</span><span style=\"opacity: 0.5\">1</span></td><td style=\"vertical-align: top; text-align : left; background-color: white; border: 0px #F0F0F0 solid; padding:0px 4px 0px 4px\" class=\"hierarchy\"><a href=\"StructureDefinition-Immunization.html\">Immunization</a></td><td style=\"vertical-align: top; text-align : left; background-color: white; border: 0px #F0F0F0 solid; padding:0px 4px 0px 4px\" class=\"hierarchy\"><span style=\"opacity: 0.5\">Immunization</span></td></tr>\r\n<tr style=\"border: 0px #F0F0F0 solid; padding:0px; vertical-align: top; background-color: #F7F7F7\"><td style=\"vertical-align: top; text-align : left; background-color: #F7F7F7; border: 0px #F0F0F0 solid; padding:0px 4px 0px 4px; white-space: nowrap; background-image: url(tbl_bck10.png)\" class=\"hierarchy\"><img src=\"tbl_spacer.png\" alt=\".\" style=\"background-color: inherit\" class=\"hierarchy\"/><img src=\"tbl_vjoin.png\" alt=\".\" style=\"background-color: inherit\" class=\"hierarchy\"/><img src=\"icon_datatype.gif\" alt=\".\" style=\"background-color: #F7F7F7; background-color: inherit\" title=\"Data Type\" class=\"hierarchy\"/> <a href=\"StructureDefinition-Immunization-uc3-definitions.html#Immunization.source\">source</a><a name=\"Immunization.source\"> </a></td><td style=\"vertical-align: top; text-align : left; background-color: #F7F7F7; border: 0px #F0F0F0 solid; padding:0px 4px 0px 4px\" class=\"hierarchy\"/><td style=\"vertical-align: top; text-align : left; background-color: #F7F7F7; border: 0px #F0F0F0 solid; padding:0px 4px 0px 4px\" class=\"hierarchy\">1..*</td><td style=\"vertical-align: top; text-align : left; background-color: #F7F7F7; border: 0px #F0F0F0 solid; padding:0px 4px 0px 4px\" class=\"hierarchy\"><a href=\"http://hl7.org/fhir/R4/datatypes.html#BackboneElement\">BackboneElement</a></td><td style=\"vertical-align: top; text-align : left; background-color: #F7F7F7; border: 0px #F0F0F0 solid; padding:0px 4px 0px 4px\" class=\"hierarchy\">[R] Immunization Reporting Source<br/></td></tr>\r\n<tr style=\"border: 0px #F0F0F0 solid; padding:0px; vertical-align: top; background-color: white\"><td style=\"vertical-align: top; text-align : left; background-color: white; border: 0px #F0F0F0 solid; padding:0px 4px 0px 4px; white-space: nowrap; background-image: url(tbl_bck10.png)\" class=\"hierarchy\"><img src=\"tbl_spacer.png\" alt=\".\" style=\"background-color: inherit\" class=\"hierarchy\"/><img src=\"tbl_vjoin.png\" alt=\".\" style=\"background-color: inherit\" class=\"hierarchy\"/><img src=\"icon_element.gif\" alt=\".\" style=\"background-color: white; background-color: inherit\" title=\"Element\" class=\"hierarchy\"/> <a href=\"StructureDefinition-Immunization-uc3-definitions.html#Immunization.targetDisease\">targetDisease</a><a name=\"Immunization.targetDisease\"> </a></td><td style=\"vertical-align: top; text-align : left; background-color: white; border: 0px #F0F0F0 solid; padding:0px 4px 0px 4px\" class=\"hierarchy\"/><td style=\"vertical-align: top; text-align : left; background-color: white; border: 0px #F0F0F0 solid; padding:0px 4px 0px 4px\" class=\"hierarchy\">1..*</td><td style=\"vertical-align: top; text-align : left; background-color: white; border: 0px #F0F0F0 solid; padding:0px 4px 0px 4px\" class=\"hierarchy\"><a style=\"opacity: 0.5\" href=\"http://hl7.org/fhir/R4/datatypes.html#CodeableConcept\">CodeableConcept</a></td><td style=\"vertical-align: top; text-align : left; background-color: white; border: 0px #F0F0F0 solid; padding:0px 4px 0px 4px\" class=\"hierarchy\">[R] Vaccine Preventable Disease<br/></td></tr>\r\n<tr style=\"border: 0px #F0F0F0 solid; padding:0px; vertical-align: top; background-color: #F7F7F7\"><td style=\"vertical-align: top; text-align : left; background-color: #F7F7F7; border: 0px #F0F0F0 solid; padding:0px 4px 0px 4px; white-space: nowrap; background-image: url(tbl_bck10.png)\" class=\"hierarchy\"><img src=\"tbl_spacer.png\" alt=\".\" style=\"background-color: inherit\" class=\"hierarchy\"/><img src=\"tbl_vjoin.png\" alt=\".\" style=\"background-color: inherit\" class=\"hierarchy\"/><img src=\"icon_element.gif\" alt=\".\" style=\"background-color: #F7F7F7; background-color: inherit\" title=\"Element\" class=\"hierarchy\"/> <a href=\"StructureDefinition-Immunization-uc3-definitions.html#Immunization.immunizingAgent\">immunizingAgent</a><a name=\"Immunization.immunizingAgent\"> </a></td><td style=\"vertical-align: top; text-align : left; background-color: #F7F7F7; border: 0px #F0F0F0 solid; padding:0px 4px 0px 4px\" class=\"hierarchy\"><span style=\"padding-left: 3px; padding-right: 3px; color: white; background-color: red\" title=\"This element must be supported\">S</span></td><td style=\"vertical-align: top; text-align : left; background-color: #F7F7F7; border: 0px #F0F0F0 solid; padding:0px 4px 0px 4px\" class=\"hierarchy\">1..*</td><td style=\"vertical-align: top; text-align : left; background-color: #F7F7F7; border: 0px #F0F0F0 solid; padding:0px 4px 0px 4px\" class=\"hierarchy\"><a style=\"opacity: 0.5\" href=\"http://hl7.org/fhir/R4/datatypes.html#CodeableConcept\">CodeableConcept</a></td><td style=\"vertical-align: top; text-align : left; background-color: #F7F7F7; border: 0px #F0F0F0 solid; padding:0px 4px 0px 4px\" class=\"hierarchy\">[M] Generic immunizing Agent (Vaccine type, prophylaxis)<br/></td></tr>\r\n<tr style=\"border: 0px #F0F0F0 solid; padding:0px; vertical-align: top; background-color: white\"><td style=\"vertical-align: top; text-align : left; background-color: white; border: 0px #F0F0F0 solid; padding:0px 4px 0px 4px; white-space: nowrap; background-image: url(tbl_bck10.png)\" class=\"hierarchy\"><img src=\"tbl_spacer.png\" alt=\".\" style=\"background-color: inherit\" class=\"hierarchy\"/><img src=\"tbl_vjoin.png\" alt=\".\" style=\"background-color: inherit\" class=\"hierarchy\"/><img src=\"icon_resource.png\" alt=\".\" style=\"background-color: white; background-color: inherit\" title=\"Resource\" class=\"hierarchy\"/> <a href=\"StructureDefinition-Immunization-uc3-definitions.html#Immunization.subject\">subject</a><a name=\"Immunization.subject\"> </a></td><td style=\"vertical-align: top; text-align : left; background-color: white; border: 0px #F0F0F0 solid; padding:0px 4px 0px 4px\" class=\"hierarchy\"><span style=\"padding-left: 3px; padding-right: 3px; color: white; background-color: red\" title=\"This element must be supported\">S</span></td><td style=\"vertical-align: top; text-align : left; background-color: white; border: 0px #F0F0F0 solid; padding:0px 4px 0px 4px\" class=\"hierarchy\">1..1</td><td style=\"vertical-align: top; text-align : left; background-color: white; border: 0px #F0F0F0 solid; padding:0px 4px 0px 4px\" class=\"hierarchy\"><a href=\"StructureDefinition-Subject-uc1.html\">Subject</a></td><td style=\"vertical-align: top; text-align : left; background-color: white; border: 0px #F0F0F0 solid; padding:0px 4px 0px 4px\" class=\"hierarchy\">[R] Subject</td></tr>\r\n<tr style=\"border: 0px #F0F0F0 solid; padding:0px; vertical-align: top; background-color: #F7F7F7\"><td style=\"vertical-align: top; text-align : left; background-color: #F7F7F7; border: 0px #F0F0F0 solid; padding:0px 4px 0px 4px; white-space: nowrap; background-image: url(tbl_bck10.png)\" class=\"hierarchy\"><img src=\"tbl_spacer.png\" alt=\".\" style=\"background-color: inherit\" class=\"hierarchy\"/><img src=\"tbl_vjoin.png\" alt=\".\" style=\"background-color: inherit\" class=\"hierarchy\"/><img src=\"icon_resource.png\" alt=\".\" style=\"background-color: #F7F7F7; background-color: inherit\" title=\"Resource\" class=\"hierarchy\"/> <a href=\"StructureDefinition-Immunization-uc3-definitions.html#Immunization.product\">product</a><a name=\"Immunization.product\"> </a></td><td style=\"vertical-align: top; text-align : left; background-color: #F7F7F7; border: 0px #F0F0F0 solid; padding:0px 4px 0px 4px\" class=\"hierarchy\"><span style=\"padding-left: 3px; padding-right: 3px; color: white; background-color: red\" title=\"This element must be supported\">S</span></td><td style=\"vertical-align: top; text-align : left; background-color: #F7F7F7; border: 0px #F0F0F0 solid; padding:0px 4px 0px 4px\" class=\"hierarchy\">1..*</td><td style=\"vertical-align: top; text-align : left; background-color: #F7F7F7; border: 0px #F0F0F0 solid; padding:0px 4px 0px 4px\" class=\"hierarchy\"><a href=\"StructureDefinition-Product-uc1.html\">Product</a></td><td style=\"vertical-align: top; text-align : left; background-color: #F7F7F7; border: 0px #F0F0F0 solid; padding:0px 4px 0px 4px\" class=\"hierarchy\">[R] Medicinal Immunizing Product<br/></td></tr>\r\n<tr style=\"border: 0px #F0F0F0 solid; padding:0px; vertical-align: top; background-color: white\"><td style=\"vertical-align: top; text-align : left; background-color: white; border: 0px #F0F0F0 solid; padding:0px 4px 0px 4px; white-space: nowrap; background-image: url(tbl_bck11.png)\" class=\"hierarchy\"><img src=\"tbl_spacer.png\" alt=\".\" style=\"background-color: inherit\" class=\"hierarchy\"/><img src=\"tbl_vjoin.png\" alt=\".\" style=\"background-color: inherit\" class=\"hierarchy\"/><img src=\"icon_element.gif\" alt=\".\" style=\"background-color: white; background-color: inherit\" title=\"Element\" class=\"hierarchy\"/> <a href=\"StructureDefinition-Immunization-uc3-definitions.html#Immunization.administration\">administration</a><a name=\"Immunization.administration\"> </a></td><td style=\"vertical-align: top; text-align : left; background-color: white; border: 0px #F0F0F0 solid; padding:0px 4px 0px 4px\" class=\"hierarchy\"><span style=\"padding-left: 3px; padding-right: 3px; color: white; background-color: red\" title=\"This element must be supported\">S</span></td><td style=\"vertical-align: top; text-align : left; background-color: white; border: 0px #F0F0F0 solid; padding:0px 4px 0px 4px\" class=\"hierarchy\"><span style=\"opacity: 0.5\">0</span><span style=\"opacity: 0.5\">..</span><span style=\"opacity: 0.5\">1</span></td><td style=\"vertical-align: top; text-align : left; background-color: white; border: 0px #F0F0F0 solid; padding:0px 4px 0px 4px\" class=\"hierarchy\"><a style=\"opacity: 0.5\" href=\"http://hl7.org/fhir/R4/datatypes.html#BackboneElement\">BackboneElement</a></td><td style=\"vertical-align: top; text-align : left; background-color: white; border: 0px #F0F0F0 solid; padding:0px 4px 0px 4px\" class=\"hierarchy\">[RK] Immunization Administration</td></tr>\r\n<tr style=\"border: 0px #F0F0F0 solid; padding:0px; vertical-align: top; background-color: #F7F7F7\"><td style=\"vertical-align: top; text-align : left; background-color: #F7F7F7; border: 0px #F0F0F0 solid; padding:0px 4px 0px 4px; white-space: nowrap; background-image: url(tbl_bck111.png)\" class=\"hierarchy\"><img src=\"tbl_spacer.png\" alt=\".\" style=\"background-color: inherit\" class=\"hierarchy\"/><img src=\"tbl_vline.png\" alt=\".\" style=\"background-color: inherit\" class=\"hierarchy\"/><img src=\"tbl_vjoin.png\" alt=\".\" style=\"background-color: inherit\" class=\"hierarchy\"/><img src=\"icon_element.gif\" alt=\".\" style=\"background-color: #F7F7F7; background-color: inherit\" title=\"Element\" class=\"hierarchy\"/> <a href=\"StructureDefinition-Immunization-uc3-definitions.html#Immunization.administration.date\">date</a><a name=\"Immunization.administration.date\"> </a></td><td style=\"vertical-align: top; text-align : left; background-color: #F7F7F7; border: 0px #F0F0F0 solid; padding:0px 4px 0px 4px\" class=\"hierarchy\"><span style=\"padding-left: 3px; padding-right: 3px; color: white; background-color: red\" title=\"This element must be supported\">S</span></td><td style=\"vertical-align: top; text-align : left; background-color: #F7F7F7; border: 0px #F0F0F0 solid; padding:0px 4px 0px 4px\" class=\"hierarchy\"><span style=\"opacity: 0.5\">0</span><span style=\"opacity: 0.5\">..</span><span style=\"opacity: 0.5\">1</span></td><td style=\"vertical-align: top; text-align : left; background-color: #F7F7F7; border: 0px #F0F0F0 solid; padding:0px 4px 0px 4px\" class=\"hierarchy\"><a style=\"opacity: 0.5\" href=\"http://hl7.org/fhir/R4/datatypes.html#BackboneElement\">BackboneElement</a></td><td style=\"vertical-align: top; text-align : left; background-color: #F7F7F7; border: 0px #F0F0F0 solid; padding:0px 4px 0px 4px\" class=\"hierarchy\">[RK] Date of Immunization Administration</td></tr>\r\n<tr style=\"border: 0px #F0F0F0 solid; padding:0px; vertical-align: top; background-color: white\"><td style=\"vertical-align: top; text-align : left; background-color: white; border: 0px #F0F0F0 solid; padding:0px 4px 0px 4px; white-space: nowrap; background-image: url(tbl_bck1110.png)\" class=\"hierarchy\"><img src=\"tbl_spacer.png\" alt=\".\" style=\"background-color: inherit\" class=\"hierarchy\"/><img src=\"tbl_vline.png\" alt=\".\" style=\"background-color: inherit\" class=\"hierarchy\"/><img src=\"tbl_vline.png\" alt=\".\" style=\"background-color: inherit\" class=\"hierarchy\"/><img src=\"tbl_vjoin.png\" alt=\".\" style=\"background-color: inherit\" class=\"hierarchy\"/><img src=\"icon_element.gif\" alt=\".\" style=\"background-color: white; background-color: inherit\" title=\"Element\" class=\"hierarchy\"/> <a href=\"StructureDefinition-Immunization-uc3-definitions.html#Immunization.administration.date.value\">value</a><a name=\"Immunization.administration.date.value\"> </a></td><td style=\"vertical-align: top; text-align : left; background-color: white; border: 0px #F0F0F0 solid; padding:0px 4px 0px 4px\" class=\"hierarchy\"><span style=\"padding-left: 3px; padding-right: 3px; color: white; background-color: red\" title=\"This element must be supported\">S</span></td><td style=\"vertical-align: top; text-align : left; background-color: white; border: 0px #F0F0F0 solid; padding:0px 4px 0px 4px\" class=\"hierarchy\"><span style=\"opacity: 0.5\">0</span><span style=\"opacity: 0.5\">..</span><span style=\"opacity: 0.5\">1</span></td><td style=\"vertical-align: top; text-align : left; background-color: white; border: 0px #F0F0F0 solid; padding:0px 4px 0px 4px\" class=\"hierarchy\"><a style=\"opacity: 0.5\" href=\"http://hl7.org/fhir/R4/datatypes.html#dateTime\">dateTime</a></td><td style=\"vertical-align: top; text-align : left; background-color: white; border: 0px #F0F0F0 solid; padding:0px 4px 0px 4px\" class=\"hierarchy\">[RK] Date of Immunization Administration</td></tr>\r\n<tr style=\"border: 0px #F0F0F0 solid; padding:0px; vertical-align: top; background-color: #F7F7F7\"><td style=\"vertical-align: top; text-align : left; background-color: #F7F7F7; border: 0px #F0F0F0 solid; padding:0px 4px 0px 4px; white-space: nowrap; background-image: url(tbl_bck1100.png)\" class=\"hierarchy\"><img src=\"tbl_spacer.png\" alt=\".\" style=\"background-color: inherit\" class=\"hierarchy\"/><img src=\"tbl_vline.png\" alt=\".\" style=\"background-color: inherit\" class=\"hierarchy\"/><img src=\"tbl_vline.png\" alt=\".\" style=\"background-color: inherit\" class=\"hierarchy\"/><img src=\"tbl_vjoin_end.png\" alt=\".\" style=\"background-color: inherit\" class=\"hierarchy\"/><img src=\"icon_element.gif\" alt=\".\" style=\"background-color: #F7F7F7; background-color: inherit\" title=\"Element\" class=\"hierarchy\"/> <a href=\"StructureDefinition-Immunization-uc3-definitions.html#Immunization.administration.date.estimated\">estimated</a><a name=\"Immunization.administration.date.estimated\"> </a></td><td style=\"vertical-align: top; text-align : left; background-color: #F7F7F7; border: 0px #F0F0F0 solid; padding:0px 4px 0px 4px\" class=\"hierarchy\"><span style=\"padding-left: 3px; padding-right: 3px; color: white; background-color: red\" title=\"This element must be supported\">S</span></td><td style=\"vertical-align: top; text-align : left; background-color: #F7F7F7; border: 0px #F0F0F0 solid; padding:0px 4px 0px 4px\" class=\"hierarchy\"><span style=\"opacity: 0.5\">0</span><span style=\"opacity: 0.5\">..</span><span style=\"opacity: 0.5\">1</span></td><td style=\"vertical-align: top; text-align : left; background-color: #F7F7F7; border: 0px #F0F0F0 solid; padding:0px 4px 0px 4px\" class=\"hierarchy\"><a style=\"opacity: 0.5\" href=\"http://hl7.org/fhir/R4/datatypes.html#BackboneElement\">BackboneElement</a></td><td style=\"vertical-align: top; text-align : left; background-color: #F7F7F7; border: 0px #F0F0F0 solid; padding:0px 4px 0px 4px\" class=\"hierarchy\">[RK] Estimated Date Flag</td></tr>\r\n<tr style=\"border: 0px #F0F0F0 solid; padding:0px; vertical-align: top; background-color: white\"><td style=\"vertical-align: top; text-align : left; background-color: white; border: 0px #F0F0F0 solid; padding:0px 4px 0px 4px; white-space: nowrap; background-image: url(tbl_bck110.png)\" class=\"hierarchy\"><img src=\"tbl_spacer.png\" alt=\".\" style=\"background-color: inherit\" class=\"hierarchy\"/><img src=\"tbl_vline.png\" alt=\".\" style=\"background-color: inherit\" class=\"hierarchy\"/><img src=\"tbl_vjoin.png\" alt=\".\" style=\"background-color: inherit\" class=\"hierarchy\"/><img src=\"icon_element.gif\" alt=\".\" style=\"background-color: white; background-color: inherit\" title=\"Element\" class=\"hierarchy\"/> <a href=\"StructureDefinition-Immunization-uc3-definitions.html#Immunization.administration.site\">site</a><a name=\"Immunization.administration.site\"> </a></td><td style=\"vertical-align: top; text-align : left; background-color: white; border: 0px #F0F0F0 solid; padding:0px 4px 0px 4px\" class=\"hierarchy\"><span style=\"padding-left: 3px; padding-right: 3px; color: white; background-color: red\" title=\"This element must be supported\">S</span></td><td style=\"vertical-align: top; text-align : left; background-color: white; border: 0px #F0F0F0 solid; padding:0px 4px 0px 4px\" class=\"hierarchy\"><span style=\"opacity: 0.5\">0</span><span style=\"opacity: 0.5\">..</span><span style=\"opacity: 0.5\">1</span></td><td style=\"vertical-align: top; text-align : left; background-color: white; border: 0px #F0F0F0 solid; padding:0px 4px 0px 4px\" class=\"hierarchy\"><a style=\"opacity: 0.5\" href=\"http://hl7.org/fhir/R4/datatypes.html#CodeableConcept\">CodeableConcept</a></td><td style=\"vertical-align: top; text-align : left; background-color: white; border: 0px #F0F0F0 solid; padding:0px 4px 0px 4px\" class=\"hierarchy\">[RK] Immunization Anatomical Site</td></tr>\r\n<tr style=\"border: 0px #F0F0F0 solid; padding:0px; vertical-align: top; background-color: #F7F7F7\"><td style=\"vertical-align: top; text-align : left; background-color: #F7F7F7; border: 0px #F0F0F0 solid; padding:0px 4px 0px 4px; white-space: nowrap; background-image: url(tbl_bck110.png)\" class=\"hierarchy\"><img src=\"tbl_spacer.png\" alt=\".\" style=\"background-color: inherit\" class=\"hierarchy\"/><img src=\"tbl_vline.png\" alt=\".\" style=\"background-color: inherit\" class=\"hierarchy\"/><img src=\"tbl_vjoin.png\" alt=\".\" style=\"background-color: inherit\" class=\"hierarchy\"/><img src=\"icon_element.gif\" alt=\".\" style=\"background-color: #F7F7F7; background-color: inherit\" title=\"Element\" class=\"hierarchy\"/> <a href=\"StructureDefinition-Immunization-uc3-definitions.html#Immunization.administration.performer\">performer</a><a name=\"Immunization.administration.performer\"> </a></td><td style=\"vertical-align: top; text-align : left; background-color: #F7F7F7; border: 0px #F0F0F0 solid; padding:0px 4px 0px 4px\" class=\"hierarchy\"><span style=\"padding-left: 3px; padding-right: 3px; color: white; background-color: red\" title=\"This element must be supported\">S</span></td><td style=\"vertical-align: top; text-align : left; background-color: #F7F7F7; border: 0px #F0F0F0 solid; padding:0px 4px 0px 4px\" class=\"hierarchy\"><span style=\"opacity: 0.5\">0</span><span style=\"opacity: 0.5\">..</span><span style=\"opacity: 0.5\">1</span></td><td style=\"vertical-align: top; text-align : left; background-color: #F7F7F7; border: 0px #F0F0F0 solid; padding:0px 4px 0px 4px\" class=\"hierarchy\"><a style=\"opacity: 0.5\" href=\"StructureDefinition-HealthProfessional.html\">HealthProfessional</a></td><td style=\"vertical-align: top; text-align : left; background-color: #F7F7F7; border: 0px #F0F0F0 solid; padding:0px 4px 0px 4px\" class=\"hierarchy\">[RK] Health Care Worker Responsible for Immunization Administration</td></tr>\r\n<tr style=\"border: 0px #F0F0F0 solid; padding:0px; vertical-align: top; background-color: white\"><td style=\"vertical-align: top; text-align : left; background-color: white; border: 0px #F0F0F0 solid; padding:0px 4px 0px 4px; white-space: nowrap; background-image: url(tbl_bck100.png)\" class=\"hierarchy\"><img src=\"tbl_spacer.png\" alt=\".\" style=\"background-color: inherit\" class=\"hierarchy\"/><img src=\"tbl_vline.png\" alt=\".\" style=\"background-color: inherit\" class=\"hierarchy\"/><img src=\"tbl_vjoin_end.png\" alt=\".\" style=\"background-color: inherit\" class=\"hierarchy\"/><img src=\"icon_element.gif\" alt=\".\" style=\"background-color: white; background-color: inherit\" title=\"Element\" class=\"hierarchy\"/> <a href=\"StructureDefinition-Immunization-uc3-definitions.html#Immunization.administration.country\">country</a><a name=\"Immunization.administration.country\"> </a></td><td style=\"vertical-align: top; text-align : left; background-color: white; border: 0px #F0F0F0 solid; padding:0px 4px 0px 4px\" class=\"hierarchy\"/><td style=\"vertical-align: top; text-align : left; background-color: white; border: 0px #F0F0F0 solid; padding:0px 4px 0px 4px\" class=\"hierarchy\">1..1</td><td style=\"vertical-align: top; text-align : left; background-color: white; border: 0px #F0F0F0 solid; padding:0px 4px 0px 4px\" class=\"hierarchy\"><a style=\"opacity: 0.5\" href=\"http://hl7.org/fhir/R4/datatypes.html#CodeableConcept\">CodeableConcept</a></td><td style=\"vertical-align: top; text-align : left; background-color: white; border: 0px #F0F0F0 solid; padding:0px 4px 0px 4px\" class=\"hierarchy\">[R] Country of Immunization</td></tr>\r\n<tr style=\"border: 0px #F0F0F0 solid; padding:0px; vertical-align: top; background-color: #F7F7F7\"><td style=\"vertical-align: top; text-align : left; background-color: #F7F7F7; border: 0px #F0F0F0 solid; padding:0px 4px 0px 4px; white-space: nowrap; background-image: url(tbl_bck11.png)\" class=\"hierarchy\"><img src=\"tbl_spacer.png\" alt=\".\" style=\"background-color: inherit\" class=\"hierarchy\"/><img src=\"tbl_vjoin.png\" alt=\".\" style=\"background-color: inherit\" class=\"hierarchy\"/><img src=\"icon_element.gif\" alt=\".\" style=\"background-color: #F7F7F7; background-color: inherit\" title=\"Element\" class=\"hierarchy\"/> <a href=\"StructureDefinition-Immunization-uc3-definitions.html#Immunization.protocol\">protocol</a><a name=\"Immunization.protocol\"> </a></td><td style=\"vertical-align: top; text-align : left; background-color: #F7F7F7; border: 0px #F0F0F0 solid; padding:0px 4px 0px 4px\" class=\"hierarchy\"/><td style=\"vertical-align: top; text-align : left; background-color: #F7F7F7; border: 0px #F0F0F0 solid; padding:0px 4px 0px 4px\" class=\"hierarchy\">1..1</td><td style=\"vertical-align: top; text-align : left; background-color: #F7F7F7; border: 0px #F0F0F0 solid; padding:0px 4px 0px 4px\" class=\"hierarchy\"><a style=\"opacity: 0.5\" href=\"http://hl7.org/fhir/R4/datatypes.html#BackboneElement\">BackboneElement</a></td><td style=\"vertical-align: top; text-align : left; background-color: #F7F7F7; border: 0px #F0F0F0 solid; padding:0px 4px 0px 4px\" class=\"hierarchy\">[R] Protocol applied</td></tr>\r\n<tr style=\"border: 0px #F0F0F0 solid; padding:0px; vertical-align: top; background-color: white\"><td style=\"vertical-align: top; text-align : left; background-color: white; border: 0px #F0F0F0 solid; padding:0px 4px 0px 4px; white-space: nowrap; background-image: url(tbl_bck100.png)\" class=\"hierarchy\"><img src=\"tbl_spacer.png\" alt=\".\" style=\"background-color: inherit\" class=\"hierarchy\"/><img src=\"tbl_vline.png\" alt=\".\" style=\"background-color: inherit\" class=\"hierarchy\"/><img src=\"tbl_vjoin_end.png\" alt=\".\" style=\"background-color: inherit\" class=\"hierarchy\"/><img src=\"icon_element.gif\" alt=\".\" style=\"background-color: white; background-color: inherit\" title=\"Element\" class=\"hierarchy\"/> <a href=\"StructureDefinition-Immunization-uc3-definitions.html#Immunization.protocol.doseNumber\">doseNumber</a><a name=\"Immunization.protocol.doseNumber\"> </a></td><td style=\"vertical-align: top; text-align : left; background-color: white; border: 0px #F0F0F0 solid; padding:0px 4px 0px 4px\" class=\"hierarchy\"/><td style=\"vertical-align: top; text-align : left; background-color: white; border: 0px #F0F0F0 solid; padding:0px 4px 0px 4px\" class=\"hierarchy\">1..1</td><td style=\"vertical-align: top; text-align : left; background-color: white; border: 0px #F0F0F0 solid; padding:0px 4px 0px 4px\" class=\"hierarchy\"><a style=\"opacity: 0.5\" href=\"http://hl7.org/fhir/R4/datatypes.html#integer\">integer</a></td><td style=\"vertical-align: top; text-align : left; background-color: white; border: 0px #F0F0F0 solid; padding:0px 4px 0px 4px\" class=\"hierarchy\">[R] Dose Number</td></tr>\r\n<tr style=\"border: 0px #F0F0F0 solid; padding:0px; vertical-align: top; background-color: #F7F7F7\"><td style=\"vertical-align: top; text-align : left; background-color: #F7F7F7; border: 0px #F0F0F0 solid; padding:0px 4px 0px 4px; white-space: nowrap; background-image: url(tbl_bck11.png)\" class=\"hierarchy\"><img src=\"tbl_spacer.png\" alt=\".\" style=\"background-color: inherit\" class=\"hierarchy\"/><img src=\"tbl_vjoin.png\" alt=\".\" style=\"background-color: inherit\" class=\"hierarchy\"/><img src=\"icon_element.gif\" alt=\".\" style=\"background-color: #F7F7F7; background-color: inherit\" title=\"Element\" class=\"hierarchy\"/> <a href=\"StructureDefinition-Immunization-uc3-definitions.html#Immunization.reaction\">reaction</a><a name=\"Immunization.reaction\"> </a></td><td style=\"vertical-align: top; text-align : left; background-color: #F7F7F7; border: 0px #F0F0F0 solid; padding:0px 4px 0px 4px\" class=\"hierarchy\"/><td style=\"vertical-align: top; text-align : left; background-color: #F7F7F7; border: 0px #F0F0F0 solid; padding:0px 4px 0px 4px\" class=\"hierarchy\">1..*</td><td style=\"vertical-align: top; text-align : left; background-color: #F7F7F7; border: 0px #F0F0F0 solid; padding:0px 4px 0px 4px\" class=\"hierarchy\"><a style=\"opacity: 0.5\" href=\"http://hl7.org/fhir/R4/datatypes.html#BackboneElement\">BackboneElement</a></td><td style=\"vertical-align: top; text-align : left; background-color: #F7F7F7; border: 0px #F0F0F0 solid; padding:0px 4px 0px 4px\" class=\"hierarchy\">[R] Adverse Reaction<br/></td></tr>\r\n<tr style=\"border: 0px #F0F0F0 solid; padding:0px; vertical-align: top; background-color: white\"><td style=\"vertical-align: top; text-align : left; background-color: white; border: 0px #F0F0F0 solid; padding:0px 4px 0px 4px; white-space: nowrap; background-image: url(tbl_bck110.png)\" class=\"hierarchy\"><img src=\"tbl_spacer.png\" alt=\".\" style=\"background-color: inherit\" class=\"hierarchy\"/><img src=\"tbl_vline.png\" alt=\".\" style=\"background-color: inherit\" class=\"hierarchy\"/><img src=\"tbl_vjoin.png\" alt=\".\" style=\"background-color: inherit\" class=\"hierarchy\"/><img src=\"icon_element.gif\" alt=\".\" style=\"background-color: white; background-color: inherit\" title=\"Element\" class=\"hierarchy\"/> <a href=\"StructureDefinition-Immunization-uc3-definitions.html#Immunization.reaction.reported\">reported</a><a name=\"Immunization.reaction.reported\"> </a></td><td style=\"vertical-align: top; text-align : left; background-color: white; border: 0px #F0F0F0 solid; padding:0px 4px 0px 4px\" class=\"hierarchy\"/><td style=\"vertical-align: top; text-align : left; background-color: white; border: 0px #F0F0F0 solid; padding:0px 4px 0px 4px\" class=\"hierarchy\">1..1</td><td style=\"vertical-align: top; text-align : left; background-color: white; border: 0px #F0F0F0 solid; padding:0px 4px 0px 4px\" class=\"hierarchy\"><a style=\"opacity: 0.5\" href=\"http://hl7.org/fhir/R4/datatypes.html#boolean\">boolean</a></td><td style=\"vertical-align: top; text-align : left; background-color: white; border: 0px #F0F0F0 solid; padding:0px 4px 0px 4px\" class=\"hierarchy\">[R] Adverse Reaction Following Immunization</td></tr>\r\n<tr style=\"border: 0px #F0F0F0 solid; padding:0px; vertical-align: top; background-color: #F7F7F7\"><td style=\"vertical-align: top; text-align : left; background-color: #F7F7F7; border: 0px #F0F0F0 solid; padding:0px 4px 0px 4px; white-space: nowrap; background-image: url(tbl_bck110.png)\" class=\"hierarchy\"><img src=\"tbl_spacer.png\" alt=\".\" style=\"background-color: inherit\" class=\"hierarchy\"/><img src=\"tbl_vline.png\" alt=\".\" style=\"background-color: inherit\" class=\"hierarchy\"/><img src=\"tbl_vjoin.png\" alt=\".\" style=\"background-color: inherit\" class=\"hierarchy\"/><img src=\"icon_element.gif\" alt=\".\" style=\"background-color: #F7F7F7; background-color: inherit\" title=\"Element\" class=\"hierarchy\"/> <a href=\"StructureDefinition-Immunization-uc3-definitions.html#Immunization.reaction.date\">date</a><a name=\"Immunization.reaction.date\"> </a></td><td style=\"vertical-align: top; text-align : left; background-color: #F7F7F7; border: 0px #F0F0F0 solid; padding:0px 4px 0px 4px\" class=\"hierarchy\"/><td style=\"vertical-align: top; text-align : left; background-color: #F7F7F7; border: 0px #F0F0F0 solid; padding:0px 4px 0px 4px\" class=\"hierarchy\">1..1</td><td style=\"vertical-align: top; text-align : left; background-color: #F7F7F7; border: 0px #F0F0F0 solid; padding:0px 4px 0px 4px\" class=\"hierarchy\"><a style=\"opacity: 0.5\" href=\"http://hl7.org/fhir/R4/datatypes.html#dateTime\">dateTime</a></td><td style=\"vertical-align: top; text-align : left; background-color: #F7F7F7; border: 0px #F0F0F0 solid; padding:0px 4px 0px 4px\" class=\"hierarchy\">[R] Adverse Reaction date</td></tr>\r\n<tr style=\"border: 0px #F0F0F0 solid; padding:0px; vertical-align: top; background-color: white\"><td style=\"vertical-align: top; text-align : left; background-color: white; border: 0px #F0F0F0 solid; padding:0px 4px 0px 4px; white-space: nowrap; background-image: url(tbl_bck100.png)\" class=\"hierarchy\"><img src=\"tbl_spacer.png\" alt=\".\" style=\"background-color: inherit\" class=\"hierarchy\"/><img src=\"tbl_vline.png\" alt=\".\" style=\"background-color: inherit\" class=\"hierarchy\"/><img src=\"tbl_vjoin_end.png\" alt=\".\" style=\"background-color: inherit\" class=\"hierarchy\"/><img src=\"icon_element.gif\" alt=\".\" style=\"background-color: white; background-color: inherit\" title=\"Element\" class=\"hierarchy\"/> <a href=\"StructureDefinition-Immunization-uc3-definitions.html#Immunization.reaction.manifestation\">manifestation</a><a name=\"Immunization.reaction.manifestation\"> </a></td><td style=\"vertical-align: top; text-align : left; background-color: white; border: 0px #F0F0F0 solid; padding:0px 4px 0px 4px\" class=\"hierarchy\"/><td style=\"vertical-align: top; text-align : left; background-color: white; border: 0px #F0F0F0 solid; padding:0px 4px 0px 4px\" class=\"hierarchy\">1..1</td><td style=\"vertical-align: top; text-align : left; background-color: white; border: 0px #F0F0F0 solid; padding:0px 4px 0px 4px\" class=\"hierarchy\"><a style=\"opacity: 0.5\" href=\"http://hl7.org/fhir/R4/datatypes.html#BackboneElement\">BackboneElement</a></td><td style=\"vertical-align: top; text-align : left; background-color: white; border: 0px #F0F0F0 solid; padding:0px 4px 0px 4px\" class=\"hierarchy\">[R] Adverse Reaction manifestation</td></tr>\r\n<tr style=\"border: 0px #F0F0F0 solid; padding:0px; vertical-align: top; background-color: #F7F7F7\"><td style=\"vertical-align: top; text-align : left; background-color: #F7F7F7; border: 0px #F0F0F0 solid; padding:0px 4px 0px 4px; white-space: nowrap; background-image: url(tbl_bck00.png)\" class=\"hierarchy\"><img src=\"tbl_spacer.png\" alt=\".\" style=\"background-color: inherit\" class=\"hierarchy\"/><img src=\"tbl_vjoin_end.png\" alt=\".\" style=\"background-color: inherit\" class=\"hierarchy\"/><img src=\"icon_element.gif\" alt=\".\" style=\"background-color: #F7F7F7; background-color: inherit\" title=\"Element\" class=\"hierarchy\"/> <span style=\"text-decoration:line-through\">forecast</span><a name=\"Immunization.forecast\"> </a></td><td style=\"vertical-align: top; text-align : left; background-color: #F7F7F7; border: 0px #F0F0F0 solid; padding:0px 4px 0px 4px\" class=\"hierarchy\"/><td style=\"vertical-align: top; text-align : left; background-color: #F7F7F7; border: 0px #F0F0F0 solid; padding:0px 4px 0px 4px\" class=\"hierarchy\"><span style=\"text-decoration:line-through\"/><span style=\"text-decoration:line-through\">0</span><span style=\"text-decoration:line-through\">..</span><span style=\"text-decoration:line-through\">0</span></td><td style=\"vertical-align: top; text-align : left; background-color: #F7F7F7; border: 0px #F0F0F0 solid; padding:0px 4px 0px 4px\" class=\"hierarchy\"/><td style=\"vertical-align: top; text-align : left; background-color: #F7F7F7; border: 0px #F0F0F0 solid; padding:0px 4px 0px 4px\" class=\"hierarchy\"/></tr>\r\n<tr><td colspan=\"5\" class=\"hierarchy\"><br/><a href=\"http://hl7.org/fhir/R4/formats.html#table\" title=\"Legend for this format\"><img src=\"http://hl7.org/fhir/R4/help16.png\" alt=\"doco\" style=\"background-color: inherit\"/> Documentation for this format</a></td></tr></table></div>"
  },
  "url": "http://iso.org/fhir/ts-5384/StructureDefinition/Immunization-uc3",
  "version": "0.0.1",
  "name": "ImmunizationUcHistoricEvent",
  "title": "UC3: Record a Historic immunization event",
  "status": "draft",
  "experimental": true,
  "date": "2021-05-04T07:17:50+00:00",
  "publisher": "ISO",
  "contact": [
    {
      "telecom": [
        {
          "system": "url",
          "value": "https://www.iso.int"
        }
      ]
    }
  ],
  "description": "Data Model for the 'Record a Historic immunization event'",
  "jurisdiction": [
    {
      "coding": [
        {
          "system": "http://unstats.un.org/unsd/methods/m49/m49.htm",
          "code": "001"
        }
      ]
    }
  ],
  "fhirVersion": "4.0.1",
  "mapping": [
    {
      "identity": "fhir",
      "uri": "hl7.org/fhir/r4",
      "name": "FHIR"
    },
    {
      "identity": "rim",
      "uri": "http://hl7.org/v3",
      "name": "RIM Mapping"
    }
  ],
  "kind": "logical",
  "abstract": false,
  "type": "Immunization",
  "baseDefinition": "http://iso.org/fhir/ts-5384/StructureDefinition/Immunization",
  "derivation": "constraint",
  "snapshot": {
    "element": [
      {
        "id": "Immunization",
        "path": "Immunization",
        "short": "Immunization",
        "definition": "Immunization",
        "min": 1,
        "max": "1",
        "base": {
          "path": "Element",
          "min": 0,
          "max": "*"
        },
        "condition": [
          "ele-1"
        ],
        "constraint": [
          {
            "key": "ele-1",
            "severity": "error",
            "human": "All FHIR elements must have a @value or children",
            "expression": "hasValue() or (children().count() > id.count())",
            "xpath": "@value|f:*|h:div",
            "source": "http://hl7.org/fhir/StructureDefinition/Element"
          }
        ],
        "isModifier": false,
        "mapping": [
          {
            "identity": "rim",
            "map": "n/a"
          }
        ]
      },
      {
        "id": "Immunization.id",
        "path": "Immunization.id",
        "representation": [
          "xmlAttr"
        ],
        "short": "Unique id for inter-element referencing",
        "definition": "Unique id for the element within a resource (for internal references). This may be any string value that does not contain spaces.",
        "min": 0,
        "max": "1",
        "base": {
          "path": "Element.id",
          "min": 0,
          "max": "1"
        },
        "type": [
          {
            "extension": [
              {
                "url": "http://hl7.org/fhir/StructureDefinition/structuredefinition-fhir-type",
                "valueUrl": "string"
              }
            ],
            "code": "http://hl7.org/fhirpath/System.String"
          }
        ],
        "isModifier": false,
        "isSummary": false,
        "mapping": [
          {
            "identity": "rim",
            "map": "n/a"
          }
        ]
      },
      {
        "id": "Immunization.extension",
        "path": "Immunization.extension",
        "slicing": {
          "discriminator": [
            {
              "type": "value",
              "path": "url"
            }
          ],
          "description": "Extensions are always sliced by (at least) url",
          "rules": "open"
        },
        "short": "Additional content defined by implementations",
        "definition": "May be used to represent additional information that is not part of the basic definition of the element. To make the use of extensions safe and manageable, there is a strict set of governance  applied to the definition and use of extensions. Though any implementer can define an extension, there is a set of requirements that SHALL be met as part of the definition of the extension.",
        "comment": "There can be no stigma associated with the use of extensions by any application, project, or standard - regardless of the institution or jurisdiction that uses or defines the extensions.  The use of extensions is what allows the FHIR specification to retain a core level of simplicity for everyone.",
        "alias": [
          "extensions",
          "user content"
        ],
        "min": 0,
        "max": "*",
        "base": {
          "path": "Element.extension",
          "min": 0,
          "max": "*"
        },
        "type": [
          {
            "code": "Extension"
          }
        ],
        "constraint": [
          {
            "key": "ele-1",
            "severity": "error",
            "human": "All FHIR elements must have a @value or children",
            "expression": "hasValue() or (children().count() > id.count())",
            "xpath": "@value|f:*|h:div",
            "source": "http://hl7.org/fhir/StructureDefinition/Element"
          },
          {
            "key": "ext-1",
            "severity": "error",
            "human": "Must have either extensions or value[x], not both",
            "expression": "extension.exists() != value.exists()",
            "xpath": "exists(f:extension)!=exists(f:*[starts-with(local-name(.), \"value\")])",
            "source": "http://hl7.org/fhir/StructureDefinition/Extension"
          }
        ],
        "isModifier": false,
        "isSummary": false,
        "mapping": [
          {
            "identity": "rim",
            "map": "n/a"
          }
        ]
      },
      {
        "id": "Immunization.recorded",
        "path": "Immunization.recorded",
        "short": "Recorded Date",
        "definition": "When the immunization was first captured in the subject's record",
        "min": 0,
        "max": "1",
        "base": {
          "path": "Immunization.recorded",
          "min": 0,
          "max": "1"
        },
        "type": [
          {
            "code": "dateTime"
          }
        ],
        "mapping": [
          {
            "identity": "fhir",
            "map": "Immunization.recorded",
            "comment": "note"
          }
        ]
      },
      {
        "id": "Immunization.source",
        "path": "Immunization.source",
        "short": "[R] Immunization Reporting Source",
        "definition": "Source of information regarding the reported immunization event.\nConfidence in the accuracy of the immunization record is dependant on the source:  e.g., subject / parent documented; provider documented.  This is important in reviewing the subject history and the risk / benefit decision whether it is necessary to re-vaccinate a subject.",
        "min": 1,
        "max": "*",
        "base": {
          "path": "Immunization.source",
          "min": 0,
          "max": "*"
        },
        "type": [
          {
            "code": "BackboneElement"
          }
        ]
      },
      {
        "id": "Immunization.status",
        "path": "Immunization.status",
        "short": "Immunization Administration Status",
        "definition": "Provides the status of the immunization event, i.e., was the vaccine dose administered?\nMetadata needed for an interoperability message. Not required at user interface.",
        "min": 0,
        "max": "1",
        "base": {
          "path": "Immunization.status",
          "min": 0,
          "max": "1"
        },
        "type": [
          {
            "code": "CodeableConcept"
          }
        ],
        "mapping": [
          {
            "identity": "fhir",
            "map": "Immunization.status"
          }
        ]
      },
      {
        "id": "Immunization.reasonNotGiven",
        "path": "Immunization.reasonNotGiven",
        "short": "Reason not done",
        "definition": "Indicates the reason the immunization event was not performed.",
        "min": 0,
        "max": "*",
        "base": {
          "path": "Immunization.reasonNotGiven",
          "min": 0,
          "max": "*"
        },
        "type": [
          {
            "code": "CodeableConcept"
          }
        ],
        "mapping": [
          {
            "identity": "fhir",
            "map": "Immunization.statusReason"
          }
        ]
      },
      {
        "id": "Immunization.indication",
        "path": "Immunization.indication",
        "short": "Why immunization occurred",
        "definition": "Indicates the reason the immunization event was performed.",
        "min": 0,
        "max": "*",
        "base": {
          "path": "Immunization.indication",
          "min": 0,
          "max": "*"
        },
        "type": [
          {
            "code": "CodeableConcept"
          }
        ],
        "mapping": [
          {
            "identity": "fhir",
            "map": "Immunization.reasonCode"
          }
        ]
      },
      {
        "id": "Immunization.targetDisease",
        "path": "Immunization.targetDisease",
        "short": "[R] Vaccine Preventable Disease",
        "definition": "The disease that the vaccination provides protection against.\nThe values used with this data element should be clear and understandable by health care workers and immunized persons.  Examples -COVID-19, Shingles, Hepatitis B.\nThe disease can be derived or inferred from the Immunizing Agent and/or Medicinal Immunizing Product, therefore optional",
        "min": 1,
        "max": "*",
        "base": {
          "path": "Immunization.targetDisease",
          "min": 0,
          "max": "*"
        },
        "type": [
          {
            "code": "CodeableConcept"
          }
        ],
        "mapping": [
          {
            "identity": "fhir",
            "map": "Immunization.protocolApplied.targetDisease"
          }
        ]
      },
      {
        "id": "Immunization.immunizingAgent",
        "path": "Immunization.immunizingAgent",
        "short": "[M] Generic immunizing Agent (Vaccine type, prophylaxis)",
        "definition": "Generic representation of the formulation administered to a subject that includes one or more specific antigen(s) aimed at developing an immune response in an individual to provide protection from a vaccine preventable disease(s). \nThe values to support this data element include both active immunizing agents/ vaccines (e.g. Hepatitis A +B Vaccine), and passive immunizing agents, (e.g., Rabies Immunoglobulin).   The values may be high level (COVID 19 Vaccine) or more detailed (COVID-19 mRNA Vaccine)\nThis data element is required when the trade name is not known (such as a recording of an immunizing event that took place in the past) Because the Immunizing Agent can be derived from Medicinal Immunizing Product it is optional IF the Administrable Immunizing Agent is provided.",
        "min": 1,
        "max": "*",
        "base": {
          "path": "Immunization.immunizingAgent",
          "min": 0,
          "max": "*"
        },
        "type": [
          {
            "code": "CodeableConcept"
          }
        ],
        "mustSupport": true,
        "mapping": [
          {
            "identity": "fhir",
            "map": "Immunization.vaccineCode"
          }
        ]
      },
      {
        "id": "Immunization.subject",
        "path": "Immunization.subject",
        "short": "[R] Subject",
        "definition": "Person that have or should have been vaccinated",
        "min": 1,
        "max": "1",
        "base": {
          "path": "Immunization.subject",
          "min": 0,
          "max": "1"
        },
        "type": [
          {
            "code": "http://iso.org/fhir/ts-5384/StructureDefinition/Subject-uc1"
          }
        ],
        "mustSupport": true,
        "mapping": [
          {
            "identity": "fhir",
            "map": "Immunization.patient"
          }
        ]
      },
      {
        "id": "Immunization.product",
        "path": "Immunization.product",
        "short": "[R] Medicinal Immunizing Product",
        "definition": "A manufactured product that is a representation of a brand specific Immunizing Agent authorized for use in a jurisdiction.  \nThe values to support this data element include both active immunizing agents/ vaccines (e.g., Hepatitis A +B Vaccine, and passive immunizing agents, (e.g., Rabies Immunoglobulin). \nThe values may include ONLY the trade name of the product or a complete description of the product that may include the immunizing agent+dose form+trade name (or other attributes to distinguish the product.",
        "min": 1,
        "max": "*",
        "base": {
          "path": "Immunization.product",
          "min": 0,
          "max": "*"
        },
        "type": [
          {
            "code": "http://iso.org/fhir/ts-5384/StructureDefinition/Product-uc1"
          }
        ],
        "mustSupport": true,
        "mapping": [
          {
            "identity": "fhir",
            "map": "Immunization.vaccineCode"
          }
        ]
      },
      {
        "id": "Immunization.administration",
        "path": "Immunization.administration",
        "short": "[RK] Immunization Administration",
        "definition": "Immunization Administration",
        "min": 0,
        "max": "1",
        "base": {
          "path": "Immunization.administration",
          "min": 0,
          "max": "1"
        },
        "type": [
          {
            "code": "BackboneElement"
          }
        ],
        "mustSupport": true,
        "mapping": [
          {
            "identity": "fhir",
            "map": "Immunization"
          }
        ]
      },
      {
        "id": "Immunization.administration.date",
        "path": "Immunization.administration.date",
        "short": "[RK] Date of Immunization Administration",
        "definition": "The date the Medicinal Immunizing Product was administered to the person.",
        "min": 0,
        "max": "1",
        "base": {
          "path": "Immunization.administration.date",
          "min": 0,
          "max": "1"
        },
        "type": [
          {
            "code": "BackboneElement"
          }
        ],
        "mustSupport": true
      },
      {
        "id": "Immunization.administration.date.value",
        "path": "Immunization.administration.date.value",
        "short": "[RK] Date of Immunization Administration",
        "definition": "The date the immunization was administered to the person. \nUsed to assess whether the subject is protected against a particular disease. \nJurisdictions may have different business rules for dealing with partial or estimated dates when complete dates are not known.",
        "min": 0,
        "max": "1",
        "base": {
          "path": "Immunization.administration.date.value",
          "min": 0,
          "max": "1"
        },
        "type": [
          {
            "code": "dateTime"
          }
        ],
        "mustSupport": true,
        "mapping": [
          {
            "identity": "fhir",
            "map": "Immunization.occurrenceDateTime"
          }
        ]
      },
      {
        "id": "Immunization.administration.date.estimated",
        "path": "Immunization.administration.date.estimated",
        "short": "[RK] Estimated Date Flag",
        "definition": "A flag to indicate the Date of Immunization Administration was estimated.   \nTo be used in conjunction with the Date of Immunization Administration data element to indicate that an estimated date was recorded for an immunization event as part of the subject history.",
        "min": 0,
        "max": "1",
        "base": {
          "path": "Immunization.administration.date.estimated",
          "min": 0,
          "max": "1"
        },
        "type": [
          {
            "code": "BackboneElement"
          }
        ],
        "mustSupport": true
      },
      {
        "id": "Immunization.administration.dosage",
        "path": "Immunization.administration.dosage",
        "short": "Quantity administered",
        "definition": "Quantity of the dose administered; (e.g., influenza dose is 0.25 or 0.5).",
        "min": 0,
        "max": "*",
        "base": {
          "path": "Immunization.administration.dosage",
          "min": 0,
          "max": "*"
        },
        "type": [
          {
            "code": "Quantity"
          }
        ],
        "mapping": [
          {
            "identity": "fhir",
            "map": "Immunization.doseQuantity"
          }
        ]
      },
      {
        "id": "Immunization.administration.routeOfAdministration",
        "path": "Immunization.administration.routeOfAdministration",
        "short": "Immunization Route of Administration",
        "definition": "Route by which the Medicinal Immunizing Product was administered to the body.\nAssists with management reporting such as adverse event management (e.g., was the correct route of administration used).  (intramuscular injection, subcutaneous injection, oral, etc.).",
        "min": 0,
        "max": "1",
        "base": {
          "path": "Immunization.administration.routeOfAdministration",
          "min": 0,
          "max": "1"
        },
        "type": [
          {
            "code": "CodeableConcept"
          }
        ],
        "mapping": [
          {
            "identity": "fhir",
            "map": "Immunization.route"
          }
        ]
      },
      {
        "id": "Immunization.administration.site",
        "path": "Immunization.administration.site",
        "short": "[RK] Immunization Anatomical Site",
        "definition": "The body location to or through which a Medicinal Immunizing Product was administered.\nIt is important to record where the Medicinal Immunizing Product was delivered to the body in the event of a reported local reaction to a vaccine.  When multiple agents are administered to multiple sites on the body, anatomical site helps determine which vaccine may have been responsible.",
        "min": 0,
        "max": "1",
        "base": {
          "path": "Immunization.administration.site",
          "min": 0,
          "max": "1"
        },
        "type": [
          {
            "code": "CodeableConcept"
          }
        ],
        "mustSupport": true,
        "mapping": [
          {
            "identity": "fhir",
            "map": "Immunization.site"
          }
        ]
      },
      {
        "id": "Immunization.administration.performer",
        "path": "Immunization.administration.performer",
        "short": "[RK] Health Care Worker Responsible for Immunization Administration",
        "definition": "The person who is medically responsible for the decision to administer an immunization product.",
        "min": 0,
        "max": "1",
        "base": {
          "path": "Immunization.administration.performer",
          "min": 0,
          "max": "1"
        },
        "type": [
          {
            "code": "http://iso.org/fhir/ts-5384/StructureDefinition/HealthProfessional"
          }
        ],
        "mustSupport": true,
        "mapping": [
          {
            "identity": "fhir",
            "map": "Immunization.performer"
          }
        ]
      },
      {
        "id": "Immunization.administration.administrationCenter",
        "path": "Immunization.administration.administrationCenter",
        "short": "Organization responsible for Immunization Administration",
        "definition": "The health authority responsible for the immunization event.",
        "min": 0,
        "max": "1",
        "base": {
          "path": "Immunization.administration.administrationCenter",
          "min": 0,
          "max": "1"
        },
        "type": [
          {
            "code": "http://iso.org/fhir/ts-5384/StructureDefinition/SimpleOrganization"
          }
        ],
        "mapping": [
          {
            "identity": "fhir",
            "map": "Immunization.performer"
          }
        ]
      },
      {
        "id": "Immunization.administration.location",
        "path": "Immunization.administration.location",
        "short": "Location of Immunization Administration",
        "definition": "The location where the immunization occurred is a further specification of the Organization responsible for Immunization Administration.",
        "min": 0,
        "max": "1",
        "base": {
          "path": "Immunization.administration.location",
          "min": 0,
          "max": "1"
        },
        "type": [
          {
            "code": "Location"
          }
        ],
        "mapping": [
          {
            "identity": "fhir",
            "map": "Immunization.location"
          }
        ]
      },
      {
        "id": "Immunization.administration.country",
        "path": "Immunization.administration.country",
        "short": "[R] Country of Immunization",
        "definition": "The country in which the individual has been immunized person.",
        "min": 1,
        "max": "1",
        "base": {
          "path": "Immunization.administration.country",
          "min": 0,
          "max": "1"
        },
        "type": [
          {
            "code": "CodeableConcept"
          }
        ],
        "mapping": [
          {
            "identity": "fhir",
            "map": "Immunization.location"
          },
          {
            "identity": "fhir",
            "map": "Location.address.country"
          }
        ]
      },
      {
        "id": "Immunization.protocol",
        "path": "Immunization.protocol",
        "short": "[R] Protocol applied",
        "definition": "The protocol (set of recommendations) being followed by the provider who administered the dose.",
        "min": 1,
        "max": "1",
        "base": {
          "path": "Immunization.protocol",
          "min": 0,
          "max": "1"
        },
        "type": [
          {
            "code": "BackboneElement"
          }
        ],
        "mapping": [
          {
            "identity": "fhir",
            "map": "Immunization.protocolApplied"
          }
        ]
      },
      {
        "id": "Immunization.protocol.doseNumber",
        "path": "Immunization.protocol.doseNumber",
        "short": "[R] Dose Number",
        "definition": "Dose Number",
        "min": 1,
        "max": "1",
        "base": {
          "path": "Immunization.protocol.doseNumber",
          "min": 0,
          "max": "1"
        },
        "type": [
          {
            "code": "integer"
          }
        ],
        "mapping": [
          {
            "identity": "fhir",
            "map": "Immunization.protocolApplied.doseNumber[x]"
          }
        ]
      },
      {
        "id": "Immunization.protocol.seriesDoseNumber",
        "path": "Immunization.protocol.seriesDoseNumber",
        "short": "Series Dose Number",
        "definition": "Series Dose Number",
        "min": 0,
        "max": "1",
        "base": {
          "path": "Immunization.protocol.seriesDoseNumber",
          "min": 0,
          "max": "1"
        },
        "type": [
          {
            "code": "integer"
          }
        ],
        "mapping": [
          {
            "identity": "fhir",
            "map": "Immunization.protocolApplied.seriesDoses[x]"
          }
        ]
      },
      {
        "id": "Immunization.reaction",
        "path": "Immunization.reaction",
        "short": "[R] Adverse Reaction",
        "definition": "Adverse Reaction",
        "min": 1,
        "max": "*",
        "base": {
          "path": "Immunization.reaction",
          "min": 0,
          "max": "*"
        },
        "type": [
          {
            "code": "BackboneElement"
          }
        ],
        "mapping": [
          {
            "identity": "fhir",
            "map": "Immunization.reaction"
          }
        ]
      },
      {
        "id": "Immunization.reaction.reported",
        "path": "Immunization.reaction.reported",
        "short": "[R] Adverse Reaction Following Immunization",
        "definition": "A flag to identify an adverse reaction was reported following administration of a Medicinal Immunizing Product. \nUsed as a signal to practitioners that an adverse reaction was reported in relation to a particular immunization event. This field can also prompt the practitioner to send an Adverse Event report if an adverse reaction occurs in the office shortly after immunization or is reported at a future visit.",
        "min": 1,
        "max": "1",
        "base": {
          "path": "Immunization.reaction.reported",
          "min": 0,
          "max": "1"
        },
        "type": [
          {
            "code": "boolean"
          }
        ],
        "mapping": [
          {
            "identity": "fhir",
            "map": "Immunization.reaction.reported"
          }
        ]
      },
      {
        "id": "Immunization.reaction.date",
        "path": "Immunization.reaction.date",
        "short": "[R] Adverse Reaction date",
        "definition": "The date the Adverse Reaction Following Immunization occurred.\nNot to be confused with the date the reaction was reported",
        "min": 1,
        "max": "1",
        "base": {
          "path": "Immunization.reaction.date",
          "min": 0,
          "max": "1"
        },
        "type": [
          {
            "code": "dateTime"
          }
        ],
        "mapping": [
          {
            "identity": "fhir",
            "map": "Immunization.reaction.date"
          }
        ]
      },
      {
        "id": "Immunization.reaction.manifestation",
        "path": "Immunization.reaction.manifestation",
        "short": "[R] Adverse Reaction manifestation",
        "definition": "Indicates the specific type of Adverse Reaction Following Immunization that occurred. \nExample: Rash, Hives",
        "min": 1,
        "max": "1",
        "base": {
          "path": "Immunization.reaction.manifestation",
          "min": 0,
          "max": "1"
        },
        "type": [
          {
            "code": "BackboneElement"
          }
        ],
        "mapping": [
          {
            "identity": "fhir",
            "map": "Immunization.reaction.detail"
          }
        ]
      },
      {
        "id": "Immunization.forecast",
        "path": "Immunization.forecast",
        "short": "[NR] Subject's immunization forecast",
        "definition": "Subject's immunization forecast",
        "min": 0,
        "max": "0",
        "base": {
          "path": "Immunization.forecast",
          "min": 0,
          "max": "1"
        },
        "type": [
          {
            "code": "http://iso.org/fhir/ts-5384/StructureDefinition/Forecast"
          }
        ],
        "mapping": [
          {
            "identity": "fhir",
            "map": "ImmunizationRecommendation"
          }
        ]
      },
      {
        "id": "Immunization.notes",
        "path": "Immunization.notes",
        "short": "Additional information relevant to the immunization record.",
        "definition": "The note is specific to the immunization event, agent or antigen.",
        "min": 0,
        "max": "1",
        "base": {
          "path": "Immunization.notes",
          "min": 0,
          "max": "1"
        },
        "type": [
          {
            "code": "markdown"
          }
        ],
        "mapping": [
          {
            "identity": "fhir",
            "map": "Immunization.note"
          }
        ]
      }
    ]
  },
  "differential": {
    "element": [
      {
        "id": "Immunization",
        "path": "Immunization"
      },
      {
        "id": "Immunization.source",
        "path": "Immunization.source",
        "short": "[R] Immunization Reporting Source",
        "min": 1,
        "max": "*",
        "type": [
          {
            "code": "BackboneElement"
          }
        ]
      },
      {
        "id": "Immunization.targetDisease",
        "path": "Immunization.targetDisease",
        "short": "[R] Vaccine Preventable Disease",
        "min": 1,
        "max": "*"
      },
      {
        "id": "Immunization.immunizingAgent",
        "path": "Immunization.immunizingAgent",
        "short": "[M] Generic immunizing Agent (Vaccine type, prophylaxis)",
        "min": 1,
        "max": "*",
        "mustSupport": true
      },
      {
        "id": "Immunization.subject",
        "path": "Immunization.subject",
        "short": "[R] Subject",
        "min": 1,
        "max": "1",
        "type": [
          {
            "code": "http://iso.org/fhir/ts-5384/StructureDefinition/Subject-uc1"
          }
        ],
        "mustSupport": true
      },
      {
        "id": "Immunization.product",
        "path": "Immunization.product",
        "short": "[R] Medicinal Immunizing Product",
        "min": 1,
        "max": "*",
        "type": [
          {
            "code": "http://iso.org/fhir/ts-5384/StructureDefinition/Product-uc1"
          }
        ],
        "mustSupport": true
      },
      {
        "id": "Immunization.administration",
        "path": "Immunization.administration",
        "short": "[RK] Immunization Administration",
        "mustSupport": true
      },
      {
        "id": "Immunization.administration.date",
        "path": "Immunization.administration.date",
        "short": "[RK] Date of Immunization Administration",
        "mustSupport": true
      },
      {
        "id": "Immunization.administration.date.value",
        "path": "Immunization.administration.date.value",
        "short": "[RK] Date of Immunization Administration",
        "mustSupport": true
      },
      {
        "id": "Immunization.administration.date.estimated",
        "path": "Immunization.administration.date.estimated",
        "short": "[RK] Estimated Date Flag",
        "mustSupport": true
      },
      {
        "id": "Immunization.administration.site",
        "path": "Immunization.administration.site",
        "short": "[RK] Immunization Anatomical Site",
        "mustSupport": true
      },
      {
        "id": "Immunization.administration.performer",
        "path": "Immunization.administration.performer",
        "short": "[RK] Health Care Worker Responsible for Immunization Administration",
        "mustSupport": true
      },
      {
        "id": "Immunization.administration.country",
        "path": "Immunization.administration.country",
        "short": "[R] Country of Immunization",
        "min": 1,
        "max": "1"
      },
      {
        "id": "Immunization.protocol",
        "path": "Immunization.protocol",
        "short": "[R] Protocol applied",
        "min": 1,
        "max": "1"
      },
      {
        "id": "Immunization.protocol.doseNumber",
        "path": "Immunization.protocol.doseNumber",
        "short": "[R] Dose Number",
        "min": 1,
        "max": "1"
      },
      {
        "id": "Immunization.reaction",
        "path": "Immunization.reaction",
        "short": "[R] Adverse Reaction",
        "min": 1,
        "max": "*"
      },
      {
        "id": "Immunization.reaction.reported",
        "path": "Immunization.reaction.reported",
        "short": "[R] Adverse Reaction Following Immunization",
        "min": 1,
        "max": "1"
      },
      {
        "id": "Immunization.reaction.date",
        "path": "Immunization.reaction.date",
        "short": "[R] Adverse Reaction date",
        "min": 1,
        "max": "1"
      },
      {
        "id": "Immunization.reaction.manifestation",
        "path": "Immunization.reaction.manifestation",
        "short": "[R] Adverse Reaction manifestation",
        "min": 1,
        "max": "1"
      },
      {
        "id": "Immunization.forecast",
        "path": "Immunization.forecast",
        "short": "[NR] Subject's immunization forecast",
        "min": 0,
        "max": "0"
      }
    ]
  }
}